/*
Navicat MySQL Data Transfer

Source Server         : localhost
Source Server Version : 50527
Source Host           : localhost:3306
Source Database       : ahpproject

Target Server Type    : MYSQL
Target Server Version : 50527
File Encoding         : 65001

Date: 2015-01-18 09:45:04
*/

SET FOREIGN_KEY_CHECKS=0;

-- ----------------------------
-- Table structure for assignments
-- ----------------------------
DROP TABLE IF EXISTS `assignments`;
CREATE TABLE `assignments` (
  `itemname` varchar(64) COLLATE utf8_unicode_ci NOT NULL,
  `userid` varchar(64) COLLATE utf8_unicode_ci NOT NULL,
  `bizrule` text COLLATE utf8_unicode_ci,
  `data` text COLLATE utf8_unicode_ci,
  PRIMARY KEY (`itemname`,`userid`),
  CONSTRAINT `assignments_ibfk_1` FOREIGN KEY (`itemname`) REFERENCES `items` (`name`) ON DELETE CASCADE ON UPDATE CASCADE
) ENGINE=InnoDB DEFAULT CHARSET=utf8 COLLATE=utf8_unicode_ci;

-- ----------------------------
-- Records of assignments
-- ----------------------------
INSERT INTO `assignments` VALUES ('Administrator', '1', '', 's:0:\"\";');
INSERT INTO `assignments` VALUES ('Authory', '2', '', 's:0:\"\";');

-- ----------------------------
-- Table structure for dashboard_page
-- ----------------------------
DROP TABLE IF EXISTS `dashboard_page`;
CREATE TABLE `dashboard_page` (
  `id` int(10) unsigned NOT NULL AUTO_INCREMENT,
  `user_id` int(10) unsigned NOT NULL,
  `title` varchar(1000) DEFAULT NULL,
  `path` varchar(1000) DEFAULT NULL,
  `weight` int(10) unsigned DEFAULT NULL,
  PRIMARY KEY (`id`)
) ENGINE=MyISAM DEFAULT CHARSET=utf8;

-- ----------------------------
-- Records of dashboard_page
-- ----------------------------

-- ----------------------------
-- Table structure for dashboard_portlet
-- ----------------------------
DROP TABLE IF EXISTS `dashboard_portlet`;
CREATE TABLE `dashboard_portlet` (
  `id` int(10) unsigned NOT NULL AUTO_INCREMENT,
  `dashboard` int(10) unsigned NOT NULL,
  `uid` int(10) unsigned DEFAULT NULL,
  `settings` text,
  PRIMARY KEY (`id`)
) ENGINE=MyISAM AUTO_INCREMENT=242 DEFAULT CHARSET=utf8;

-- ----------------------------
-- Records of dashboard_portlet
-- ----------------------------
INSERT INTO `dashboard_portlet` VALUES ('241', '0', '1', 'a:6:{s:4:\"Apps\";a:4:{s:6:\"column\";i:0;s:6:\"weight\";i:0;s:7:\"portlet\";s:4:\"Apps\";s:7:\"visible\";b:1;}s:6:\"Videos\";a:4:{s:6:\"column\";i:0;s:6:\"weight\";i:1;s:7:\"portlet\";s:6:\"Videos\";s:7:\"visible\";b:1;}s:6:\"Forums\";a:4:{s:6:\"column\";i:1;s:6:\"weight\";i:0;s:7:\"portlet\";s:6:\"Forums\";s:7:\"visible\";b:1;}s:7:\"Friends\";a:4:{s:6:\"column\";i:1;s:6:\"weight\";i:1;s:7:\"portlet\";s:7:\"Friends\";s:7:\"visible\";b:1;}s:5:\"Blogs\";a:4:{s:6:\"column\";i:2;s:6:\"weight\";i:0;s:7:\"portlet\";s:5:\"Blogs\";s:7:\"visible\";b:1;}s:5:\"PNews\";a:4:{s:6:\"column\";i:3;s:6:\"weight\";i:0;s:7:\"portlet\";s:5:\"PNews\";s:7:\"visible\";b:1;}}');
INSERT INTO `dashboard_portlet` VALUES ('29', '0', '2', 'a:6:{s:5:\"PNews\";a:4:{s:6:\"column\";i:0;s:6:\"weight\";i:0;s:7:\"portlet\";s:5:\"PNews\";s:7:\"visible\";b:1;}s:6:\"Forums\";a:4:{s:6:\"column\";i:0;s:6:\"weight\";i:1;s:7:\"portlet\";s:6:\"Forums\";s:7:\"visible\";b:1;}s:6:\"Videos\";a:4:{s:6:\"column\";i:0;s:6:\"weight\";i:2;s:7:\"portlet\";s:6:\"Videos\";s:7:\"visible\";b:1;}s:5:\"Blogs\";a:4:{s:6:\"column\";i:0;s:6:\"weight\";i:3;s:7:\"portlet\";s:5:\"Blogs\";s:7:\"visible\";b:1;}s:7:\"Friends\";a:4:{s:6:\"column\";i:0;s:6:\"weight\";i:4;s:7:\"portlet\";s:7:\"Friends\";s:7:\"visible\";b:1;}s:4:\"Apps\";a:4:{s:6:\"column\";i:1;s:6:\"weight\";i:0;s:7:\"portlet\";s:4:\"Apps\";s:7:\"visible\";b:1;}}');

-- ----------------------------
-- Table structure for itemchildren
-- ----------------------------
DROP TABLE IF EXISTS `itemchildren`;
CREATE TABLE `itemchildren` (
  `parent` varchar(64) COLLATE utf8_unicode_ci NOT NULL,
  `child` varchar(64) COLLATE utf8_unicode_ci NOT NULL,
  PRIMARY KEY (`parent`,`child`),
  KEY `child` (`child`),
  CONSTRAINT `itemchildren_ibfk_1` FOREIGN KEY (`parent`) REFERENCES `items` (`name`) ON DELETE CASCADE ON UPDATE CASCADE,
  CONSTRAINT `itemchildren_ibfk_2` FOREIGN KEY (`child`) REFERENCES `items` (`name`) ON DELETE CASCADE ON UPDATE CASCADE
) ENGINE=InnoDB DEFAULT CHARSET=utf8 COLLATE=utf8_unicode_ci;

-- ----------------------------
-- Records of itemchildren
-- ----------------------------
INSERT INTO `itemchildren` VALUES ('Administrator', 'AdministratorTask');
INSERT INTO `itemchildren` VALUES ('Authory', 'AuthoryTask');
INSERT INTO `itemchildren` VALUES ('AdministratorTask', 'banners@BannerAdmin');
INSERT INTO `itemchildren` VALUES ('AdministratorTask', 'banners@BannerCreate');
INSERT INTO `itemchildren` VALUES ('AdministratorTask', 'banners@BannerDelete');
INSERT INTO `itemchildren` VALUES ('AdministratorTask', 'banners@BannerDelMulti');
INSERT INTO `itemchildren` VALUES ('AdministratorTask', 'banners@BannerIndex');
INSERT INTO `itemchildren` VALUES ('AdministratorTask', 'banners@BannerUpdate');
INSERT INTO `itemchildren` VALUES ('AdministratorTask', 'banners@BannerView');
INSERT INTO `itemchildren` VALUES ('AdministratorTask', 'banners@CustomersAdmin');
INSERT INTO `itemchildren` VALUES ('AdministratorTask', 'banners@CustomersCreate');
INSERT INTO `itemchildren` VALUES ('AdministratorTask', 'banners@CustomersDelete');
INSERT INTO `itemchildren` VALUES ('AdministratorTask', 'banners@CustomersDelMulti');
INSERT INTO `itemchildren` VALUES ('AdministratorTask', 'banners@CustomersIndex');
INSERT INTO `itemchildren` VALUES ('AdministratorTask', 'banners@CustomersToggle');
INSERT INTO `itemchildren` VALUES ('AdministratorTask', 'banners@CustomersUpdate');
INSERT INTO `itemchildren` VALUES ('AdministratorTask', 'banners@CustomersView');
INSERT INTO `itemchildren` VALUES ('AdministratorTask', 'blog@PostAdmin');
INSERT INTO `itemchildren` VALUES ('AdministratorTask', 'blog@PostCreate');
INSERT INTO `itemchildren` VALUES ('AdministratorTask', 'blog@PostDelete');
INSERT INTO `itemchildren` VALUES ('AdministratorTask', 'blog@PostIndex');
INSERT INTO `itemchildren` VALUES ('AdministratorTask', 'blog@PostUpdate');
INSERT INTO `itemchildren` VALUES ('AdministratorTask', 'blog@PostView');
INSERT INTO `itemchildren` VALUES ('AdministratorTask', 'blog@TopicAdmin');
INSERT INTO `itemchildren` VALUES ('AdministratorTask', 'blog@TopicCreate');
INSERT INTO `itemchildren` VALUES ('AdministratorTask', 'blog@TopicDelete');
INSERT INTO `itemchildren` VALUES ('AdministratorTask', 'blog@TopicIndex');
INSERT INTO `itemchildren` VALUES ('AdministratorTask', 'blog@TopicUpdate');
INSERT INTO `itemchildren` VALUES ('AdministratorTask', 'blog@TopicView');
INSERT INTO `itemchildren` VALUES ('AdministratorTask', 'comment@ManageAdmin');
INSERT INTO `itemchildren` VALUES ('AdministratorTask', 'comment@ManageCreate');
INSERT INTO `itemchildren` VALUES ('AdministratorTask', 'comment@ManageDelete');
INSERT INTO `itemchildren` VALUES ('AdministratorTask', 'comment@ManageDelMulti');
INSERT INTO `itemchildren` VALUES ('AdministratorTask', 'comment@ManageIndex');
INSERT INTO `itemchildren` VALUES ('AdministratorTask', 'comment@ManageUpdate');
INSERT INTO `itemchildren` VALUES ('AdministratorTask', 'comment@ManageView');
INSERT INTO `itemchildren` VALUES ('AdministratorTask', 'contact@ContactAdmin');
INSERT INTO `itemchildren` VALUES ('AdministratorTask', 'contact@ContactCreate');
INSERT INTO `itemchildren` VALUES ('AdministratorTask', 'contact@ContactDelete');
INSERT INTO `itemchildren` VALUES ('AdministratorTask', 'contact@ContactIndex');
INSERT INTO `itemchildren` VALUES ('AdministratorTask', 'contact@ContactUpdate');
INSERT INTO `itemchildren` VALUES ('AdministratorTask', 'contact@ContactView');
INSERT INTO `itemchildren` VALUES ('AdministratorTask', 'dashboard@DefaultIndex');
INSERT INTO `itemchildren` VALUES ('AuthoryTask', 'dashboard@DefaultIndex');
INSERT INTO `itemchildren` VALUES ('AdministratorTask', 'dashboard@DefaultRefresh');
INSERT INTO `itemchildren` VALUES ('AdministratorTask', 'dashboard@DefaultSave');
INSERT INTO `itemchildren` VALUES ('AdministratorTask', 'dev@DefaultIndex');
INSERT INTO `itemchildren` VALUES ('AdministratorTask', 'dev@XuploadForm');
INSERT INTO `itemchildren` VALUES ('AdministratorTask', 'dev@XuploadUpload');
INSERT INTO `itemchildren` VALUES ('AdministratorTask', 'files@FilesAdmin');
INSERT INTO `itemchildren` VALUES ('AdministratorTask', 'files@FilesCreate');
INSERT INTO `itemchildren` VALUES ('AdministratorTask', 'files@FilesDelete');
INSERT INTO `itemchildren` VALUES ('AdministratorTask', 'files@FilesGetFile');
INSERT INTO `itemchildren` VALUES ('AdministratorTask', 'files@FilesIndex');
INSERT INTO `itemchildren` VALUES ('AdministratorTask', 'files@FilesListAjax');
INSERT INTO `itemchildren` VALUES ('AdministratorTask', 'files@FilesRemoveFile');
INSERT INTO `itemchildren` VALUES ('AdministratorTask', 'files@FilesUpdate');
INSERT INTO `itemchildren` VALUES ('AdministratorTask', 'files@FilesView');
INSERT INTO `itemchildren` VALUES ('AdministratorTask', 'gallery@GalleryCategoryAdmin');
INSERT INTO `itemchildren` VALUES ('AdministratorTask', 'gallery@GalleryCategoryCreate');
INSERT INTO `itemchildren` VALUES ('AdministratorTask', 'gallery@GalleryCategoryDelete');
INSERT INTO `itemchildren` VALUES ('AdministratorTask', 'gallery@GalleryCategoryIndex');
INSERT INTO `itemchildren` VALUES ('AdministratorTask', 'gallery@GalleryCategoryUpdate');
INSERT INTO `itemchildren` VALUES ('AdministratorTask', 'gallery@GalleryCategoryView');
INSERT INTO `itemchildren` VALUES ('AdministratorTask', 'gallery@GalleryItemsAdmin');
INSERT INTO `itemchildren` VALUES ('AdministratorTask', 'gallery@GalleryItemsCreate');
INSERT INTO `itemchildren` VALUES ('AdministratorTask', 'gallery@GalleryItemsDelete');
INSERT INTO `itemchildren` VALUES ('AdministratorTask', 'gallery@GalleryItemsDelMulti');
INSERT INTO `itemchildren` VALUES ('AdministratorTask', 'gallery@GalleryItemsIndex');
INSERT INTO `itemchildren` VALUES ('AdministratorTask', 'gallery@GalleryItemsUpdate');
INSERT INTO `itemchildren` VALUES ('AdministratorTask', 'gallery@GalleryItemsView');
INSERT INTO `itemchildren` VALUES ('AdministratorTask', 'infosys@MainAuthor');
INSERT INTO `itemchildren` VALUES ('AdministratorTask', 'infosys@MainIndex');
INSERT INTO `itemchildren` VALUES ('AdministratorTask', 'media@DefaultIndex');
INSERT INTO `itemchildren` VALUES ('AdministratorTask', 'media@ManageIndex');
INSERT INTO `itemchildren` VALUES ('AdministratorTask', 'menu@DataNewsGetNews');
INSERT INTO `itemchildren` VALUES ('AdministratorTask', 'menu@DataNewsList');
INSERT INTO `itemchildren` VALUES ('AdministratorTask', 'menu@DataPageGetPage');
INSERT INTO `itemchildren` VALUES ('AdministratorTask', 'menu@DataPageList');
INSERT INTO `itemchildren` VALUES ('AdministratorTask', 'menu@MenuItemsAdmin');
INSERT INTO `itemchildren` VALUES ('AdministratorTask', 'menu@MenuItemsCreate');
INSERT INTO `itemchildren` VALUES ('AdministratorTask', 'menu@MenuItemsDelete');
INSERT INTO `itemchildren` VALUES ('AdministratorTask', 'menu@MenuItemsgetLayoutType');
INSERT INTO `itemchildren` VALUES ('AdministratorTask', 'menu@MenuItemsIndex');
INSERT INTO `itemchildren` VALUES ('AdministratorTask', 'menu@MenuItemsToggle');
INSERT INTO `itemchildren` VALUES ('AdministratorTask', 'menu@MenuItemsUpdate');
INSERT INTO `itemchildren` VALUES ('AdministratorTask', 'menu@MenuItemsView');
INSERT INTO `itemchildren` VALUES ('AdministratorTask', 'menu@MenusAdmin');
INSERT INTO `itemchildren` VALUES ('AdministratorTask', 'menu@MenusCreate');
INSERT INTO `itemchildren` VALUES ('AdministratorTask', 'menu@MenusDelete');
INSERT INTO `itemchildren` VALUES ('AdministratorTask', 'menu@MenusIndex');
INSERT INTO `itemchildren` VALUES ('AdministratorTask', 'menu@MenusUpdate');
INSERT INTO `itemchildren` VALUES ('AdministratorTask', 'menu@MenusView');
INSERT INTO `itemchildren` VALUES ('AdministratorTask', 'news@CategoriesAdmin');
INSERT INTO `itemchildren` VALUES ('AdministratorTask', 'news@CategoriesCreate');
INSERT INTO `itemchildren` VALUES ('AdministratorTask', 'news@CategoriesDelete');
INSERT INTO `itemchildren` VALUES ('AdministratorTask', 'news@CategoriesIndex');
INSERT INTO `itemchildren` VALUES ('AdministratorTask', 'news@CategoriesToggle');
INSERT INTO `itemchildren` VALUES ('AdministratorTask', 'news@CategoriesUpdate');
INSERT INTO `itemchildren` VALUES ('AdministratorTask', 'news@CategoriesView');
INSERT INTO `itemchildren` VALUES ('AdministratorTask', 'news@ContentImagesAdmin');
INSERT INTO `itemchildren` VALUES ('AdministratorTask', 'news@ContentImagesCreate');
INSERT INTO `itemchildren` VALUES ('AdministratorTask', 'news@ContentImagesDelete');
INSERT INTO `itemchildren` VALUES ('AdministratorTask', 'news@ContentImagesDelMulti');
INSERT INTO `itemchildren` VALUES ('AdministratorTask', 'news@ContentImagesIndex');
INSERT INTO `itemchildren` VALUES ('AdministratorTask', 'news@ContentImagesUpdate');
INSERT INTO `itemchildren` VALUES ('AdministratorTask', 'news@ContentImagesView');
INSERT INTO `itemchildren` VALUES ('AdministratorTask', 'news@NewsAdmin');
INSERT INTO `itemchildren` VALUES ('AdministratorTask', 'news@NewsCreate');
INSERT INTO `itemchildren` VALUES ('AdministratorTask', 'news@NewsDelete');
INSERT INTO `itemchildren` VALUES ('AdministratorTask', 'news@NewsDelimage');
INSERT INTO `itemchildren` VALUES ('AdministratorTask', 'news@NewsDelMulti');
INSERT INTO `itemchildren` VALUES ('AdministratorTask', 'news@NewsIndex');
INSERT INTO `itemchildren` VALUES ('AdministratorTask', 'news@NewsToggle');
INSERT INTO `itemchildren` VALUES ('AdministratorTask', 'news@NewsUpdate');
INSERT INTO `itemchildren` VALUES ('AdministratorTask', 'news@NewsUpload');
INSERT INTO `itemchildren` VALUES ('AdministratorTask', 'news@NewsView');
INSERT INTO `itemchildren` VALUES ('AdministratorTask', 'news@PagesAdmin');
INSERT INTO `itemchildren` VALUES ('AdministratorTask', 'news@PagesCreate');
INSERT INTO `itemchildren` VALUES ('AdministratorTask', 'news@PagesDelete');
INSERT INTO `itemchildren` VALUES ('AdministratorTask', 'news@PagesIndex');
INSERT INTO `itemchildren` VALUES ('AdministratorTask', 'news@PagesToggle');
INSERT INTO `itemchildren` VALUES ('AdministratorTask', 'news@PagesUpdate');
INSERT INTO `itemchildren` VALUES ('AdministratorTask', 'news@PagesView');
INSERT INTO `itemchildren` VALUES ('AdministratorTask', 'polls@PollAdmin');
INSERT INTO `itemchildren` VALUES ('AdministratorTask', 'polls@PollCreate');
INSERT INTO `itemchildren` VALUES ('AdministratorTask', 'polls@PollDelete');
INSERT INTO `itemchildren` VALUES ('AdministratorTask', 'polls@PollExport');
INSERT INTO `itemchildren` VALUES ('AdministratorTask', 'polls@PollIndex');
INSERT INTO `itemchildren` VALUES ('AdministratorTask', 'polls@PollToggle');
INSERT INTO `itemchildren` VALUES ('AdministratorTask', 'polls@PollUpdate');
INSERT INTO `itemchildren` VALUES ('AdministratorTask', 'polls@PollView');
INSERT INTO `itemchildren` VALUES ('AdministratorTask', 'polls@PollVote');
INSERT INTO `itemchildren` VALUES ('AdministratorTask', 'polls@PollvoteDelete');
INSERT INTO `itemchildren` VALUES ('AdministratorTask', 'settings@AdminAdmin');
INSERT INTO `itemchildren` VALUES ('AdministratorTask', 'settings@AdminCreate');
INSERT INTO `itemchildren` VALUES ('AdministratorTask', 'settings@AdminDelete');
INSERT INTO `itemchildren` VALUES ('AdministratorTask', 'settings@AdminIndex');
INSERT INTO `itemchildren` VALUES ('AdministratorTask', 'settings@AdminUpdate');
INSERT INTO `itemchildren` VALUES ('AdministratorTask', 'settings@AdminView');
INSERT INTO `itemchildren` VALUES ('AdministratorTask', 'settings@DefaultIndex');
INSERT INTO `itemchildren` VALUES ('AdministratorTask', 'settings@SystemAdmin');
INSERT INTO `itemchildren` VALUES ('AdministratorTask', 'settings@SystemCreate');
INSERT INTO `itemchildren` VALUES ('AdministratorTask', 'settings@SystemDelete');
INSERT INTO `itemchildren` VALUES ('AdministratorTask', 'settings@SystemIndex');
INSERT INTO `itemchildren` VALUES ('AdministratorTask', 'settings@SystemUpdate');
INSERT INTO `itemchildren` VALUES ('AdministratorTask', 'settings@SystemView');
INSERT INTO `itemchildren` VALUES ('AdministratorTask', 'shop@CategoryAdmin');
INSERT INTO `itemchildren` VALUES ('AdministratorTask', 'shop@CategoryCreate');
INSERT INTO `itemchildren` VALUES ('AdministratorTask', 'shop@CategoryDelete');
INSERT INTO `itemchildren` VALUES ('AdministratorTask', 'shop@CategoryIndex');
INSERT INTO `itemchildren` VALUES ('AdministratorTask', 'shop@CategoryUpdate');
INSERT INTO `itemchildren` VALUES ('AdministratorTask', 'shop@CategoryView');
INSERT INTO `itemchildren` VALUES ('AdministratorTask', 'shop@CustomerAdmin');
INSERT INTO `itemchildren` VALUES ('AdministratorTask', 'shop@CustomerCreate');
INSERT INTO `itemchildren` VALUES ('AdministratorTask', 'shop@CustomerDelete');
INSERT INTO `itemchildren` VALUES ('AdministratorTask', 'shop@CustomerIndex');
INSERT INTO `itemchildren` VALUES ('AdministratorTask', 'shop@CustomerUpdate');
INSERT INTO `itemchildren` VALUES ('AdministratorTask', 'shop@CustomerView');
INSERT INTO `itemchildren` VALUES ('AdministratorTask', 'shop@ImageAdmin');
INSERT INTO `itemchildren` VALUES ('AdministratorTask', 'shop@ImageCreate');
INSERT INTO `itemchildren` VALUES ('AdministratorTask', 'shop@ImageDelete');
INSERT INTO `itemchildren` VALUES ('AdministratorTask', 'shop@ImageIndex');
INSERT INTO `itemchildren` VALUES ('AdministratorTask', 'shop@ImageUpdate');
INSERT INTO `itemchildren` VALUES ('AdministratorTask', 'shop@ImageView');
INSERT INTO `itemchildren` VALUES ('AdministratorTask', 'shop@OrderAdmin');
INSERT INTO `itemchildren` VALUES ('AdministratorTask', 'shop@OrderConfirm');
INSERT INTO `itemchildren` VALUES ('AdministratorTask', 'shop@OrderCreate');
INSERT INTO `itemchildren` VALUES ('AdministratorTask', 'shop@OrderFailure');
INSERT INTO `itemchildren` VALUES ('AdministratorTask', 'shop@OrderInvoice');
INSERT INTO `itemchildren` VALUES ('AdministratorTask', 'shop@OrderSlip');
INSERT INTO `itemchildren` VALUES ('AdministratorTask', 'shop@OrderSuccess');
INSERT INTO `itemchildren` VALUES ('AdministratorTask', 'shop@OrderView');
INSERT INTO `itemchildren` VALUES ('AdministratorTask', 'shop@PaymentMethodAdmin');
INSERT INTO `itemchildren` VALUES ('AdministratorTask', 'shop@PaymentMethodChoose');
INSERT INTO `itemchildren` VALUES ('AdministratorTask', 'shop@PaymentMethodCreate');
INSERT INTO `itemchildren` VALUES ('AdministratorTask', 'shop@PaymentMethodDelete');
INSERT INTO `itemchildren` VALUES ('AdministratorTask', 'shop@PaymentMethodIndex');
INSERT INTO `itemchildren` VALUES ('AdministratorTask', 'shop@PaymentMethodUpdate');
INSERT INTO `itemchildren` VALUES ('AdministratorTask', 'shop@PaymentMethodView');
INSERT INTO `itemchildren` VALUES ('AdministratorTask', 'shop@ProductsAdmin');
INSERT INTO `itemchildren` VALUES ('AdministratorTask', 'shop@ProductsCreate');
INSERT INTO `itemchildren` VALUES ('AdministratorTask', 'shop@ProductsDelete');
INSERT INTO `itemchildren` VALUES ('AdministratorTask', 'shop@ProductsDelimage');
INSERT INTO `itemchildren` VALUES ('AdministratorTask', 'shop@ProductsIndex');
INSERT INTO `itemchildren` VALUES ('AdministratorTask', 'shop@ProductSpecificationAdmin');
INSERT INTO `itemchildren` VALUES ('AdministratorTask', 'shop@ProductSpecificationCreate');
INSERT INTO `itemchildren` VALUES ('AdministratorTask', 'shop@ProductSpecificationDelete');
INSERT INTO `itemchildren` VALUES ('AdministratorTask', 'shop@ProductSpecificationIndex');
INSERT INTO `itemchildren` VALUES ('AdministratorTask', 'shop@ProductSpecificationUpdate');
INSERT INTO `itemchildren` VALUES ('AdministratorTask', 'shop@ProductSpecificationView');
INSERT INTO `itemchildren` VALUES ('AdministratorTask', 'shop@ProductsToggle');
INSERT INTO `itemchildren` VALUES ('AdministratorTask', 'shop@ProductsUpdate');
INSERT INTO `itemchildren` VALUES ('AdministratorTask', 'shop@ProductsUpload');
INSERT INTO `itemchildren` VALUES ('AdministratorTask', 'shop@ProductsView');
INSERT INTO `itemchildren` VALUES ('AdministratorTask', 'shop@ShippingMethodAdmin');
INSERT INTO `itemchildren` VALUES ('AdministratorTask', 'shop@ShippingMethodChoose');
INSERT INTO `itemchildren` VALUES ('AdministratorTask', 'shop@ShippingMethodCreate');
INSERT INTO `itemchildren` VALUES ('AdministratorTask', 'shop@ShippingMethodDelete');
INSERT INTO `itemchildren` VALUES ('AdministratorTask', 'shop@ShippingMethodIndex');
INSERT INTO `itemchildren` VALUES ('AdministratorTask', 'shop@ShippingMethodUpdate');
INSERT INTO `itemchildren` VALUES ('AdministratorTask', 'shop@ShippingMethodView');
INSERT INTO `itemchildren` VALUES ('AdministratorTask', 'shop@ShopAdmin');
INSERT INTO `itemchildren` VALUES ('AdministratorTask', 'shop@ShopIndex');
INSERT INTO `itemchildren` VALUES ('AdministratorTask', 'shop@ShopManufactorAdmin');
INSERT INTO `itemchildren` VALUES ('AdministratorTask', 'shop@ShopManufactorCreate');
INSERT INTO `itemchildren` VALUES ('AdministratorTask', 'shop@ShopManufactorDelete');
INSERT INTO `itemchildren` VALUES ('AdministratorTask', 'shop@ShopManufactorIndex');
INSERT INTO `itemchildren` VALUES ('AdministratorTask', 'shop@ShopManufactorUpdate');
INSERT INTO `itemchildren` VALUES ('AdministratorTask', 'shop@ShopManufactorView');
INSERT INTO `itemchildren` VALUES ('AdministratorTask', 'shop@TaxAdmin');
INSERT INTO `itemchildren` VALUES ('AdministratorTask', 'shop@TaxCreate');
INSERT INTO `itemchildren` VALUES ('AdministratorTask', 'shop@TaxDelete');
INSERT INTO `itemchildren` VALUES ('AdministratorTask', 'shop@TaxIndex');
INSERT INTO `itemchildren` VALUES ('AdministratorTask', 'shop@TaxUpdate');
INSERT INTO `itemchildren` VALUES ('AdministratorTask', 'shop@TaxView');
INSERT INTO `itemchildren` VALUES ('AdministratorTask', 'SiteIndex');
INSERT INTO `itemchildren` VALUES ('AdministratorTask', 'SiteUpload');
INSERT INTO `itemchildren` VALUES ('AdministratorTask', 'srbac@AuthitemAssign');
INSERT INTO `itemchildren` VALUES ('AdministratorTask', 'srbac@AuthitemAssignments');
INSERT INTO `itemchildren` VALUES ('AdministratorTask', 'srbac@AuthitemAuto');
INSERT INTO `itemchildren` VALUES ('AdministratorTask', 'srbac@AuthitemAutocomplete');
INSERT INTO `itemchildren` VALUES ('AdministratorTask', 'srbac@AuthitemAutoCreateItems');
INSERT INTO `itemchildren` VALUES ('AdministratorTask', 'srbac@AuthitemAutoDeleteItems');
INSERT INTO `itemchildren` VALUES ('AdministratorTask', 'srbac@AuthitemClearObsolete');
INSERT INTO `itemchildren` VALUES ('AdministratorTask', 'srbac@AuthitemConfirm');
INSERT INTO `itemchildren` VALUES ('AdministratorTask', 'srbac@AuthitemCreate');
INSERT INTO `itemchildren` VALUES ('AdministratorTask', 'srbac@AuthitemDelete');
INSERT INTO `itemchildren` VALUES ('AdministratorTask', 'srbac@AuthitemDeleteObsolete');
INSERT INTO `itemchildren` VALUES ('AdministratorTask', 'srbac@AuthitemEditAllowed');
INSERT INTO `itemchildren` VALUES ('AdministratorTask', 'srbac@AuthitemFrontPage');
INSERT INTO `itemchildren` VALUES ('AdministratorTask', 'srbac@AuthitemGetCleverOpers');
INSERT INTO `itemchildren` VALUES ('AdministratorTask', 'srbac@AuthitemGetOpers');
INSERT INTO `itemchildren` VALUES ('AdministratorTask', 'srbac@AuthitemGetRoles');
INSERT INTO `itemchildren` VALUES ('AdministratorTask', 'srbac@AuthitemGetTasks');
INSERT INTO `itemchildren` VALUES ('AdministratorTask', 'srbac@AuthitemInstall');
INSERT INTO `itemchildren` VALUES ('AdministratorTask', 'srbac@AuthitemList');
INSERT INTO `itemchildren` VALUES ('AdministratorTask', 'srbac@AuthitemManage');
INSERT INTO `itemchildren` VALUES ('AdministratorTask', 'srbac@AuthitemSaveAllowed');
INSERT INTO `itemchildren` VALUES ('AdministratorTask', 'srbac@AuthitemScan');
INSERT INTO `itemchildren` VALUES ('AdministratorTask', 'srbac@AuthitemShow');
INSERT INTO `itemchildren` VALUES ('AdministratorTask', 'srbac@AuthitemShowAssignments');
INSERT INTO `itemchildren` VALUES ('AdministratorTask', 'srbac@AuthitemUpdate');
INSERT INTO `itemchildren` VALUES ('AdministratorTask', 'srbac@DefaultIndex');
INSERT INTO `itemchildren` VALUES ('AdministratorTask', 'sys@BackendSystemSettingsUpdate');
INSERT INTO `itemchildren` VALUES ('AdministratorTask', 'translate@FilterTranslateCreate');
INSERT INTO `itemchildren` VALUES ('AdministratorTask', 'translate@FilterTranslateDelMulti');
INSERT INTO `itemchildren` VALUES ('AdministratorTask', 'translate@FilterTranslateFilterlayout');
INSERT INTO `itemchildren` VALUES ('AdministratorTask', 'translate@FilterTranslateIndex');
INSERT INTO `itemchildren` VALUES ('AdministratorTask', 'translate@FilterTranslateUpdateTrans');
INSERT INTO `itemchildren` VALUES ('AdministratorTask', 'translate@ManageAdmin');
INSERT INTO `itemchildren` VALUES ('AdministratorTask', 'translate@ManageCreate');
INSERT INTO `itemchildren` VALUES ('AdministratorTask', 'translate@ManageDelete');
INSERT INTO `itemchildren` VALUES ('AdministratorTask', 'translate@ManageIndex');
INSERT INTO `itemchildren` VALUES ('AdministratorTask', 'translate@ManageUpdate');
INSERT INTO `itemchildren` VALUES ('AdministratorTask', 'translate@ManageView');
INSERT INTO `itemchildren` VALUES ('AdministratorTask', 'user@ActivationActivation');
INSERT INTO `itemchildren` VALUES ('AdministratorTask', 'user@AdminAdmin');
INSERT INTO `itemchildren` VALUES ('AdministratorTask', 'user@AdminCreate');
INSERT INTO `itemchildren` VALUES ('AdministratorTask', 'user@AdminDelete');
INSERT INTO `itemchildren` VALUES ('AdministratorTask', 'user@AdminUpdate');
INSERT INTO `itemchildren` VALUES ('AdministratorTask', 'user@AdminView');
INSERT INTO `itemchildren` VALUES ('AdministratorTask', 'user@DefaultIndex');
INSERT INTO `itemchildren` VALUES ('AdministratorTask', 'user@ProfileChangepassword');
INSERT INTO `itemchildren` VALUES ('AdministratorTask', 'user@ProfileDelimage');
INSERT INTO `itemchildren` VALUES ('AdministratorTask', 'user@ProfileEdit');
INSERT INTO `itemchildren` VALUES ('AdministratorTask', 'user@ProfileFieldAdmin');
INSERT INTO `itemchildren` VALUES ('AdministratorTask', 'user@ProfileFieldCreate');
INSERT INTO `itemchildren` VALUES ('AdministratorTask', 'user@ProfileFieldDelete');
INSERT INTO `itemchildren` VALUES ('AdministratorTask', 'user@ProfileFieldUpdate');
INSERT INTO `itemchildren` VALUES ('AdministratorTask', 'user@ProfileFieldView');
INSERT INTO `itemchildren` VALUES ('AdministratorTask', 'user@ProfileProfile');
INSERT INTO `itemchildren` VALUES ('AdministratorTask', 'user@ProfileUpload');
INSERT INTO `itemchildren` VALUES ('AdministratorTask', 'user@RecoveryRecovery');
INSERT INTO `itemchildren` VALUES ('AdministratorTask', 'user@RegistrationCaptcha');
INSERT INTO `itemchildren` VALUES ('AdministratorTask', 'user@RegistrationRegistration');
INSERT INTO `itemchildren` VALUES ('AdministratorTask', 'user@UserIndex');
INSERT INTO `itemchildren` VALUES ('AdministratorTask', 'user@UserView');
INSERT INTO `itemchildren` VALUES ('AdministratorTask', 'widget@BackendWidgetsPositionAdmin');
INSERT INTO `itemchildren` VALUES ('AdministratorTask', 'widget@BackendWidgetsPositionCreate');
INSERT INTO `itemchildren` VALUES ('AdministratorTask', 'widget@BackendWidgetsPositionDelete');
INSERT INTO `itemchildren` VALUES ('AdministratorTask', 'widget@BackendWidgetsPositionIndex');
INSERT INTO `itemchildren` VALUES ('AdministratorTask', 'widget@BackendWidgetsPositionUpdate');
INSERT INTO `itemchildren` VALUES ('AdministratorTask', 'widget@BackendWidgetsPositionView');
INSERT INTO `itemchildren` VALUES ('AdministratorTask', 'widget@DefaultIndex');
INSERT INTO `itemchildren` VALUES ('AdministratorTask', 'widget@ManageAdmin');
INSERT INTO `itemchildren` VALUES ('AdministratorTask', 'widget@ManageCreate');
INSERT INTO `itemchildren` VALUES ('AdministratorTask', 'widget@ManageDelete');
INSERT INTO `itemchildren` VALUES ('AdministratorTask', 'widget@ManageDelMulti');
INSERT INTO `itemchildren` VALUES ('AdministratorTask', 'widget@ManageIndex');
INSERT INTO `itemchildren` VALUES ('AdministratorTask', 'widget@ManageSelect');
INSERT INTO `itemchildren` VALUES ('AdministratorTask', 'widget@ManageToggle');
INSERT INTO `itemchildren` VALUES ('AdministratorTask', 'widget@ManageUpdate');
INSERT INTO `itemchildren` VALUES ('AdministratorTask', 'widget@ManageView');

-- ----------------------------
-- Table structure for items
-- ----------------------------
DROP TABLE IF EXISTS `items`;
CREATE TABLE `items` (
  `name` varchar(64) COLLATE utf8_unicode_ci NOT NULL,
  `type` int(11) NOT NULL,
  `description` text COLLATE utf8_unicode_ci,
  `bizrule` text COLLATE utf8_unicode_ci,
  `data` text COLLATE utf8_unicode_ci,
  PRIMARY KEY (`name`)
) ENGINE=InnoDB DEFAULT CHARSET=utf8 COLLATE=utf8_unicode_ci;

-- ----------------------------
-- Records of items
-- ----------------------------
INSERT INTO `items` VALUES ('Administrator', '2', null, null, null);
INSERT INTO `items` VALUES ('AdministratorTask', '1', '', '', 's:0:\"\";');
INSERT INTO `items` VALUES ('Authory', '2', '', '', 's:0:\"\";');
INSERT INTO `items` VALUES ('AuthoryTask', '1', '', '', 's:7:\"s:0:\"\";\";');
INSERT INTO `items` VALUES ('banners@BannerAdmin', '0', null, null, 'N;');
INSERT INTO `items` VALUES ('banners@BannerCreate', '0', null, null, 'N;');
INSERT INTO `items` VALUES ('banners@BannerDelete', '0', null, null, 'N;');
INSERT INTO `items` VALUES ('banners@BannerDelMulti', '0', null, null, 'N;');
INSERT INTO `items` VALUES ('banners@BannerIndex', '0', null, null, 'N;');
INSERT INTO `items` VALUES ('banners@BannerUpdate', '0', null, null, 'N;');
INSERT INTO `items` VALUES ('banners@BannerView', '0', null, null, 'N;');
INSERT INTO `items` VALUES ('banners@CustomersAdmin', '0', null, null, 'N;');
INSERT INTO `items` VALUES ('banners@CustomersCreate', '0', null, null, 'N;');
INSERT INTO `items` VALUES ('banners@CustomersDelete', '0', null, null, 'N;');
INSERT INTO `items` VALUES ('banners@CustomersDelMulti', '0', null, null, 'N;');
INSERT INTO `items` VALUES ('banners@CustomersIndex', '0', null, null, 'N;');
INSERT INTO `items` VALUES ('banners@CustomersToggle', '0', null, null, 'N;');
INSERT INTO `items` VALUES ('banners@CustomersUpdate', '0', null, null, 'N;');
INSERT INTO `items` VALUES ('banners@CustomersView', '0', null, null, 'N;');
INSERT INTO `items` VALUES ('blog@PostAdmin', '0', null, null, 'N;');
INSERT INTO `items` VALUES ('blog@PostCreate', '0', null, null, 'N;');
INSERT INTO `items` VALUES ('blog@PostDelete', '0', null, null, 'N;');
INSERT INTO `items` VALUES ('blog@PostIndex', '0', null, null, 'N;');
INSERT INTO `items` VALUES ('blog@PostUpdate', '0', null, null, 'N;');
INSERT INTO `items` VALUES ('blog@PostView', '0', null, null, 'N;');
INSERT INTO `items` VALUES ('blog@TopicAdmin', '0', null, null, 'N;');
INSERT INTO `items` VALUES ('blog@TopicCreate', '0', null, null, 'N;');
INSERT INTO `items` VALUES ('blog@TopicDelete', '0', null, null, 'N;');
INSERT INTO `items` VALUES ('blog@TopicIndex', '0', null, null, 'N;');
INSERT INTO `items` VALUES ('blog@TopicUpdate', '0', null, null, 'N;');
INSERT INTO `items` VALUES ('blog@TopicView', '0', null, null, 'N;');
INSERT INTO `items` VALUES ('comment@ManageAdmin', '0', null, null, 'N;');
INSERT INTO `items` VALUES ('comment@ManageCreate', '0', null, null, 'N;');
INSERT INTO `items` VALUES ('comment@ManageDelete', '0', null, null, 'N;');
INSERT INTO `items` VALUES ('comment@ManageDelMulti', '0', null, null, 'N;');
INSERT INTO `items` VALUES ('comment@ManageIndex', '0', null, null, 'N;');
INSERT INTO `items` VALUES ('comment@ManageUpdate', '0', null, null, 'N;');
INSERT INTO `items` VALUES ('comment@ManageView', '0', null, null, 'N;');
INSERT INTO `items` VALUES ('contact@ContactAdmin', '0', null, null, 'N;');
INSERT INTO `items` VALUES ('contact@ContactCreate', '0', null, null, 'N;');
INSERT INTO `items` VALUES ('contact@ContactDelete', '0', null, null, 'N;');
INSERT INTO `items` VALUES ('contact@ContactIndex', '0', null, null, 'N;');
INSERT INTO `items` VALUES ('contact@ContactUpdate', '0', null, null, 'N;');
INSERT INTO `items` VALUES ('contact@ContactView', '0', null, null, 'N;');
INSERT INTO `items` VALUES ('dashboard@DefaultIndex', '0', null, null, 'N;');
INSERT INTO `items` VALUES ('dashboard@DefaultRefresh', '0', null, null, 'N;');
INSERT INTO `items` VALUES ('dashboard@DefaultSave', '0', null, null, 'N;');
INSERT INTO `items` VALUES ('dev@DefaultIndex', '0', null, null, 'N;');
INSERT INTO `items` VALUES ('dev@XuploadForm', '0', null, null, 'N;');
INSERT INTO `items` VALUES ('dev@XuploadUpload', '0', null, null, 'N;');
INSERT INTO `items` VALUES ('files@FilesAdmin', '0', null, null, 'N;');
INSERT INTO `items` VALUES ('files@FilesCreate', '0', null, null, 'N;');
INSERT INTO `items` VALUES ('files@FilesDelete', '0', null, null, 'N;');
INSERT INTO `items` VALUES ('files@FilesGetFile', '0', null, null, 'N;');
INSERT INTO `items` VALUES ('files@FilesIndex', '0', null, null, 'N;');
INSERT INTO `items` VALUES ('files@FilesListAjax', '0', null, null, 'N;');
INSERT INTO `items` VALUES ('files@FilesRemoveFile', '0', null, null, 'N;');
INSERT INTO `items` VALUES ('files@FilesUpdate', '0', null, null, 'N;');
INSERT INTO `items` VALUES ('files@FilesView', '0', null, null, 'N;');
INSERT INTO `items` VALUES ('gallery@GalleryCategoryAdmin', '0', null, null, 'N;');
INSERT INTO `items` VALUES ('gallery@GalleryCategoryCreate', '0', null, null, 'N;');
INSERT INTO `items` VALUES ('gallery@GalleryCategoryDelete', '0', null, null, 'N;');
INSERT INTO `items` VALUES ('gallery@GalleryCategoryIndex', '0', null, null, 'N;');
INSERT INTO `items` VALUES ('gallery@GalleryCategoryUpdate', '0', null, null, 'N;');
INSERT INTO `items` VALUES ('gallery@GalleryCategoryView', '0', null, null, 'N;');
INSERT INTO `items` VALUES ('gallery@GalleryItemsAdmin', '0', null, null, 'N;');
INSERT INTO `items` VALUES ('gallery@GalleryItemsCreate', '0', null, null, 'N;');
INSERT INTO `items` VALUES ('gallery@GalleryItemsDelete', '0', null, null, 'N;');
INSERT INTO `items` VALUES ('gallery@GalleryItemsDelMulti', '0', null, null, 'N;');
INSERT INTO `items` VALUES ('gallery@GalleryItemsIndex', '0', null, null, 'N;');
INSERT INTO `items` VALUES ('gallery@GalleryItemsUpdate', '0', null, null, 'N;');
INSERT INTO `items` VALUES ('gallery@GalleryItemsView', '0', null, null, 'N;');
INSERT INTO `items` VALUES ('infosys@MainAuthor', '0', null, null, 'N;');
INSERT INTO `items` VALUES ('infosys@MainIndex', '0', null, null, 'N;');
INSERT INTO `items` VALUES ('media@DefaultIndex', '0', null, null, 'N;');
INSERT INTO `items` VALUES ('media@ManageIndex', '0', null, null, 'N;');
INSERT INTO `items` VALUES ('menu@DataNewsGetNews', '0', null, null, 'N;');
INSERT INTO `items` VALUES ('menu@DataNewsList', '0', null, null, 'N;');
INSERT INTO `items` VALUES ('menu@DataPageGetPage', '0', null, null, 'N;');
INSERT INTO `items` VALUES ('menu@DataPageList', '0', null, null, 'N;');
INSERT INTO `items` VALUES ('menu@MenuItemsAdmin', '0', null, null, 'N;');
INSERT INTO `items` VALUES ('menu@MenuItemsCreate', '0', null, null, 'N;');
INSERT INTO `items` VALUES ('menu@MenuItemsDelete', '0', null, null, 'N;');
INSERT INTO `items` VALUES ('menu@MenuItemsgetLayoutType', '0', null, null, 'N;');
INSERT INTO `items` VALUES ('menu@MenuItemsIndex', '0', null, null, 'N;');
INSERT INTO `items` VALUES ('menu@MenuItemsToggle', '0', null, null, 'N;');
INSERT INTO `items` VALUES ('menu@MenuItemsUpdate', '0', null, null, 'N;');
INSERT INTO `items` VALUES ('menu@MenuItemsView', '0', null, null, 'N;');
INSERT INTO `items` VALUES ('menu@MenusAdmin', '0', null, null, 'N;');
INSERT INTO `items` VALUES ('menu@MenusCreate', '0', null, null, 'N;');
INSERT INTO `items` VALUES ('menu@MenusDelete', '0', null, null, 'N;');
INSERT INTO `items` VALUES ('menu@MenusIndex', '0', null, null, 'N;');
INSERT INTO `items` VALUES ('menu@MenusUpdate', '0', null, null, 'N;');
INSERT INTO `items` VALUES ('menu@MenusView', '0', null, null, 'N;');
INSERT INTO `items` VALUES ('news@CategoriesAdmin', '0', null, null, 'N;');
INSERT INTO `items` VALUES ('news@CategoriesCreate', '0', null, null, 'N;');
INSERT INTO `items` VALUES ('news@CategoriesDelete', '0', null, null, 'N;');
INSERT INTO `items` VALUES ('news@CategoriesIndex', '0', null, null, 'N;');
INSERT INTO `items` VALUES ('news@CategoriesToggle', '0', null, null, 'N;');
INSERT INTO `items` VALUES ('news@CategoriesUpdate', '0', null, null, 'N;');
INSERT INTO `items` VALUES ('news@CategoriesView', '0', null, null, 'N;');
INSERT INTO `items` VALUES ('news@ContentImagesAdmin', '0', null, null, 'N;');
INSERT INTO `items` VALUES ('news@ContentImagesCreate', '0', null, null, 'N;');
INSERT INTO `items` VALUES ('news@ContentImagesDelete', '0', null, null, 'N;');
INSERT INTO `items` VALUES ('news@ContentImagesDelMulti', '0', null, null, 'N;');
INSERT INTO `items` VALUES ('news@ContentImagesIndex', '0', null, null, 'N;');
INSERT INTO `items` VALUES ('news@ContentImagesUpdate', '0', null, null, 'N;');
INSERT INTO `items` VALUES ('news@ContentImagesView', '0', null, null, 'N;');
INSERT INTO `items` VALUES ('news@NewsAdmin', '0', null, null, 'N;');
INSERT INTO `items` VALUES ('news@NewsCreate', '0', null, null, 'N;');
INSERT INTO `items` VALUES ('news@NewsDelete', '0', null, null, 'N;');
INSERT INTO `items` VALUES ('news@NewsDelimage', '0', null, null, 'N;');
INSERT INTO `items` VALUES ('news@NewsDelMulti', '0', null, null, 'N;');
INSERT INTO `items` VALUES ('news@NewsIndex', '0', null, null, 'N;');
INSERT INTO `items` VALUES ('news@NewsToggle', '0', null, null, 'N;');
INSERT INTO `items` VALUES ('news@NewsUpdate', '0', null, null, 'N;');
INSERT INTO `items` VALUES ('news@NewsUpload', '0', null, null, 'N;');
INSERT INTO `items` VALUES ('news@NewsView', '0', null, null, 'N;');
INSERT INTO `items` VALUES ('news@PagesAdmin', '0', null, null, 'N;');
INSERT INTO `items` VALUES ('news@PagesCreate', '0', null, null, 'N;');
INSERT INTO `items` VALUES ('news@PagesDelete', '0', null, null, 'N;');
INSERT INTO `items` VALUES ('news@PagesIndex', '0', null, null, 'N;');
INSERT INTO `items` VALUES ('news@PagesToggle', '0', null, null, 'N;');
INSERT INTO `items` VALUES ('news@PagesUpdate', '0', null, null, 'N;');
INSERT INTO `items` VALUES ('news@PagesView', '0', null, null, 'N;');
INSERT INTO `items` VALUES ('polls@PollAdmin', '0', null, null, 'N;');
INSERT INTO `items` VALUES ('polls@PollCreate', '0', null, null, 'N;');
INSERT INTO `items` VALUES ('polls@PollDelete', '0', null, null, 'N;');
INSERT INTO `items` VALUES ('polls@PollExport', '0', null, null, 'N;');
INSERT INTO `items` VALUES ('polls@PollIndex', '0', null, null, 'N;');
INSERT INTO `items` VALUES ('polls@PollToggle', '0', null, null, 'N;');
INSERT INTO `items` VALUES ('polls@PollUpdate', '0', null, null, 'N;');
INSERT INTO `items` VALUES ('polls@PollView', '0', null, null, 'N;');
INSERT INTO `items` VALUES ('polls@PollVote', '0', null, null, 'N;');
INSERT INTO `items` VALUES ('polls@PollvoteDelete', '0', null, null, 'N;');
INSERT INTO `items` VALUES ('settings@AdminAdmin', '0', null, null, 'N;');
INSERT INTO `items` VALUES ('settings@AdminCreate', '0', null, null, 'N;');
INSERT INTO `items` VALUES ('settings@AdminDelete', '0', null, null, 'N;');
INSERT INTO `items` VALUES ('settings@AdminIndex', '0', null, null, 'N;');
INSERT INTO `items` VALUES ('settings@AdminUpdate', '0', null, null, 'N;');
INSERT INTO `items` VALUES ('settings@AdminView', '0', null, null, 'N;');
INSERT INTO `items` VALUES ('settings@DefaultIndex', '0', null, null, 'N;');
INSERT INTO `items` VALUES ('settings@SystemAdmin', '0', null, null, 'N;');
INSERT INTO `items` VALUES ('settings@SystemCreate', '0', null, null, 'N;');
INSERT INTO `items` VALUES ('settings@SystemDelete', '0', null, null, 'N;');
INSERT INTO `items` VALUES ('settings@SystemIndex', '0', null, null, 'N;');
INSERT INTO `items` VALUES ('settings@SystemUpdate', '0', null, null, 'N;');
INSERT INTO `items` VALUES ('settings@SystemView', '0', null, null, 'N;');
INSERT INTO `items` VALUES ('shop@CategoryAdmin', '0', null, null, 'N;');
INSERT INTO `items` VALUES ('shop@CategoryCreate', '0', null, null, 'N;');
INSERT INTO `items` VALUES ('shop@CategoryDelete', '0', null, null, 'N;');
INSERT INTO `items` VALUES ('shop@CategoryIndex', '0', null, null, 'N;');
INSERT INTO `items` VALUES ('shop@CategoryUpdate', '0', null, null, 'N;');
INSERT INTO `items` VALUES ('shop@CategoryView', '0', null, null, 'N;');
INSERT INTO `items` VALUES ('shop@CustomerAdmin', '0', null, null, 'N;');
INSERT INTO `items` VALUES ('shop@CustomerCreate', '0', null, null, 'N;');
INSERT INTO `items` VALUES ('shop@CustomerDelete', '0', null, null, 'N;');
INSERT INTO `items` VALUES ('shop@CustomerIndex', '0', null, null, 'N;');
INSERT INTO `items` VALUES ('shop@CustomerUpdate', '0', null, null, 'N;');
INSERT INTO `items` VALUES ('shop@CustomerView', '0', null, null, 'N;');
INSERT INTO `items` VALUES ('shop@ImageAdmin', '0', null, null, 'N;');
INSERT INTO `items` VALUES ('shop@ImageCreate', '0', null, null, 'N;');
INSERT INTO `items` VALUES ('shop@ImageDelete', '0', null, null, 'N;');
INSERT INTO `items` VALUES ('shop@ImageIndex', '0', null, null, 'N;');
INSERT INTO `items` VALUES ('shop@ImageUpdate', '0', null, null, 'N;');
INSERT INTO `items` VALUES ('shop@ImageView', '0', null, null, 'N;');
INSERT INTO `items` VALUES ('shop@OrderAdmin', '0', null, null, 'N;');
INSERT INTO `items` VALUES ('shop@OrderConfirm', '0', null, null, 'N;');
INSERT INTO `items` VALUES ('shop@OrderCreate', '0', null, null, 'N;');
INSERT INTO `items` VALUES ('shop@OrderFailure', '0', null, null, 'N;');
INSERT INTO `items` VALUES ('shop@OrderInvoice', '0', null, null, 'N;');
INSERT INTO `items` VALUES ('shop@OrderSlip', '0', null, null, 'N;');
INSERT INTO `items` VALUES ('shop@OrderSuccess', '0', null, null, 'N;');
INSERT INTO `items` VALUES ('shop@OrderView', '0', null, null, 'N;');
INSERT INTO `items` VALUES ('shop@PaymentMethodAdmin', '0', null, null, 'N;');
INSERT INTO `items` VALUES ('shop@PaymentMethodChoose', '0', null, null, 'N;');
INSERT INTO `items` VALUES ('shop@PaymentMethodCreate', '0', null, null, 'N;');
INSERT INTO `items` VALUES ('shop@PaymentMethodDelete', '0', null, null, 'N;');
INSERT INTO `items` VALUES ('shop@PaymentMethodIndex', '0', null, null, 'N;');
INSERT INTO `items` VALUES ('shop@PaymentMethodUpdate', '0', null, null, 'N;');
INSERT INTO `items` VALUES ('shop@PaymentMethodView', '0', null, null, 'N;');
INSERT INTO `items` VALUES ('shop@ProductsAdmin', '0', null, null, 'N;');
INSERT INTO `items` VALUES ('shop@ProductsCreate', '0', null, null, 'N;');
INSERT INTO `items` VALUES ('shop@ProductsDelete', '0', null, null, 'N;');
INSERT INTO `items` VALUES ('shop@ProductsDelimage', '0', null, null, 'N;');
INSERT INTO `items` VALUES ('shop@ProductsIndex', '0', null, null, 'N;');
INSERT INTO `items` VALUES ('shop@ProductSpecificationAdmin', '0', null, null, 'N;');
INSERT INTO `items` VALUES ('shop@ProductSpecificationCreate', '0', null, null, 'N;');
INSERT INTO `items` VALUES ('shop@ProductSpecificationDelete', '0', null, null, 'N;');
INSERT INTO `items` VALUES ('shop@ProductSpecificationIndex', '0', null, null, 'N;');
INSERT INTO `items` VALUES ('shop@ProductSpecificationUpdate', '0', null, null, 'N;');
INSERT INTO `items` VALUES ('shop@ProductSpecificationView', '0', null, null, 'N;');
INSERT INTO `items` VALUES ('shop@ProductsToggle', '0', null, null, 'N;');
INSERT INTO `items` VALUES ('shop@ProductsUpdate', '0', null, null, 'N;');
INSERT INTO `items` VALUES ('shop@ProductsUpload', '0', null, null, 'N;');
INSERT INTO `items` VALUES ('shop@ProductsView', '0', null, null, 'N;');
INSERT INTO `items` VALUES ('shop@ShippingMethodAdmin', '0', null, null, 'N;');
INSERT INTO `items` VALUES ('shop@ShippingMethodChoose', '0', null, null, 'N;');
INSERT INTO `items` VALUES ('shop@ShippingMethodCreate', '0', null, null, 'N;');
INSERT INTO `items` VALUES ('shop@ShippingMethodDelete', '0', null, null, 'N;');
INSERT INTO `items` VALUES ('shop@ShippingMethodIndex', '0', null, null, 'N;');
INSERT INTO `items` VALUES ('shop@ShippingMethodUpdate', '0', null, null, 'N;');
INSERT INTO `items` VALUES ('shop@ShippingMethodView', '0', null, null, 'N;');
INSERT INTO `items` VALUES ('shop@ShopAdmin', '0', null, null, 'N;');
INSERT INTO `items` VALUES ('shop@ShopIndex', '0', null, null, 'N;');
INSERT INTO `items` VALUES ('shop@ShopManufactorAdmin', '0', null, null, 'N;');
INSERT INTO `items` VALUES ('shop@ShopManufactorCreate', '0', null, null, 'N;');
INSERT INTO `items` VALUES ('shop@ShopManufactorDelete', '0', null, null, 'N;');
INSERT INTO `items` VALUES ('shop@ShopManufactorIndex', '0', null, null, 'N;');
INSERT INTO `items` VALUES ('shop@ShopManufactorUpdate', '0', null, null, 'N;');
INSERT INTO `items` VALUES ('shop@ShopManufactorView', '0', null, null, 'N;');
INSERT INTO `items` VALUES ('shop@TaxAdmin', '0', null, null, 'N;');
INSERT INTO `items` VALUES ('shop@TaxCreate', '0', null, null, 'N;');
INSERT INTO `items` VALUES ('shop@TaxDelete', '0', null, null, 'N;');
INSERT INTO `items` VALUES ('shop@TaxIndex', '0', null, null, 'N;');
INSERT INTO `items` VALUES ('shop@TaxUpdate', '0', null, null, 'N;');
INSERT INTO `items` VALUES ('shop@TaxView', '0', null, null, 'N;');
INSERT INTO `items` VALUES ('SiteIndex', '0', null, null, 'N;');
INSERT INTO `items` VALUES ('SiteUpload', '0', null, null, 'N;');
INSERT INTO `items` VALUES ('srbac@AuthitemAssign', '0', null, null, 'N;');
INSERT INTO `items` VALUES ('srbac@AuthitemAssignments', '0', null, null, 'N;');
INSERT INTO `items` VALUES ('srbac@AuthitemAuto', '0', null, null, 'N;');
INSERT INTO `items` VALUES ('srbac@AuthitemAutocomplete', '0', null, null, 'N;');
INSERT INTO `items` VALUES ('srbac@AuthitemAutoCreateItems', '0', null, null, 'N;');
INSERT INTO `items` VALUES ('srbac@AuthitemAutoDeleteItems', '0', null, null, 'N;');
INSERT INTO `items` VALUES ('srbac@AuthitemClearObsolete', '0', null, null, 'N;');
INSERT INTO `items` VALUES ('srbac@AuthitemConfirm', '0', null, null, 'N;');
INSERT INTO `items` VALUES ('srbac@AuthitemCreate', '0', null, null, 'N;');
INSERT INTO `items` VALUES ('srbac@AuthitemDelete', '0', null, null, 'N;');
INSERT INTO `items` VALUES ('srbac@AuthitemDeleteObsolete', '0', null, null, 'N;');
INSERT INTO `items` VALUES ('srbac@AuthitemEditAllowed', '0', null, null, 'N;');
INSERT INTO `items` VALUES ('srbac@AuthitemFrontPage', '0', null, null, 'N;');
INSERT INTO `items` VALUES ('srbac@AuthitemGetCleverOpers', '0', null, null, 'N;');
INSERT INTO `items` VALUES ('srbac@AuthitemGetOpers', '0', null, null, 'N;');
INSERT INTO `items` VALUES ('srbac@AuthitemGetRoles', '0', null, null, 'N;');
INSERT INTO `items` VALUES ('srbac@AuthitemGetTasks', '0', null, null, 'N;');
INSERT INTO `items` VALUES ('srbac@AuthitemInstall', '0', null, null, 'N;');
INSERT INTO `items` VALUES ('srbac@AuthitemList', '0', null, null, 'N;');
INSERT INTO `items` VALUES ('srbac@AuthitemManage', '0', null, null, 'N;');
INSERT INTO `items` VALUES ('srbac@AuthitemSaveAllowed', '0', null, null, 'N;');
INSERT INTO `items` VALUES ('srbac@AuthitemScan', '0', null, null, 'N;');
INSERT INTO `items` VALUES ('srbac@AuthitemShow', '0', null, null, 'N;');
INSERT INTO `items` VALUES ('srbac@AuthitemShowAssignments', '0', null, null, 'N;');
INSERT INTO `items` VALUES ('srbac@AuthitemUpdate', '0', null, null, 'N;');
INSERT INTO `items` VALUES ('srbac@DefaultIndex', '0', null, null, 'N;');
INSERT INTO `items` VALUES ('sys@BackendSystemSettingsUpdate', '0', null, null, 'N;');
INSERT INTO `items` VALUES ('translate@FilterTranslateCreate', '0', null, null, 'N;');
INSERT INTO `items` VALUES ('translate@FilterTranslateDelMulti', '0', null, null, 'N;');
INSERT INTO `items` VALUES ('translate@FilterTranslateFilterlayout', '0', null, null, 'N;');
INSERT INTO `items` VALUES ('translate@FilterTranslateIndex', '0', null, null, 'N;');
INSERT INTO `items` VALUES ('translate@FilterTranslateUpdateTrans', '0', null, null, 'N;');
INSERT INTO `items` VALUES ('translate@ManageAdmin', '0', null, null, 'N;');
INSERT INTO `items` VALUES ('translate@ManageCreate', '0', null, null, 'N;');
INSERT INTO `items` VALUES ('translate@ManageDelete', '0', null, null, 'N;');
INSERT INTO `items` VALUES ('translate@ManageIndex', '0', null, null, 'N;');
INSERT INTO `items` VALUES ('translate@ManageUpdate', '0', null, null, 'N;');
INSERT INTO `items` VALUES ('translate@ManageView', '0', null, null, 'N;');
INSERT INTO `items` VALUES ('user@ActivationActivation', '0', null, null, 'N;');
INSERT INTO `items` VALUES ('user@AdminAdmin', '0', null, null, 'N;');
INSERT INTO `items` VALUES ('user@AdminCreate', '0', null, null, 'N;');
INSERT INTO `items` VALUES ('user@AdminDelete', '0', null, null, 'N;');
INSERT INTO `items` VALUES ('user@AdminUpdate', '0', null, null, 'N;');
INSERT INTO `items` VALUES ('user@AdminView', '0', null, null, 'N;');
INSERT INTO `items` VALUES ('user@DefaultIndex', '0', null, null, 'N;');
INSERT INTO `items` VALUES ('user@ProfileChangepassword', '0', null, null, 'N;');
INSERT INTO `items` VALUES ('user@ProfileDelimage', '0', null, null, 'N;');
INSERT INTO `items` VALUES ('user@ProfileEdit', '0', null, null, 'N;');
INSERT INTO `items` VALUES ('user@ProfileFieldAdmin', '0', null, null, 'N;');
INSERT INTO `items` VALUES ('user@ProfileFieldCreate', '0', null, null, 'N;');
INSERT INTO `items` VALUES ('user@ProfileFieldDelete', '0', null, null, 'N;');
INSERT INTO `items` VALUES ('user@ProfileFieldUpdate', '0', null, null, 'N;');
INSERT INTO `items` VALUES ('user@ProfileFieldView', '0', null, null, 'N;');
INSERT INTO `items` VALUES ('user@ProfileProfile', '0', null, null, 'N;');
INSERT INTO `items` VALUES ('user@ProfileUpload', '0', null, null, 'N;');
INSERT INTO `items` VALUES ('user@RecoveryRecovery', '0', null, null, 'N;');
INSERT INTO `items` VALUES ('user@RegistrationCaptcha', '0', null, null, 'N;');
INSERT INTO `items` VALUES ('user@RegistrationRegistration', '0', null, null, 'N;');
INSERT INTO `items` VALUES ('user@UserIndex', '0', null, null, 'N;');
INSERT INTO `items` VALUES ('user@UserView', '0', null, null, 'N;');
INSERT INTO `items` VALUES ('widget@BackendWidgetsPositionAdmin', '0', null, null, 'N;');
INSERT INTO `items` VALUES ('widget@BackendWidgetsPositionCreate', '0', null, null, 'N;');
INSERT INTO `items` VALUES ('widget@BackendWidgetsPositionDelete', '0', null, null, 'N;');
INSERT INTO `items` VALUES ('widget@BackendWidgetsPositionIndex', '0', null, null, 'N;');
INSERT INTO `items` VALUES ('widget@BackendWidgetsPositionUpdate', '0', null, null, 'N;');
INSERT INTO `items` VALUES ('widget@BackendWidgetsPositionView', '0', null, null, 'N;');
INSERT INTO `items` VALUES ('widget@DefaultIndex', '0', null, null, 'N;');
INSERT INTO `items` VALUES ('widget@ManageAdmin', '0', null, null, 'N;');
INSERT INTO `items` VALUES ('widget@ManageCreate', '0', null, null, 'N;');
INSERT INTO `items` VALUES ('widget@ManageDelete', '0', null, null, 'N;');
INSERT INTO `items` VALUES ('widget@ManageDelMulti', '0', null, null, 'N;');
INSERT INTO `items` VALUES ('widget@ManageIndex', '0', null, null, 'N;');
INSERT INTO `items` VALUES ('widget@ManageSelect', '0', null, null, 'N;');
INSERT INTO `items` VALUES ('widget@ManageToggle', '0', null, null, 'N;');
INSERT INTO `items` VALUES ('widget@ManageUpdate', '0', null, null, 'N;');
INSERT INTO `items` VALUES ('widget@ManageView', '0', null, null, 'N;');

-- ----------------------------
-- Table structure for poll
-- ----------------------------
DROP TABLE IF EXISTS `poll`;
CREATE TABLE `poll` (
  `id` int(11) unsigned NOT NULL AUTO_INCREMENT,
  `title` varchar(255) NOT NULL,
  `description` longtext,
  `status` tinyint(1) NOT NULL DEFAULT '1',
  PRIMARY KEY (`id`)
) ENGINE=InnoDB AUTO_INCREMENT=8 DEFAULT CHARSET=utf8;

-- ----------------------------
-- Records of poll
-- ----------------------------
INSERT INTO `poll` VALUES ('2', 'Bn nh gi th no v quyt nh i gi hc, gi lm ti H Ni?', 'Thm d  kin quyt nh i gi hc v lm', '1');
INSERT INTO `poll` VALUES ('6', 'Bn thy website th no?', null, '1');
INSERT INTO `poll` VALUES ('7', 'fsdfasdfa', '', '1');

-- ----------------------------
-- Table structure for poll_choice
-- ----------------------------
DROP TABLE IF EXISTS `poll_choice`;
CREATE TABLE `poll_choice` (
  `id` int(11) unsigned NOT NULL AUTO_INCREMENT,
  `poll_id` int(11) unsigned NOT NULL,
  `label` varchar(255) NOT NULL DEFAULT '',
  `votes` int(11) unsigned NOT NULL DEFAULT '0',
  `weight` int(11) NOT NULL DEFAULT '0',
  PRIMARY KEY (`id`),
  KEY `choice_poll` (`poll_id`),
  CONSTRAINT `choice_poll` FOREIGN KEY (`poll_id`) REFERENCES `poll` (`id`) ON DELETE CASCADE ON UPDATE CASCADE
) ENGINE=InnoDB AUTO_INCREMENT=18 DEFAULT CHARSET=utf8;

-- ----------------------------
-- Records of poll_choice
-- ----------------------------
INSERT INTO `poll_choice` VALUES ('3', '2', 'Gim tc ng', '0', '0');
INSERT INTO `poll_choice` VALUES ('4', '2', 'Thm n tc', '0', '0');
INSERT INTO `poll_choice` VALUES ('5', '2', 'Xo trn sinh hot', '0', '0');
INSERT INTO `poll_choice` VALUES ('6', '2', ' kin khc', '0', '0');
INSERT INTO `poll_choice` VALUES ('13', '6', 'c', '0', '0');
INSERT INTO `poll_choice` VALUES ('14', '6', 'p', '1', '0');
INSERT INTO `poll_choice` VALUES ('15', '6', 'xu', '0', '0');
INSERT INTO `poll_choice` VALUES ('16', '7', 'sdfasdf', '1', '0');
INSERT INTO `poll_choice` VALUES ('17', '7', 'asdfasdf', '0', '0');

-- ----------------------------
-- Table structure for poll_vote
-- ----------------------------
DROP TABLE IF EXISTS `poll_vote`;
CREATE TABLE `poll_vote` (
  `id` int(11) unsigned NOT NULL AUTO_INCREMENT,
  `choice_id` int(11) unsigned NOT NULL,
  `poll_id` int(11) unsigned NOT NULL,
  `user_id` int(11) unsigned NOT NULL DEFAULT '0',
  `ip_address` varchar(16) NOT NULL DEFAULT '',
  `timestamp` int(11) unsigned NOT NULL DEFAULT '0',
  PRIMARY KEY (`id`)
) ENGINE=InnoDB AUTO_INCREMENT=12 DEFAULT CHARSET=utf8;

-- ----------------------------
-- Records of poll_vote
-- ----------------------------
INSERT INTO `poll_vote` VALUES ('3', '8', '3', '0', '127.0.0.1', '1328180853');
INSERT INTO `poll_vote` VALUES ('4', '7', '3', '1', '127.0.0.1', '1328190732');
INSERT INTO `poll_vote` VALUES ('7', '10', '4', '0', '127.0.0.1', '1328192875');
INSERT INTO `poll_vote` VALUES ('9', '12', '5', '0', '127.0.0.1', '1328193712');
INSERT INTO `poll_vote` VALUES ('10', '14', '6', '0', '127.0.0.1', '1328861034');
INSERT INTO `poll_vote` VALUES ('11', '16', '7', '0', '127.0.0.1', '1328861647');

-- ----------------------------
-- Table structure for settings
-- ----------------------------
DROP TABLE IF EXISTS `settings`;
CREATE TABLE `settings` (
  `key_code` varchar(100) COLLATE utf8_unicode_ci NOT NULL,
  `value_code` text COLLATE utf8_unicode_ci,
  `type` tinyint(1) DEFAULT '0',
  `label` varchar(255) COLLATE utf8_unicode_ci NOT NULL,
  `ordering` int(11) DEFAULT '0',
  PRIMARY KEY (`key_code`)
) ENGINE=InnoDB DEFAULT CHARSET=utf8 COLLATE=utf8_unicode_ci;

-- ----------------------------
-- Records of settings
-- ----------------------------
INSERT INTO `settings` VALUES ('SYS_BACKEND_LANG', null, '0', 'Backend Language', '0');
INSERT INTO `settings` VALUES ('SYS_FRONTEND_LANG', 'vi', '0', 'Frontend Language', '0');
INSERT INTO `settings` VALUES ('SYS_META_DESCRIPTION', 'asdfsdf', '0', 'Description Meta', '0');
INSERT INTO `settings` VALUES ('SYS_META_KEYWORDS', 'fadfasd', '0', 'Keywords Meta', '0');
INSERT INTO `settings` VALUES ('SYS_SITE_NAME', 'GuruCodeVN', '0', 'Site Name', '0');

-- ----------------------------
-- Table structure for shop_address
-- ----------------------------
DROP TABLE IF EXISTS `shop_address`;
CREATE TABLE `shop_address` (
  `id` int(11) NOT NULL AUTO_INCREMENT,
  `firstname` varchar(255) CHARACTER SET utf8 COLLATE utf8_unicode_ci DEFAULT NULL,
  `lastname` varchar(255) CHARACTER SET utf8 COLLATE utf8_unicode_ci DEFAULT NULL,
  `street` varchar(255) CHARACTER SET utf8 COLLATE utf8_unicode_ci DEFAULT NULL,
  `zipcode` varchar(255) CHARACTER SET utf8 COLLATE utf8_unicode_ci DEFAULT NULL,
  `city` varchar(255) CHARACTER SET utf8 COLLATE utf8_unicode_ci DEFAULT NULL,
  `country` varchar(255) CHARACTER SET utf8 COLLATE utf8_unicode_ci DEFAULT NULL,
  PRIMARY KEY (`id`)
) ENGINE=InnoDB AUTO_INCREMENT=2 DEFAULT CHARSET=latin1;

-- ----------------------------
-- Records of shop_address
-- ----------------------------
INSERT INTO `shop_address` VALUES ('1', 'asdfadf', 'asdfasdf', 'dfsdfasd', 'adsfa', 'fasdf', 'asdfadfa');

-- ----------------------------
-- Table structure for shop_category
-- ----------------------------
DROP TABLE IF EXISTS `shop_category`;
CREATE TABLE `shop_category` (
  `category_id` int(11) NOT NULL AUTO_INCREMENT,
  `parent_id` int(11) NOT NULL DEFAULT '0',
  `title` varchar(45) COLLATE utf8_unicode_ci NOT NULL,
  `alias` varchar(255) COLLATE utf8_unicode_ci DEFAULT NULL,
  `image` varchar(255) COLLATE utf8_unicode_ci DEFAULT NULL,
  `title_tree` varchar(255) COLLATE utf8_unicode_ci DEFAULT NULL,
  `description` text COLLATE utf8_unicode_ci,
  `language` varchar(45) COLLATE utf8_unicode_ci DEFAULT NULL,
  `position` int(11) NOT NULL DEFAULT '0',
  `ordering` int(11) NOT NULL DEFAULT '0',
  `level` int(11) NOT NULL DEFAULT '0',
  `published` tinyint(1) NOT NULL DEFAULT '1',
  `update_time` datetime DEFAULT NULL,
  PRIMARY KEY (`category_id`)
) ENGINE=InnoDB AUTO_INCREMENT=18 DEFAULT CHARSET=utf8 COLLATE=utf8_unicode_ci;

-- ----------------------------
-- Records of shop_category
-- ----------------------------
INSERT INTO `shop_category` VALUES ('1', '0', 'THIT B HN', 'thiet-bi-han', '/category/thumb/category_1.jpg', 'THIT B HN', '', '', '1', '0', '0', '1', '2013-06-12 22:36:40');
INSERT INTO `shop_category` VALUES ('2', '0', 'THIT B CT', 'thiet-bi-cat', null, 'THIT B CT', '', '', '8', '2', '0', '1', '2013-06-10 15:14:28');
INSERT INTO `shop_category` VALUES ('3', '2', 'My ct Plasma', 'tu-chong-am-dry-cabi', null, '-   - My ct Plasma', '', '', '9', '1', '1', '1', '2013-06-10 15:17:05');
INSERT INTO `shop_category` VALUES ('4', '1', 'My hn MIG/MAG', 'laptop-dell', null, '-   - My hn MIG/MAG', '', null, '3', '2', '1', '1', '2013-06-10 14:59:58');
INSERT INTO `shop_category` VALUES ('5', '2', 'My ct CNC', 'tu-mang-tu-rack-uss', null, '-   - My ct CNC', '', null, '10', '2', '1', '1', '2013-06-10 15:17:23');
INSERT INTO `shop_category` VALUES ('6', '1', 'My hn que(MMA)', 'laptop-acer', null, '-   - My hn que(MMA)', 'abvfadfsdf', null, '2', '1', '1', '1', '2013-06-10 14:48:56');
INSERT INTO `shop_category` VALUES ('7', '1', 'My hn TIG', 'laptop-samsung', null, '-   - My hn TIG', '', null, '4', '3', '1', '1', '2013-06-10 15:02:16');
INSERT INTO `shop_category` VALUES ('8', '1', 'My hn h quang chm', 'laptop-apple', null, '-   - My hn h quang chm', '', null, '5', '4', '1', '1', '2013-06-10 15:02:36');
INSERT INTO `shop_category` VALUES ('9', '1', 'My hn bu-long', 'laptop-lenovo', null, '-   - My hn bu-long', '', null, '6', '5', '1', '1', '2013-06-10 15:02:54');
INSERT INTO `shop_category` VALUES ('11', '0', 'THIT B CNC', 'may-cnc', null, 'THIT B CNC', '', null, '11', '3', '0', '1', '2013-06-10 15:15:17');
INSERT INTO `shop_category` VALUES ('12', '11', 'My ct thy lc CNC', 'may-tinh-bang-apple', null, '-   - My ct thy lc CNC', '', null, '12', '1', '1', '1', '2013-06-10 15:19:36');
INSERT INTO `shop_category` VALUES ('13', '11', 'My ct ng CNC', 'may-cat-ong-cnc', null, '-   - My ct ng CNC', '', null, '13', '2', '1', '1', '2013-06-10 15:21:03');
INSERT INTO `shop_category` VALUES ('14', '11', 'My khoan CNC', 'may-khoan-cnc', null, '-   - My khoan CNC', '', null, '14', '3', '1', '1', '2013-06-10 15:21:34');
INSERT INTO `shop_category` VALUES ('15', '0', 'MY CNG C', 'may-cong-cu', null, 'MY CNG C', '', null, '15', '4', '0', '1', '2013-06-12 17:18:07');
INSERT INTO `shop_category` VALUES ('17', '15', 'C kh chnh xc', null, null, '-   - C kh chnh xc', '', null, '16', '0', '1', '1', '2013-06-13 08:16:34');

-- ----------------------------
-- Table structure for shop_customer
-- ----------------------------
DROP TABLE IF EXISTS `shop_customer`;
CREATE TABLE `shop_customer` (
  `customer_id` int(11) NOT NULL AUTO_INCREMENT,
  `user_id` int(11) DEFAULT NULL,
  `address_id` int(11) NOT NULL,
  `delivery_address_id` int(11) NOT NULL,
  `billing_address_id` int(11) NOT NULL,
  `email` varchar(45) COLLATE utf8_unicode_ci NOT NULL,
  PRIMARY KEY (`customer_id`)
) ENGINE=InnoDB AUTO_INCREMENT=4 DEFAULT CHARSET=utf8 COLLATE=utf8_unicode_ci;

-- ----------------------------
-- Records of shop_customer
-- ----------------------------
INSERT INTO `shop_customer` VALUES ('2', null, '0', '0', '0', 'klsjdlkfsjdf@sdfs.com');
INSERT INTO `shop_customer` VALUES ('3', null, '1', '0', '0', 'asdfs@fsadf.com');

-- ----------------------------
-- Table structure for shop_image
-- ----------------------------
DROP TABLE IF EXISTS `shop_image`;
CREATE TABLE `shop_image` (
  `id` int(11) NOT NULL AUTO_INCREMENT,
  `title` varchar(45) COLLATE utf8_unicode_ci NOT NULL,
  `filename` varchar(45) COLLATE utf8_unicode_ci NOT NULL,
  `product_id` int(11) NOT NULL,
  PRIMARY KEY (`id`),
  KEY `fk_Image_Products` (`product_id`),
  CONSTRAINT `fk_Image_Products` FOREIGN KEY (`product_id`) REFERENCES `shop_products` (`product_id`) ON DELETE NO ACTION ON UPDATE NO ACTION
) ENGINE=InnoDB AUTO_INCREMENT=14 DEFAULT CHARSET=utf8 COLLATE=utf8_unicode_ci;

-- ----------------------------
-- Records of shop_image
-- ----------------------------
INSERT INTO `shop_image` VALUES ('1', 'sadasd', 'image1.jpg', '4');
INSERT INTO `shop_image` VALUES ('2', 'sadasd', 'image1.jpg', '4');
INSERT INTO `shop_image` VALUES ('3', 'sdfsdfs', 'image7.jpg', '4');
INSERT INTO `shop_image` VALUES ('4', 'sdfsdfs', 'image7.jpg', '4');
INSERT INTO `shop_image` VALUES ('5', 'sdfsdfs', 'image7.jpg', '4');
INSERT INTO `shop_image` VALUES ('6', 'sdfsdfs', 'image7.jpg', '4');
INSERT INTO `shop_image` VALUES ('9', 'sdfss', '130311tt31.jpg', '1');
INSERT INTO `shop_image` VALUES ('10', 'csadsdasdasd', 'cam-large.jpg', '3');
INSERT INTO `shop_image` VALUES ('11', 'ddddddddddd', 'dsdonphuong01.jpg', '1');
INSERT INTO `shop_image` VALUES ('13', 'asdfadf', '3_a1142.jpg', '1');

-- ----------------------------
-- Table structure for shop_manufactor
-- ----------------------------
DROP TABLE IF EXISTS `shop_manufactor`;
CREATE TABLE `shop_manufactor` (
  `id` int(11) NOT NULL AUTO_INCREMENT,
  `name` varchar(255) NOT NULL,
  `description` text,
  `image` varchar(255) DEFAULT NULL,
  `position` int(5) NOT NULL DEFAULT '0',
  PRIMARY KEY (`id`)
) ENGINE=InnoDB AUTO_INCREMENT=6 DEFAULT CHARSET=utf8;

-- ----------------------------
-- Records of shop_manufactor
-- ----------------------------
INSERT INTO `shop_manufactor` VALUES ('1', 'SAMHO- Hn Quc', 'dfasdfasdfdf', null, '1');
INSERT INTO `shop_manufactor` VALUES ('2', 'DAMA - i Loan', null, null, '0');
INSERT INTO `shop_manufactor` VALUES ('3', 'AKYAPAK - Th Nh K', null, null, '1');
INSERT INTO `shop_manufactor` VALUES ('4', 'ERMARKSAN - Th Nh K', null, null, '2');
INSERT INTO `shop_manufactor` VALUES ('5', 'CUBUILT - n ', null, null, '3');

-- ----------------------------
-- Table structure for shop_order
-- ----------------------------
DROP TABLE IF EXISTS `shop_order`;
CREATE TABLE `shop_order` (
  `order_id` int(11) NOT NULL AUTO_INCREMENT,
  `customer_id` int(11) NOT NULL,
  `delivery_address_id` int(11) NOT NULL,
  `billing_address_id` int(11) NOT NULL,
  `ordering_date` int(11) NOT NULL,
  `ordering_done` tinyint(1) DEFAULT NULL,
  `ordering_confirmed` tinyint(1) DEFAULT NULL,
  `payment_method` int(11) NOT NULL,
  `shipping_method` int(11) NOT NULL,
  `comment` text COLLATE utf8_unicode_ci,
  PRIMARY KEY (`order_id`),
  KEY `fk_order_customer` (`customer_id`),
  CONSTRAINT `fk_order_customer1` FOREIGN KEY (`customer_id`) REFERENCES `shop_customer` (`customer_id`) ON DELETE NO ACTION ON UPDATE NO ACTION
) ENGINE=InnoDB DEFAULT CHARSET=utf8 COLLATE=utf8_unicode_ci;

-- ----------------------------
-- Records of shop_order
-- ----------------------------

-- ----------------------------
-- Table structure for shop_order_position
-- ----------------------------
DROP TABLE IF EXISTS `shop_order_position`;
CREATE TABLE `shop_order_position` (
  `id` int(11) NOT NULL AUTO_INCREMENT,
  `order_id` int(11) NOT NULL,
  `product_id` int(11) NOT NULL,
  `amount` int(11) NOT NULL,
  `specifications` text NOT NULL,
  PRIMARY KEY (`id`)
) ENGINE=InnoDB DEFAULT CHARSET=latin1;

-- ----------------------------
-- Records of shop_order_position
-- ----------------------------

-- ----------------------------
-- Table structure for shop_payment_method
-- ----------------------------
DROP TABLE IF EXISTS `shop_payment_method`;
CREATE TABLE `shop_payment_method` (
  `id` int(10) unsigned NOT NULL AUTO_INCREMENT,
  `title` varchar(255) CHARACTER SET utf8 COLLATE utf8_unicode_ci NOT NULL,
  `description` text CHARACTER SET utf8 COLLATE utf8_unicode_ci,
  `tax_id` int(11) NOT NULL,
  `price` varchar(255) NOT NULL,
  PRIMARY KEY (`id`)
) ENGINE=InnoDB AUTO_INCREMENT=6 DEFAULT CHARSET=latin1;

-- ----------------------------
-- Records of shop_payment_method
-- ----------------------------
INSERT INTO `shop_payment_method` VALUES ('1', 'cash', 'You pay cash', '1', '0');
INSERT INTO `shop_payment_method` VALUES ('2', 'advance Payment', 'You pay in advance, we deliver', '1', '0');
INSERT INTO `shop_payment_method` VALUES ('3', 'cash on delivery', 'You pay when we deliver', '1', '0');
INSERT INTO `shop_payment_method` VALUES ('4', 'invoice', 'We deliver and send a invoice', '1', '0');
INSERT INTO `shop_payment_method` VALUES ('5', 'paypal', 'You pay by paypal', '0', '0');

-- ----------------------------
-- Table structure for shop_products
-- ----------------------------
DROP TABLE IF EXISTS `shop_products`;
CREATE TABLE `shop_products` (
  `product_id` int(11) NOT NULL AUTO_INCREMENT,
  `sku` varchar(255) COLLATE utf8_unicode_ci DEFAULT NULL,
  `category_id` int(11) NOT NULL,
  `tax_id` int(11) NOT NULL,
  `manufactor_id` int(11) NOT NULL DEFAULT '0',
  `title` varchar(45) COLLATE utf8_unicode_ci NOT NULL,
  `description` text COLLATE utf8_unicode_ci,
  `description_full` text COLLATE utf8_unicode_ci,
  `description_more` text COLLATE utf8_unicode_ci,
  `price` varchar(45) COLLATE utf8_unicode_ci DEFAULT NULL,
  `old_price` varchar(255) COLLATE utf8_unicode_ci DEFAULT NULL,
  `image` varchar(255) COLLATE utf8_unicode_ci DEFAULT NULL,
  `image2` varchar(255) COLLATE utf8_unicode_ci DEFAULT NULL,
  `image3` varchar(255) COLLATE utf8_unicode_ci DEFAULT NULL,
  `image4` varchar(255) COLLATE utf8_unicode_ci DEFAULT NULL,
  `language` varchar(45) COLLATE utf8_unicode_ci DEFAULT NULL,
  `specifications` text COLLATE utf8_unicode_ci,
  `featured` tinyint(1) NOT NULL DEFAULT '0',
  `view` int(11) NOT NULL DEFAULT '0',
  `published` tinyint(1) NOT NULL DEFAULT '0',
  `updated_datetime` datetime DEFAULT NULL,
  PRIMARY KEY (`product_id`),
  KEY `fk_products_category` (`category_id`),
  CONSTRAINT `shop_products_ibfk_1` FOREIGN KEY (`category_id`) REFERENCES `shop_category` (`category_id`)
) ENGINE=InnoDB AUTO_INCREMENT=18 DEFAULT CHARSET=utf8 COLLATE=utf8_unicode_ci;

-- ----------------------------
-- Records of shop_products
-- ----------------------------
INSERT INTO `shop_products` VALUES ('1', '', '12', '1', '0', 'Demonstration of Article with variations', 'Hello, World!', 'sadasd', null, '19.99', '', 'c4ca423811365430618_image.jpg', null, null, null, null, '{\"Size\":\"\",\"Color\":\"\",\"Some random attribute\":\"\",\"Material\":\"\",\"Specific number\":\"\"}', '0', '0', '1', null);
INSERT INTO `shop_products` VALUES ('2', '', '12', '2', '0', 'Another Demo Article with less Tax', '!!', '', null, '29.99', '', 'c81e728d21365430563_image.jpg', null, null, null, null, '{\"Size\":\"\",\"Color\":\"\",\"Some random attribute\":\"\",\"Material\":\"\",\"Specific number\":\"\"}', '0', '0', '1', null);
INSERT INTO `shop_products` VALUES ('3', null, '2', '1', '0', 'Demo3', '', null, null, '', null, null, null, null, null, null, '{\"Size\":\"\",\"Color\":\"\",\"Some random attribute\":\"\",\"Material\":\"\",\"Specific number\":\"\"}', '0', '0', '1', null);
INSERT INTO `shop_products` VALUES ('4', null, '4', '1', '0', 'Demo4', null, null, null, '7, 55', null, 'a87ff67941365350796_image.jpg', null, null, null, null, '{\"Size\":\"343\",\"Color\":\"\",\"Some random attribute\":\"\",\"Material\":\"\",\"Specific number\":\"\"}', '0', '1', '1', null);
INSERT INTO `shop_products` VALUES ('7', 'asdfasdfsdf', '4', '0', '0', 'asdfasdf', '', '', null, '', '', '8f14e45f71365350729_image.jpg', '', '', null, null, '{\"Size\":\"\",\"Color\":\"\",\"Some random attribute\":\"\",\"Material\":\"\",\"Specific number\":\"\"}', '0', '0', '1', null);
INSERT INTO `shop_products` VALUES ('9', 'may-phun-bi', '1', '0', '0', 'beam welding line', 'beam welding line', 'beam welding line', null, '1231231', null, '45c48cce91371020146_image.jpg', null, null, null, null, '{\"Size\":\"\",\"Color\":\"\",\"Some random attribute\":\"\",\"Material\":\"\",\"Specific number\":\"\"}', '1', '297', '1', null);
INSERT INTO `shop_products` VALUES ('10', 'm21321', '1', '0', '3', 'My khoan CNC', '<p><strong><br /></strong></p><ul><li><strong></strong></li></ul>', '<h2><br /></h2>', null, null, '43453453', 'd3d94468a1371020065_image.jpg', null, null, null, null, '{\"Size\":\"\",\"Color\":\"\",\"Some random attribute\":\"\",\"Material\":\"\",\"Specific number\":\"\"}', '1', '285', '1', null);
INSERT INTO `shop_products` VALUES ('11', null, '1', '0', '0', 'My lc CNC 4 trc', '<div><br /></div>', '<h2><br /></h2>', null, null, null, '6512bd43b1371023683_image.jpg', null, null, null, null, '{\"Size\":\"\",\"Color\":\"\",\"Some random attribute\":\"\",\"Material\":\"\",\"Specific number\":\"\"}', '1', '295', '1', null);
INSERT INTO `shop_products` VALUES ('12', null, '1', '0', '0', 'My ct CNC DAMA', '<ul><li><p style=\"\" text-align:justify;text-indent:-36.0pt\"=\"\"><strong>&nbsp; &nbsp; &nbsp; &nbsp;I.&nbsp;&nbsp;&nbsp;&nbsp;&nbsp;&nbsp;&nbsp;&nbsp;&nbsp;&nbsp;&nbsp;\r\n</strong><strong>THNG\r\nS K THUT CHNH</strong></p>\r\n<p style=\"\" text-align:justify;text-indent:-18.0pt\"=\"\">1.&nbsp;&nbsp;&nbsp;&nbsp;&nbsp;\r\nMy ct CNC 2 m ct  xy  gas v 1 m plasma</p>\r\n<p style=\"\" text-align:justify;text-indent:-18.0pt\"=\"\">2.&nbsp;&nbsp;&nbsp;&nbsp;&nbsp;\r\nTruyn ng dc ray: 02 ng c AC Servo/ Thanh\r\nrng/ Bnh rng</p>\r\n<p style=\"\" text-align:justify;text-indent:-18.0pt\"=\"\">3.&nbsp;&nbsp;&nbsp;&nbsp;&nbsp;\r\nTruyn ng ngang: ng c AC Servo/ Thanh rng/\r\nBnh rng, ai truyn</p>\r\n<p style=\"\" text-align:justify;text-indent:-18.0pt\"=\"\">4.&nbsp;&nbsp;&nbsp;&nbsp;&nbsp;\r\nV tr b iu khin: Bn tri</p>\r\n<p style=\"\" text-align:justify;text-indent:-18.0pt\"=\"\">5.&nbsp;&nbsp;&nbsp;&nbsp;&nbsp;\r\nKhong cch ray: 5500mm</p>\r\n<p style=\"\" text-align:justify;text-indent:-18.0pt\"=\"\">6.&nbsp;&nbsp;&nbsp;&nbsp;&nbsp;\r\nChiu rng ct hu ch: 4500mm</p>\r\n<p style=\"\" text-align:justify;text-indent:-18.0pt\"=\"\">7.&nbsp;&nbsp;&nbsp;&nbsp;&nbsp;\r\nChiu di ray: 18000mm</p>\r\n<p style=\"\" text-align:justify;text-indent:-18.0pt\"=\"\">8.&nbsp;&nbsp;&nbsp;&nbsp;&nbsp;\r\nChiu di ct hu ch 15500mm</p>\r\n<p style=\"\" text-align:justify;text-indent:-18.0pt\"=\"\">9.&nbsp;&nbsp;&nbsp;&nbsp;&nbsp;\r\nTc  ct: Xem phn Plasma&nbsp;&nbsp;&nbsp;&nbsp;&nbsp;&nbsp; </p>\r\n<p style=\"\" text-align:justify;text-indent:-18.0pt\"=\"\">10.&nbsp; Tc\r\n khng chuyn ng: 18000mm/pht</p>\r\n<p style=\"\" text-align:justify;text-indent:-18.0pt\"=\"\">11.&nbsp; \r\nchnh xc</p>\r\n<p> chnh xc thng:\r\n&nbsp;&nbsp;   0.2mm</p>\r\n<p> chnh xc\r\nvung:&nbsp;&nbsp;&nbsp;&nbsp;&nbsp;&nbsp;&nbsp;&nbsp;&nbsp;&nbsp;&nbsp;  0.5mm /4M*3M&nbsp;&nbsp;&nbsp;&nbsp;&nbsp;&nbsp;&nbsp;&nbsp;&nbsp;&nbsp;&nbsp;&nbsp;&nbsp;&nbsp;&nbsp;&nbsp;&nbsp;&nbsp;&nbsp;&nbsp;&nbsp;&nbsp;&nbsp;&nbsp;&nbsp;&nbsp;&nbsp;&nbsp;&nbsp;&nbsp;&nbsp;&nbsp;&nbsp;&nbsp;&nbsp;&nbsp;&nbsp;&nbsp;&nbsp;&nbsp;&nbsp;&nbsp;&nbsp;&nbsp;&nbsp;&nbsp; </p>\r\n<p style=\"\" text-align:justify;text-indent:-18.0pt\"=\"\">12.&nbsp; Kh\r\nnng ct</p>\r\n<p> xy  Gas: 1 m:\r\n300mm; 2 m: 150mm&nbsp;&nbsp;&nbsp;&nbsp;&nbsp;&nbsp;&nbsp; </p>\r\n<p>Plasma: Xem phn\r\nPlasma</p>\r\n<p style=\"\" text-align:justify;text-indent:-18.0pt\"=\"\">13.&nbsp; Dn\r\ncp v ng kh cc loi bng xch nha, mng cp chuyn dng</p>\r\n<p style=\"\" text-align:justify;text-indent:-18.0pt\"=\"\">14.&nbsp; Ngun\r\nin: 3 pha, 220V, 50Hz, 5KVA(  bao gm bin p  dng ngun in 380V)</p>\r\n<p style=\"\" text-align:justify;text-indent:-18.0pt\"=\"\">15.&nbsp; Kh\r\nct: O2, Gas, kh nn( Plasma)</p>  </li></ul><ul><li></li></ul>', '<p>&nbsp;</p>\r\n<p style=\"\" text-align:justify;text-indent:-36.0pt\"=\"\"><strong>&nbsp;&nbsp;&nbsp;&nbsp;&nbsp;&nbsp; I.&nbsp;&nbsp;&nbsp;&nbsp;&nbsp;&nbsp;&nbsp;&nbsp;&nbsp;&nbsp;&nbsp;\r\n</strong><strong>THNG\r\nS K THUT CHNH</strong></p>\r\n<p style=\"\" text-align:justify;text-indent:-18.0pt\"=\"\">1.&nbsp;&nbsp;&nbsp;&nbsp;&nbsp;\r\nMy ct CNC 2 m ct  xy  gas v 1 m plasma</p>\r\n<p style=\"\" text-align:justify;text-indent:-18.0pt\"=\"\">2.&nbsp;&nbsp;&nbsp;&nbsp;&nbsp;\r\nTruyn ng dc ray: 02 ng c AC Servo/ Thanh\r\nrng/ Bnh rng</p>\r\n<p style=\"\" text-align:justify;text-indent:-18.0pt\"=\"\">3.&nbsp;&nbsp;&nbsp;&nbsp;&nbsp;\r\nTruyn ng ngang: ng c AC Servo/ Thanh rng/\r\nBnh rng, ai truyn</p>\r\n<p style=\"\" text-align:justify;text-indent:-18.0pt\"=\"\">4.&nbsp;&nbsp;&nbsp;&nbsp;&nbsp;\r\nV tr b iu khin: Bn tri</p>\r\n<p style=\"\" text-align:justify;text-indent:-18.0pt\"=\"\">5.&nbsp;&nbsp;&nbsp;&nbsp;&nbsp;\r\nKhong cch ray: 5500mm</p>\r\n<p style=\"\" text-align:justify;text-indent:-18.0pt\"=\"\">6.&nbsp;&nbsp;&nbsp;&nbsp;&nbsp;\r\nChiu rng ct hu ch: 4500mm</p>\r\n<p style=\"\" text-align:justify;text-indent:-18.0pt\"=\"\">7.&nbsp;&nbsp;&nbsp;&nbsp;&nbsp;\r\nChiu di ray: 18000mm</p>\r\n<p style=\"\" text-align:justify;text-indent:-18.0pt\"=\"\">8.&nbsp;&nbsp;&nbsp;&nbsp;&nbsp;\r\nChiu di ct hu ch 15500mm</p>\r\n<p style=\"\" text-align:justify;text-indent:-18.0pt\"=\"\">9.&nbsp;&nbsp;&nbsp;&nbsp;&nbsp;\r\nTc  ct: Xem phn Plasma&nbsp;&nbsp;&nbsp;&nbsp;&nbsp;&nbsp; </p>\r\n<p style=\"\" text-align:justify;text-indent:-18.0pt\"=\"\">10.&nbsp; Tc\r\n khng chuyn ng: 18000mm/pht</p>\r\n<p style=\"\" text-align:justify;text-indent:-18.0pt\"=\"\">11.&nbsp; \r\nchnh xc</p>\r\n<p> chnh xc thng:\r\n&nbsp;&nbsp;   0.2mm</p>\r\n<p> chnh xc\r\nvung:&nbsp;&nbsp;&nbsp;&nbsp;&nbsp;&nbsp;&nbsp;&nbsp;&nbsp;&nbsp;&nbsp;  0.5mm /4M*3M&nbsp;&nbsp;&nbsp;&nbsp;&nbsp;&nbsp;&nbsp;&nbsp;&nbsp;&nbsp;&nbsp;&nbsp;&nbsp;&nbsp;&nbsp;&nbsp;&nbsp;&nbsp;&nbsp;&nbsp;&nbsp;&nbsp;&nbsp;&nbsp;&nbsp;&nbsp;&nbsp;&nbsp;&nbsp;&nbsp;&nbsp;&nbsp;&nbsp;&nbsp;&nbsp;&nbsp;&nbsp;&nbsp;&nbsp;&nbsp;&nbsp;&nbsp;&nbsp;&nbsp;&nbsp;&nbsp; </p>\r\n<p style=\"\" text-align:justify;text-indent:-18.0pt\"=\"\">12.&nbsp; Kh\r\nnng ct</p>\r\n<p> xy  Gas: 1 m:\r\n300mm; 2 m: 150mm&nbsp;&nbsp;&nbsp;&nbsp;&nbsp;&nbsp;&nbsp; </p>\r\n<p>Plasma: Xem phn\r\nPlasma</p>\r\n<p style=\"\" text-align:justify;text-indent:-18.0pt\"=\"\">13.&nbsp; Dn\r\ncp v ng kh cc loi bng xch nha, mng cp chuyn dng</p>\r\n<p style=\"\" text-align:justify;text-indent:-18.0pt\"=\"\">14.&nbsp; Ngun\r\nin: 3 pha, 220V, 50Hz, 5KVA(  bao gm bin p  dng ngun in 380V)</p>\r\n<p style=\"\" text-align:justify;text-indent:-18.0pt\"=\"\">15.&nbsp; Kh\r\nct: O2, Gas, kh nn( Plasma)</p>\r\n<p>&nbsp;</p>\r\n<p style=\"\" text-align:justify;text-indent:-36.0pt\"=\"\"><strong>&nbsp;&nbsp;&nbsp; II.&nbsp;&nbsp;&nbsp;&nbsp;&nbsp;&nbsp;&nbsp;&nbsp;&nbsp;&nbsp;&nbsp;\r\n</strong><strong>THNG\r\nS K THUT B IU KHIN S</strong></p>\r\n<p style=\"\" text-align:justify;text-indent:-18.0pt\"=\"\">1.&nbsp;&nbsp;&nbsp;&nbsp;&nbsp;\r\nB\r\niu khin BURNY 10 Plus( M) chuyn dng cho my ct CNC</p>\r\n<p style=\"\" text-align:justify;text-indent:-18.0pt\"=\"\">2.&nbsp;&nbsp;&nbsp;&nbsp;&nbsp;\r\nMn\r\nhnh cm ng 15</p>\r\n<p style=\"\" text-align:justify;text-indent:-18.0pt\"=\"\">3.&nbsp;&nbsp;&nbsp;&nbsp;&nbsp;\r\nH\r\niu hnh Windows XP -based</p>\r\n<p style=\"\" text-align:justify;text-indent:-18.0pt\"=\"\">4.&nbsp;&nbsp;&nbsp;&nbsp;&nbsp;\r\niu\r\nkhin CNC 3 trc ( X, XX, Y)</p>\r\n<p style=\"\" text-align:justify;text-indent:-18.0pt\"=\"\">5.&nbsp;&nbsp;&nbsp;&nbsp;&nbsp;\r\n\r\ncng 80GB,  mm 1.44MB, USB 2.0</p>\r\n<p style=\"\" text-align:justify;text-indent:-18.0pt\"=\"\">6.&nbsp;&nbsp;&nbsp;&nbsp;&nbsp;\r\n1GB\r\nRAM</p>\r\n<p style=\"\" text-align:justify;text-indent:-18.0pt\"=\"\">7.&nbsp;&nbsp;&nbsp;&nbsp;&nbsp;\r\nCc\r\nnt phm cng iu khin c bn: Vng lp Khi ng, Vng lp dng, Chuyn n,\r\nquay li theo ng ct</p>\r\n<p style=\"\" text-align:justify;text-indent:-18.0pt\"=\"\">8.&nbsp;&nbsp;&nbsp;&nbsp;&nbsp;\r\nPhm\r\nchuyn ng 8 hng</p>\r\n<p style=\"\" text-align:justify;text-indent:-18.0pt\"=\"\">9.&nbsp;&nbsp;&nbsp;&nbsp;&nbsp;\r\nHin\r\nth v tr thc</p>\r\n<p style=\"\" text-align:justify;text-indent:-18.0pt\"=\"\">10.&nbsp; Hin th hnh ct thc vi chc\r\nnng trch 1 phn, ton phn, phng to, thu nh</p>\r\n<p style=\"\" text-align:justify;text-indent:-18.0pt\"=\"\">11.&nbsp; Chc nng b mch ct, c l,\r\ngia nhit, 8 khong cch b v tr tng i</p>\r\n<p style=\"\" text-align:justify;text-indent:-18.0pt\"=\"\">12.&nbsp; Th vin hnh ct vi 50 hnh c\r\nbn</p>\r\n<p style=\"\" text-align:justify;text-indent:-18.0pt\"=\"\">13.&nbsp; Chuyn i qua li h n v\r\nmt/ inch</p>\r\n<p style=\"\" text-align:justify;text-indent:-18.0pt\"=\"\">14.&nbsp; Nhn m ha ESSI hoc EIA</p>\r\n<p style=\"\" text-align:justify;text-indent:-18.0pt\"=\"\">15.&nbsp; Ct theo th t v ct u tin</p>\r\n<p style=\"\" text-align:justify;text-indent:-18.0pt\"=\"\">16.&nbsp; Chc nng quay, ly i xng,\r\nphng to, thu nh, nhn bn hnh ct</p>\r\n<p style=\"\" text-align:justify;text-indent:-18.0pt\"=\"\">17.&nbsp; Cc thng bo v chng trnh ct</p>\r\n<p style=\"\" text-align:justify;text-indent:-18.0pt\"=\"\">18.&nbsp; c trc tip file dxf( AutoCAD)</p>\r\n<p style=\"\" text-align:justify;text-indent:-18.0pt\"=\"\">19.&nbsp; Panel</p>\r\n<p>Cng tc ln/ xung m ct</p>\r\n<p>Dng khn cp</p>\r\n<p>iu chnh tc </p>\r\n<p>&nbsp;</p>\r\n<p style=\"\" text-align:justify;text-indent:-36.0pt\"=\"\"><strong>&nbsp;III.&nbsp;&nbsp;&nbsp;&nbsp;&nbsp;&nbsp;&nbsp;&nbsp;&nbsp;&nbsp;&nbsp;\r\n</strong><strong>THNG\r\nS K THUT PHN PLASMA</strong></p>\r\n<p style=\"\" margin-left:35.45pt;text-align:justify;text-indent:-18.0pt\"=\"\"><strong>A.&nbsp;&nbsp;&nbsp; </strong><strong>Ngun\r\nct: Hypertherm POWERMAX105</strong></p>\r\n<p style=\"\" margin-left:35.45pt;text-align:justify;text-indent:-18.0pt\"=\"\">1.&nbsp;&nbsp;&nbsp;&nbsp;&nbsp;\r\nNgun\r\ncung cp: 380 V, 3-PH, 50/60 Hz,</p>\r\n<p style=\"\" margin-left:35.45pt;text-align:justify;text-indent:-18.0pt\"=\"\">2.&nbsp;&nbsp;&nbsp;&nbsp;&nbsp;\r\nCng\r\nsut: 16.8kW</p>\r\n<p style=\"\" margin-left:35.45pt;text-align:justify;text-indent:-18.0pt\"=\"\">3.&nbsp;&nbsp;&nbsp;&nbsp;&nbsp;\r\nDng\r\nin ct: 30 - 105 A</p>\r\n<p style=\"\" margin-left:35.45pt;text-align:justify;text-indent:-18.0pt\"=\"\">4.&nbsp;&nbsp;&nbsp;&nbsp;&nbsp;\r\nKh\r\nnng ct: Xem bng thng s ct Plasma</p>\r\n<p style=\"\" margin-left:35.45pt;text-align:justify;text-indent:-18.0pt\"=\"\">5.&nbsp;&nbsp;&nbsp;&nbsp;&nbsp;\r\nGc\r\nvt ct Plasma&nbsp;&nbsp;&nbsp;&nbsp; 3<sup>o</sup>~ 5<sup>o</sup>\r\n&nbsp;&nbsp;&nbsp;&nbsp;&nbsp;&nbsp;&nbsp;&nbsp;&nbsp;&nbsp;&nbsp;&nbsp;&nbsp;&nbsp;&nbsp;&nbsp;&nbsp;&nbsp;&nbsp;</p>\r\n<p style=\"\" margin-left:35.45pt;text-align:justify;text-indent:-18.0pt\"=\"\">6.&nbsp;&nbsp;&nbsp;&nbsp;&nbsp;\r\nChu\r\nk lm vic: 60% ti 85A</p>\r\n<p style=\"\" margin-left:35.45pt;text-align:justify;text-indent:-18.0pt\"=\"\">7.&nbsp;&nbsp;&nbsp;&nbsp;&nbsp;\r\nKh\r\nct: N2 hoc O2</p>\r\n<p style=\"\" margin-left:35.45pt;text-align:justify;text-indent:-18.0pt\"=\"\"><strong>B.&nbsp;&nbsp;&nbsp;&nbsp; </strong><strong>Trn\r\nb thit b</strong></p>\r\n<p style=\"\" margin-left:35.45pt;text-align:justify;text-indent:-18.0pt\"=\"\">1.&nbsp;&nbsp;&nbsp;&nbsp;&nbsp;\r\nNgun\r\nct</p>\r\n<p style=\"\" margin-left:35.45pt;text-align:justify;text-indent:-18.0pt\"=\"\">2.&nbsp;&nbsp;&nbsp;&nbsp;&nbsp;\r\nM\r\nct</p>\r\n<p style=\"\" margin-left:35.45pt;text-align:justify;text-indent:-18.0pt\"=\"\">3.&nbsp;&nbsp;&nbsp;&nbsp;&nbsp;\r\nH\r\nthng lm mt bng kh</p>\r\n<p style=\"\" margin-left:35.45pt;text-align:justify;text-indent:-18.0pt\"=\"\">4.&nbsp;&nbsp;&nbsp;&nbsp;&nbsp;\r\nCp\r\ncng sut</p>\r\n<p style=\"\" margin-left:35.45pt;text-align:justify;text-indent:-18.0pt\"=\"\">5.&nbsp;&nbsp;&nbsp;&nbsp;&nbsp;\r\nB\r\nph tng tiu hao km theo</p>\r\n<p style=\"\" margin-left:35.45pt;text-align:justify;text-indent:-18.0pt\"=\"\">6.&nbsp;&nbsp;&nbsp;&nbsp;&nbsp;\r\nBng\r\nmch kt ni vi my CNC</p>\r\n<p style=\"\" margin-left:35.45pt;text-align:justify;text-indent:-18.0pt\"=\"\"><strong>C.&nbsp;&nbsp;&nbsp; </strong><strong>Bng </strong><strong>thng s ct\r\ntham kho</strong></p>\r\n<p style=\"\" margin-left:21.3pt;text-align:justify\"\"=\"\"><img width=\"633\" height=\"378\" src=\"file:///C:/Users/Nguyen/AppData/Local/Temp/msohtmlclip1/01/clip_image002.png\" v:shapes=\"Picture_x0020_5\" /><strong></strong></p>\r\n<p><strong>&nbsp;</strong></p>\r\n<p style=\"\" text-align:justify;text-indent:-36.0pt\"=\"\"><strong>&nbsp;IV.&nbsp;&nbsp;&nbsp;&nbsp;&nbsp;&nbsp;&nbsp;&nbsp;&nbsp;&nbsp;&nbsp;\r\n</strong><strong>B PHN\r\nIU KHIN  CAO DAMA STHC PLASMA</strong></p>\r\n<p style=\"\" margin-left:35.45pt;text-align:justify;text-indent:-18.0pt\"=\"\"><strong>A.&nbsp;&nbsp;&nbsp; </strong><strong>C cu nng h v truyn ng</strong></p>\r\n<p style=\"\" margin-left:35.45pt;text-align:justify;text-indent:-18.0pt\"=\"\">1.&nbsp;&nbsp;&nbsp;&nbsp;&nbsp;\r\nng c Servo/ thanh trt nng h m ct, tc \r\nnng h 6500mm/pht</p>\r\n<p style=\"\" margin-left:35.45pt;text-align:justify;text-indent:-18.0pt\"=\"\">2.&nbsp;&nbsp;&nbsp;&nbsp;&nbsp;\r\nC cu bo v m bng t tnh</p>\r\n<p style=\"\" margin-left:35.45pt;text-align:justify;text-indent:-18.0pt\"=\"\">3.&nbsp;&nbsp;&nbsp;&nbsp;&nbsp;\r\nChuyn ng v  cao ban u t trc, tc \r\n1050mm/pht&nbsp;&nbsp;&nbsp;&nbsp;&nbsp;&nbsp;&nbsp;&nbsp;&nbsp;&nbsp;&nbsp;&nbsp;&nbsp;&nbsp;&nbsp;&nbsp;&nbsp;&nbsp;&nbsp;&nbsp;&nbsp;&nbsp;&nbsp;&nbsp;&nbsp;&nbsp;&nbsp;&nbsp;&nbsp;&nbsp;&nbsp;&nbsp;&nbsp;&nbsp;&nbsp;&nbsp;&nbsp;&nbsp;&nbsp;&nbsp;&nbsp;&nbsp; </p>\r\n<p style=\"\" margin-left:35.45pt;text-align:justify;text-indent:-18.0pt\"=\"\">4.&nbsp;&nbsp;&nbsp;&nbsp;&nbsp;\r\nCm bin  cao theo in p ct</p>\r\n<p style=\"\" margin-left:35.45pt;text-align:justify;text-indent:-18.0pt\"=\"\"><strong>B.&nbsp;&nbsp;&nbsp;&nbsp; </strong><strong>iu khin v kt ni vi my CNC</strong></p>\r\n<p style=\"\" margin-left:35.45pt;text-align:justify;text-indent:-18.0pt\"=\"\">1.&nbsp;&nbsp;&nbsp;&nbsp;&nbsp;\r\nMn hnh LCD vi cc trang chc nng iu khin/\r\nci t thng s ct/ hin th trng thi&nbsp;&nbsp;&nbsp;&nbsp;&nbsp;&nbsp;&nbsp;&nbsp; </p>\r\n<p style=\"\" margin-left:35.45pt;text-align:justify;text-indent:-18.0pt\"=\"\">2.&nbsp;&nbsp;&nbsp;&nbsp;&nbsp;\r\nCh  iu chnh  cao bng tay v t ng</p>\r\n<p style=\"\" margin-left:35.45pt;text-align:justify;text-indent:-18.0pt\"=\"\">3.&nbsp;&nbsp;&nbsp;&nbsp;&nbsp;\r\nCho php iu chnh in p ct trong lc ct</p>\r\n<p style=\"\" margin-left:35.45pt;text-align:justify;text-indent:-18.0pt\"=\"\">4.&nbsp;&nbsp;&nbsp;&nbsp;&nbsp;\r\nCho php iu chnh  cao c l trong lc ct</p>\r\n<p style=\"\" margin-left:35.45pt;text-align:justify;text-indent:-18.0pt\"=\"\">5.&nbsp;&nbsp;&nbsp;&nbsp;&nbsp;\r\nCho php iu chnh  cao trong lc ct</p>\r\n<p style=\"\" margin-left:35.45pt;text-align:justify;text-indent:-18.0pt\"=\"\">6.&nbsp;&nbsp;&nbsp;&nbsp;&nbsp;\r\nCho php thay i thi gian c l trong lc ct</p>\r\n<p style=\"\" margin-left:35.45pt;text-align:justify;text-indent:-18.0pt\"=\"\">7.&nbsp;&nbsp;&nbsp;&nbsp;&nbsp;\r\nChc nng nng m khi gp s c c l b l</p>\r\n<p style=\"\" margin-left:35.45pt;text-align:justify;text-indent:-18.0pt\"=\"\">8.&nbsp;&nbsp;&nbsp;&nbsp;&nbsp;\r\nTch hp dy Ohmic cho php ly  cao ban u</p>\r\n<p style=\"\" margin-left:35.45pt;text-align:justify;text-indent:-18.0pt\"=\"\">9.&nbsp;&nbsp;&nbsp;&nbsp;&nbsp;\r\nCi t  cao m bt k v nh c v tr ci\r\nt</p>\r\n<p style=\"\" margin-left:35.45pt;text-align:justify;text-indent:-18.0pt\"=\"\">10.&nbsp; Ch\r\n tr thi gian kt thc ng ct  ng ct t cht lng cao  cui ng\r\nct, hu ch trong vic ct Inox, kim loi mu</p>\r\n<p style=\"\" margin-left:35.45pt;text-align:justify;text-indent:-18.0pt\"=\"\">11.&nbsp; Chc\r\nnng ra kh trc khi ct gip gim thiu thi gian c l</p>\r\n<p style=\"\" margin-left:35.45pt;text-align:justify;text-indent:-18.0pt\"=\"\">12.&nbsp; Chc\r\nnng b in p ct</p>\r\n<p style=\"\" margin-left:35.45pt;text-align:justify\"\"=\"\">&nbsp;</p>\r\n<p style=\"\" text-align:justify;text-indent:-36.0pt\"=\"\"><strong>&nbsp;&nbsp;&nbsp; V.&nbsp;&nbsp;&nbsp;&nbsp;&nbsp;&nbsp;&nbsp;&nbsp;&nbsp;&nbsp;&nbsp;\r\n</strong><strong>PHN\r\nMM FASTCAM</strong></p>\r\n<p>Fastcam phin bn\r\nProfessional l phn mm v v chnh sa bn v 2D, sp xp hnh ct, ci t\r\nng ct v chuyn i file AutoCAD vi 4 chc nng chnh</p>\r\n<p style=\"\" margin-left:35.45pt;text-align:justify;text-indent:-18.0pt\"=\"\">1.&nbsp;&nbsp;&nbsp;&nbsp;&nbsp;\r\nFastCAM</p>\r\n<p style=\"\" margin-left:35.45pt;text-align:justify\"\"=\"\">Phn mm v v chnh sa bn v</p>\r\n<p style=\"\" margin-left:35.45pt;text-align:justify;text-indent:-18.0pt\"=\"\">2.&nbsp;&nbsp;&nbsp;&nbsp;&nbsp;\r\nFastNEST</p>\r\n<p style=\"\" margin-left:35.45pt;text-align:justify\"\"=\"\">Sp xp hnh ct  ti u ha phi liu</p>\r\n<p style=\"\" margin-left:35.45pt;text-align:justify;text-indent:-18.0pt\"=\"\">3.&nbsp;&nbsp;&nbsp;&nbsp;&nbsp;\r\nFastPATH</p>\r\n<p style=\"\" margin-left:35.45pt;text-align:justify\"\"=\"\">Ci t v iu chnh ng ct bao gm c ng ly du,\r\nng ct, bn v c nhiu lp ct</p>\r\n<p style=\"\" margin-left:35.45pt;text-align:justify\"\"=\"\">H tr nhiu b iu khin CNC, m ESSI, EIA, G/M code</p>\r\n<p style=\"\" margin-left:35.45pt;text-align:justify\"\"=\"\">H tr b ng ct, t im c l ban u, cc im\r\nbt u v kt thc chi tit ct, chng vnh tn khi ct cc ng ct di</p>\r\n<p style=\"\" margin-left:35.45pt;text-align:justify;text-indent:-18.0pt\"=\"\">4.&nbsp;&nbsp;&nbsp;&nbsp;&nbsp;\r\nFast PLOT</p>\r\n<p style=\"\" margin-left:35.45pt;text-align:justify\"\"=\"\">Kim tra li trn file NC, m phng ct t ng v bng\r\ntay, o v b mch ct</p>\r\n<p style=\"\" margin-left:35.45pt;text-align:justify\"\"=\"\">Chuyn i qua li file CAM/DXF/DWG</p>\r\n<p style=\"\" margin-left:35.45pt;text-align:justify\"\"=\"\">Qun l phi liu, ng ct, chi tit ct</p>\r\n<p style=\"\" margin-left:35.45pt;text-align:justify\"\"=\"\">&nbsp;</p>\r\n<p style=\"\" text-align:justify;text-indent:-36.0pt\"=\"\"><strong>&nbsp;VI.&nbsp;&nbsp;&nbsp;&nbsp;&nbsp;&nbsp;&nbsp;&nbsp;&nbsp;&nbsp;&nbsp;\r\n</strong><strong>PHM\r\nVI CUNG CP</strong></p>\r\n<p style=\"\" margin-left:35.45pt;text-align:justify;text-indent:-18.0pt\"=\"\">1.&nbsp;&nbsp;&nbsp;&nbsp;&nbsp; Khung\r\nb dng cng h tr ng c hai bn( khong cch 5500mm): 1 b</p>\r\n<p style=\"\" margin-left:35.45pt;text-align:justify;text-indent:-18.0pt\"=\"\">2.&nbsp;&nbsp;&nbsp;&nbsp;&nbsp; B\r\niu khin s BURNY 10 Plus: 1 b</p>\r\n<p style=\"\" margin-left:35.45pt;text-align:justify;text-indent:-18.0pt\"=\"\">3.&nbsp;&nbsp;&nbsp;&nbsp;&nbsp; ng\r\nc AC SERVO km encoder, hp s: 3 b</p>\r\n<p style=\"\" margin-left:35.45pt;text-align:justify;text-indent:-18.0pt\"=\"\">4.&nbsp;&nbsp;&nbsp;&nbsp;&nbsp; Ray\r\nv ph kin lp ray: 18m</p>\r\n<p style=\"\" margin-left:35.45pt;text-align:justify;text-indent:-18.0pt\"=\"\">5.&nbsp;&nbsp;&nbsp;&nbsp;&nbsp; Ngun\r\nct Plasma Hypertherm Powermax105: 1 b</p>\r\n<p style=\"\" margin-left:35.45pt;text-align:justify;text-indent:-18.0pt\"=\"\">6.&nbsp;&nbsp;&nbsp;&nbsp;&nbsp; B\r\ncm bin  cao DAMA PLASMA AVC STHC: 1 b</p>\r\n<p style=\"\" margin-left:35.45pt;text-align:justify;text-indent:-18.0pt\"=\"\">7.&nbsp;&nbsp;&nbsp;&nbsp;&nbsp; M\r\nct hi: 2 b</p>\r\n<p style=\"\" margin-left:35.45pt;text-align:justify;text-indent:-18.0pt\"=\"\">8.&nbsp;&nbsp;&nbsp;&nbsp;&nbsp; B\r\niu khin kh ct c lp: 2 b</p>\r\n<p style=\"\" margin-left:35.45pt;text-align:justify;text-indent:-18.0pt\"=\"\">9.&nbsp;&nbsp;&nbsp;&nbsp;&nbsp; B\r\niu khin kh ct: 2 b</p>\r\n<p style=\"\" margin-left:35.45pt;text-align:justify\"\"=\"\">ng h hin th v iu chnh p\r\nsut kh ct cao/ thp</p>\r\n<p style=\"\" margin-left:35.45pt;text-align:justify\"\"=\"\">H thng chnh kh t ng c l</p>\r\n<p style=\"\" margin-left:35.45pt;text-align:justify\"\"=\"\">iu khin kh ct gia nhit 2 mc\r\ncao/ thp</p>\r\n<p style=\"\" margin-left:35.45pt;text-align:justify;text-indent:-18.0pt\"=\"\">10.&nbsp; B\r\nphn phi kh: 1 b</p>\r\n<p style=\"\" margin-left:35.45pt;text-align:justify\"\"=\"\">B phn phi trung tm</p>\r\n<p style=\"\" margin-left:35.45pt;text-align:justify\"\"=\"\">Van in t</p>\r\n<p style=\"\" margin-left:35.45pt;text-align:justify\"\"=\"\">Phn phi  xy, Gas</p>\r\n<p style=\"\" margin-left:35.45pt;text-align:justify;text-indent:-18.0pt\"=\"\">11.&nbsp; B\r\nt ng nh la: 2 b</p>\r\n<p style=\"\" margin-left:35.45pt;text-align:justify;text-indent:-18.0pt\"=\"\">12.&nbsp; B\r\ncm bin  cao BURNY CHC6: 2 b</p>\r\n<p style=\"\" margin-left:35.45pt;text-align:justify;text-indent:-18.0pt\"=\"\">13.&nbsp; B\r\nnh v Laser: 1 b</p>\r\n<p style=\"\" margin-left:35.45pt;text-align:justify;text-indent:-18.0pt\"=\"\">14.&nbsp; iu\r\nkhin t xa: 1 b</p>\r\n<p style=\"\" margin-left:35.45pt;text-align:justify;text-indent:-18.0pt\"=\"\">15.&nbsp; Xch\r\nnha c bit cp v thu hi cp, dy, ng kh: dc ray v ngang my</p>\r\n<p style=\"\" margin-left:35.45pt;text-align:justify;text-indent:-18.0pt\"=\"\">16.&nbsp; B\r\nlm mt b iu khin s</p>\r\n<p style=\"\" margin-left:35.45pt;text-align:justify;text-indent:-18.0pt\"=\"\">17.&nbsp; Hp\r\n ngh chuyn dng: 1 b</p>\r\n<p style=\"\" margin-left:35.45pt;text-align:justify;text-indent:-18.0pt\"=\"\">18.&nbsp; Ti\r\nliu: 1 b</p>\r\n<p style=\"\" margin-left:35.45pt;text-align:justify;text-indent:-18.0pt\"=\"\">19.&nbsp; Bn\r\nv b tr my&nbsp; </p>\r\n<p style=\"\" margin-left:35.45pt;text-align:justify;text-indent:-18.0pt\"=\"\">20.&nbsp; Bn\r\nv bn ct v dm H</p>\r\n<p style=\"\" margin-left:35.45pt;text-align:justify;text-indent:-18.0pt\"=\"\">21.&nbsp; Phn\r\nmm FastCAM: 1 b</p>\r\n<p style=\"\" margin-left:35.45pt;text-align:justify\"\"=\"\">&nbsp;</p>\r\n<p style=\"\" text-align:justify;text-indent:-36.0pt\"=\"\"><strong>VII.&nbsp;&nbsp;&nbsp;&nbsp;&nbsp;&nbsp;&nbsp;&nbsp;&nbsp;&nbsp;&nbsp;\r\n</strong><strong>KHCH\r\nHNG CN CHUN B</strong></p>\r\n<p style=\"\" margin-left:35.45pt;text-align:justify;text-indent:-18.0pt\"=\"\">1.&nbsp;&nbsp;&nbsp;&nbsp;&nbsp;\r\nNgun in  cng sut</p>\r\n<p style=\"\" margin-left:35.45pt;text-align:justify;text-indent:-18.0pt\"=\"\">2.&nbsp;&nbsp;&nbsp;&nbsp;&nbsp;\r\nBn ct</p>\r\n<p style=\"\" margin-left:35.45pt;text-align:justify;text-indent:-18.0pt\"=\"\">3.&nbsp;&nbsp;&nbsp;&nbsp;&nbsp;\r\nNgun cung cp kh ct c van ng m kh</p>\r\n<p style=\"\" margin-left:35.45pt;text-align:justify;text-indent:-18.0pt\"=\"\">4.&nbsp;&nbsp;&nbsp;&nbsp;&nbsp;\r\nTip a &lt; 5</p>\r\n<p style=\"\" margin-left:35.45pt;text-align:justify;text-indent:-18.0pt\"=\"\">5.&nbsp;&nbsp;&nbsp;&nbsp;&nbsp;\r\nMy tnh dnh ring cho phn mm FastCAM</p>', null, null, null, 'c20ad4d7c1370853033_image.jpg', null, null, null, null, '{\"Size\":\"\",\"Color\":\"\",\"Some random attribute\":\"\",\"Material\":\"\",\"Specific number\":\"\"}', '1', '314', '1', null);
INSERT INTO `shop_products` VALUES ('13', 'test', '1', '0', '0', 'tesst multi cate', 'asdfasdfs', null, null, null, null, 'c51ce410d1370972065_image.jpg', null, null, null, null, null, '0', '230', '1', null);
INSERT INTO `shop_products` VALUES ('14', 'test', '1', '0', '0', 'tesst multi cate', 'asdfasdfs', null, null, null, null, 'aab32389e1371019927_image.jpg', null, null, null, null, null, '0', '217', '1', null);
INSERT INTO `shop_products` VALUES ('16', null, '1', '0', '0', 'adfasdfs', 'dadsf', 'dfasd', null, null, null, null, null, null, null, null, null, '0', '216', '1', null);
INSERT INTO `shop_products` VALUES ('17', null, '1', '0', '0', 'dsadas', null, null, null, null, null, null, null, null, null, null, null, '0', '217', '1', null);

-- ----------------------------
-- Table structure for shop_product_category
-- ----------------------------
DROP TABLE IF EXISTS `shop_product_category`;
CREATE TABLE `shop_product_category` (
  `id` int(11) NOT NULL AUTO_INCREMENT,
  `category_id` int(11) NOT NULL DEFAULT '0',
  `product_id` int(11) NOT NULL DEFAULT '0',
  `type` tinyint(3) NOT NULL DEFAULT '0',
  PRIMARY KEY (`id`)
) ENGINE=InnoDB AUTO_INCREMENT=74 DEFAULT CHARSET=utf8;

-- ----------------------------
-- Records of shop_product_category
-- ----------------------------
INSERT INTO `shop_product_category` VALUES ('28', '6', '8', '0');
INSERT INTO `shop_product_category` VALUES ('29', '4', '8', '0');
INSERT INTO `shop_product_category` VALUES ('30', '7', '8', '0');
INSERT INTO `shop_product_category` VALUES ('31', '8', '8', '0');
INSERT INTO `shop_product_category` VALUES ('49', '4', '9', '0');
INSERT INTO `shop_product_category` VALUES ('50', '1', '11', '0');
INSERT INTO `shop_product_category` VALUES ('52', '6', '15', '0');
INSERT INTO `shop_product_category` VALUES ('53', '6', '14', '0');
INSERT INTO `shop_product_category` VALUES ('55', '14', '10', '0');
INSERT INTO `shop_product_category` VALUES ('56', '1', '16', '0');
INSERT INTO `shop_product_category` VALUES ('60', '4', '17', '0');
INSERT INTO `shop_product_category` VALUES ('65', '1', '18', '0');
INSERT INTO `shop_product_category` VALUES ('67', '5', '12', '0');
INSERT INTO `shop_product_category` VALUES ('68', '1', '13', '0');
INSERT INTO `shop_product_category` VALUES ('69', '6', '13', '0');
INSERT INTO `shop_product_category` VALUES ('70', '4', '13', '0');
INSERT INTO `shop_product_category` VALUES ('71', '7', '13', '0');
INSERT INTO `shop_product_category` VALUES ('72', '8', '13', '0');
INSERT INTO `shop_product_category` VALUES ('73', '9', '13', '0');

-- ----------------------------
-- Table structure for shop_product_specification
-- ----------------------------
DROP TABLE IF EXISTS `shop_product_specification`;
CREATE TABLE `shop_product_specification` (
  `id` int(11) NOT NULL AUTO_INCREMENT,
  `title` varchar(255) NOT NULL,
  `is_user_input` tinyint(1) DEFAULT NULL,
  `required` tinyint(1) DEFAULT NULL,
  PRIMARY KEY (`id`)
) ENGINE=InnoDB AUTO_INCREMENT=6 DEFAULT CHARSET=latin1;

-- ----------------------------
-- Records of shop_product_specification
-- ----------------------------
INSERT INTO `shop_product_specification` VALUES ('1', 'Size', '0', '1');
INSERT INTO `shop_product_specification` VALUES ('2', 'Color', '0', '0');
INSERT INTO `shop_product_specification` VALUES ('3', 'Some random attribute', '0', '0');
INSERT INTO `shop_product_specification` VALUES ('4', 'Material', '0', '1');
INSERT INTO `shop_product_specification` VALUES ('5', 'Specific number', '1', '1');

-- ----------------------------
-- Table structure for shop_product_variation
-- ----------------------------
DROP TABLE IF EXISTS `shop_product_variation`;
CREATE TABLE `shop_product_variation` (
  `id` int(11) NOT NULL AUTO_INCREMENT,
  `product_id` int(11) NOT NULL,
  `specification_id` int(11) NOT NULL,
  `position` int(11) NOT NULL,
  `title` varchar(255) CHARACTER SET utf8 COLLATE utf8_unicode_ci NOT NULL,
  `price_adjustion` float NOT NULL,
  PRIMARY KEY (`id`)
) ENGINE=InnoDB AUTO_INCREMENT=29 DEFAULT CHARSET=latin1;

-- ----------------------------
-- Records of shop_product_variation
-- ----------------------------
INSERT INTO `shop_product_variation` VALUES ('24', '1', '5', '0', 'please enter a number here', '0');
INSERT INTO `shop_product_variation` VALUES ('25', '1', '1', '0', 'variation1', '0');
INSERT INTO `shop_product_variation` VALUES ('26', '1', '1', '0', 'variation2', '0');
INSERT INTO `shop_product_variation` VALUES ('27', '1', '2', '0', 'variation3', '0');
INSERT INTO `shop_product_variation` VALUES ('28', '8', '1', '0', '1', '0');

-- ----------------------------
-- Table structure for shop_shipping_method
-- ----------------------------
DROP TABLE IF EXISTS `shop_shipping_method`;
CREATE TABLE `shop_shipping_method` (
  `id` int(10) unsigned NOT NULL AUTO_INCREMENT,
  `title` varchar(255) CHARACTER SET utf8 COLLATE utf8_unicode_ci NOT NULL,
  `description` text CHARACTER SET utf8 COLLATE utf8_unicode_ci,
  `tax_id` int(11) NOT NULL,
  `price` double NOT NULL,
  PRIMARY KEY (`id`)
) ENGINE=InnoDB AUTO_INCREMENT=2 DEFAULT CHARSET=latin1;

-- ----------------------------
-- Records of shop_shipping_method
-- ----------------------------
INSERT INTO `shop_shipping_method` VALUES ('1', 'Delivery by postal Service', 'We deliver by Postal Service. 2.99 units of money are charged for that', '1', '2.99');

-- ----------------------------
-- Table structure for shop_tax
-- ----------------------------
DROP TABLE IF EXISTS `shop_tax`;
CREATE TABLE `shop_tax` (
  `id` int(11) NOT NULL AUTO_INCREMENT,
  `title` varchar(255) CHARACTER SET utf8 COLLATE utf8_unicode_ci NOT NULL,
  `percent` int(11) NOT NULL,
  PRIMARY KEY (`id`)
) ENGINE=InnoDB AUTO_INCREMENT=3 DEFAULT CHARSET=latin1;

-- ----------------------------
-- Records of shop_tax
-- ----------------------------
INSERT INTO `shop_tax` VALUES ('2', '10%', '10');

-- ----------------------------
-- Table structure for tbl_answers
-- ----------------------------
DROP TABLE IF EXISTS `tbl_answers`;
CREATE TABLE `tbl_answers` (
  `id` int(11) NOT NULL AUTO_INCREMENT,
  `content` text NOT NULL,
  `ask_id` int(11) NOT NULL DEFAULT '0',
  `params` text,
  `avatar` varchar(255) DEFAULT NULL,
  `email` varchar(255) DEFAULT NULL,
  `published` tinyint(1) NOT NULL DEFAULT '0',
  `updated_datetime` datetime NOT NULL,
  PRIMARY KEY (`id`)
) ENGINE=InnoDB AUTO_INCREMENT=2 DEFAULT CHARSET=utf8;

-- ----------------------------
-- Records of tbl_answers
-- ----------------------------
INSERT INTO `tbl_answers` VALUES ('1', 'Ngoi Toshiba vi model P850 gii tr cao cp trn 20 triu ng, th trng cn c thm cc model tm trung vi gi bn hp dn. ', '1', null, 'nhocbuon1992', 'nhocbuon1992@gmail.com', '1', '2013-04-14 00:00:00');

-- ----------------------------
-- Table structure for tbl_ask
-- ----------------------------
DROP TABLE IF EXISTS `tbl_ask`;
CREATE TABLE `tbl_ask` (
  `id` int(11) NOT NULL AUTO_INCREMENT,
  `title` varchar(255) NOT NULL,
  `content` text NOT NULL,
  `cat_id` int(11) NOT NULL DEFAULT '0',
  `params` text,
  `avatar` varchar(255) NOT NULL,
  `email` varchar(255) DEFAULT NULL,
  `created_datetime` datetime NOT NULL,
  `published` tinyint(1) NOT NULL DEFAULT '0',
  PRIMARY KEY (`id`)
) ENGINE=InnoDB AUTO_INCREMENT=3 DEFAULT CHARSET=utf8;

-- ----------------------------
-- Records of tbl_ask
-- ----------------------------
INSERT INTO `tbl_ask` VALUES ('1', 'C trn 20 triu nn mua laptop no?', '\r\nXin cho dungphat.com.vn, ti c mt cu hi cng l bn khon ca rt nhiu ngi v My tnh bng mong c chng trnh gii p. Hin nay trn th trng c rt nhiu hng my tnh bng, tuy nhin vi a s ngi VN th vic mua c mt MTB IPad, DELL, Toshiba...l iu rt kh khn, gn y c nhiu hng MTB gi r nh Onda, Benss, Bipad, Pi...nu so snh cu hnh th khng thua km g cc hng ni ting, vy ti sao gi ca n li ch bng 1/3 -1/2 gi ca Ipad, Asus..Vi nhu cu c bn th c nn dng MTB gi r khng, xin cho bit mt s thng tin v hng Onda, benss (xut s t nc no, cc sn phm v nh gi cht lng...)\r\n\r\nXin chn trng cm n!', '1', null, 'thaonguyenxanhhn', 'thaonguyenxanhhn@gmail.com', '2013-04-14 00:00:00', '1');
INSERT INTO `tbl_ask` VALUES ('2', 'Laptop Asus v Dell core i3 loi no tt hn', '', '1', null, 'congtyshm', 'congtyshm@gmail.com', '2013-04-14 00:00:00', '1');

-- ----------------------------
-- Table structure for tbl_banners
-- ----------------------------
DROP TABLE IF EXISTS `tbl_banners`;
CREATE TABLE `tbl_banners` (
  `id` int(11) NOT NULL AUTO_INCREMENT,
  `name` varchar(255) COLLATE utf8_unicode_ci NOT NULL,
  `client_id` int(11) NOT NULL DEFAULT '0',
  `ordering` int(11) NOT NULL DEFAULT '0',
  `clicks` int(11) NOT NULL DEFAULT '0',
  `content` varchar(255) COLLATE utf8_unicode_ci DEFAULT NULL,
  `content_type` tinyint(1) NOT NULL DEFAULT '0',
  `params` text COLLATE utf8_unicode_ci,
  `click_url` varchar(255) COLLATE utf8_unicode_ci DEFAULT NULL,
  `published` tinyint(1) NOT NULL DEFAULT '0',
  `created_time` timestamp NOT NULL DEFAULT CURRENT_TIMESTAMP,
  `update_time` datetime DEFAULT NULL,
  PRIMARY KEY (`id`)
) ENGINE=MyISAM AUTO_INCREMENT=3 DEFAULT CHARSET=utf8 COLLATE=utf8_unicode_ci;

-- ----------------------------
-- Records of tbl_banners
-- ----------------------------
INSERT INTO `tbl_banners` VALUES ('2', 'ads 1', '0', '0', '0', null, '0', null, null, '0', '2012-03-25 14:33:52', '2012-11-03 21:08:44');

-- ----------------------------
-- Table structure for tbl_banners_clients
-- ----------------------------
DROP TABLE IF EXISTS `tbl_banners_clients`;
CREATE TABLE `tbl_banners_clients` (
  `id` int(11) NOT NULL AUTO_INCREMENT,
  `name` varchar(255) COLLATE utf8_unicode_ci NOT NULL,
  `contact` text COLLATE utf8_unicode_ci,
  `email` varchar(255) COLLATE utf8_unicode_ci NOT NULL,
  `actived` tinyint(1) NOT NULL DEFAULT '0',
  PRIMARY KEY (`id`)
) ENGINE=MyISAM AUTO_INCREMENT=3 DEFAULT CHARSET=utf8 COLLATE=utf8_unicode_ci;

-- ----------------------------
-- Records of tbl_banners_clients
-- ----------------------------
INSERT INTO `tbl_banners_clients` VALUES ('2', 'Google Inc', 'Google Inc', 'google@gmail.com', '1');

-- ----------------------------
-- Table structure for tbl_blog_topic
-- ----------------------------
DROP TABLE IF EXISTS `tbl_blog_topic`;
CREATE TABLE `tbl_blog_topic` (
  `id` int(11) NOT NULL AUTO_INCREMENT,
  `name` varchar(255) COLLATE utf8_unicode_ci NOT NULL,
  `description` varchar(500) COLLATE utf8_unicode_ci DEFAULT NULL,
  `created_datetime` datetime DEFAULT NULL,
  `updated_datetime` datetime DEFAULT NULL,
  `status` tinyint(1) DEFAULT NULL,
  PRIMARY KEY (`id`)
) ENGINE=InnoDB AUTO_INCREMENT=3 DEFAULT CHARSET=utf8 COLLATE=utf8_unicode_ci;

-- ----------------------------
-- Records of tbl_blog_topic
-- ----------------------------
INSERT INTO `tbl_blog_topic` VALUES ('1', 'Qun tr Marketing', 'Qun tr Marketing', null, null, '1');
INSERT INTO `tbl_blog_topic` VALUES ('2', 'Qun tr ti chnh', 'Qun tr ti chnh', null, null, '1');

-- ----------------------------
-- Table structure for tbl_blog_to_topic
-- ----------------------------
DROP TABLE IF EXISTS `tbl_blog_to_topic`;
CREATE TABLE `tbl_blog_to_topic` (
  `blog_id` int(11) NOT NULL,
  `topic_id` int(11) NOT NULL,
  PRIMARY KEY (`blog_id`,`topic_id`)
) ENGINE=InnoDB DEFAULT CHARSET=utf8 COLLATE=utf8_unicode_ci;

-- ----------------------------
-- Records of tbl_blog_to_topic
-- ----------------------------
INSERT INTO `tbl_blog_to_topic` VALUES ('1', '1');
INSERT INTO `tbl_blog_to_topic` VALUES ('1', '2');
INSERT INTO `tbl_blog_to_topic` VALUES ('7', '1');
INSERT INTO `tbl_blog_to_topic` VALUES ('7', '2');
INSERT INTO `tbl_blog_to_topic` VALUES ('8', '1');
INSERT INTO `tbl_blog_to_topic` VALUES ('9', '1');
INSERT INTO `tbl_blog_to_topic` VALUES ('9', '2');

-- ----------------------------
-- Table structure for tbl_categories
-- ----------------------------
DROP TABLE IF EXISTS `tbl_categories`;
CREATE TABLE `tbl_categories` (
  `id` int(11) NOT NULL AUTO_INCREMENT,
  `parent_id` int(11) NOT NULL DEFAULT '0',
  `level` int(11) NOT NULL DEFAULT '0',
  `title` varchar(255) COLLATE utf8_unicode_ci NOT NULL,
  `title_tree` varchar(255) COLLATE utf8_unicode_ci DEFAULT NULL,
  `alias` varchar(255) COLLATE utf8_unicode_ci NOT NULL,
  `alias_en` varchar(255) COLLATE utf8_unicode_ci DEFAULT NULL,
  `description` text COLLATE utf8_unicode_ci,
  `position` int(11) NOT NULL DEFAULT '0',
  `ordering` int(11) NOT NULL DEFAULT '0',
  `language` varchar(10) COLLATE utf8_unicode_ci DEFAULT NULL,
  `translate_key` varchar(255) COLLATE utf8_unicode_ci DEFAULT NULL,
  `created` datetime DEFAULT NULL,
  `created_by` int(11) NOT NULL DEFAULT '0',
  `modified` datetime DEFAULT NULL,
  `modified_by` int(11) NOT NULL DEFAULT '0',
  `published` tinyint(1) NOT NULL DEFAULT '0',
  PRIMARY KEY (`id`)
) ENGINE=MyISAM AUTO_INCREMENT=28 DEFAULT CHARSET=utf8 COLLATE=utf8_unicode_ci;

-- ----------------------------
-- Records of tbl_categories
-- ----------------------------
INSERT INTO `tbl_categories` VALUES ('9', '0', '0', 'Tin tc v S kin', 'Tin tc v S kin', 'tin-tuc-va-su-kien', '', null, '8', '1', 'vi', null, '2011-10-03 16:19:18', '1', '2011-10-03 16:19:18', '1', '1');
INSERT INTO `tbl_categories` VALUES ('21', '0', '0', 'Hot ng', 'Hot ng', 'hoat-dong', null, null, '1', '0', 'vi', null, '2013-06-01 22:04:47', '1', null, '1', '1');
INSERT INTO `tbl_categories` VALUES ('22', '0', '0', 'Hakuta', 'Hakuta', 'hakuta', null, null, '2', '0', 'vi', null, '2013-06-04 22:28:25', '1', null, '1', '1');
INSERT INTO `tbl_categories` VALUES ('23', '22', '0', 'Dch v', '-   - Dch v', 'dich-vu', null, null, '3', '0', 'vi', null, '2013-06-19 21:37:40', '1', null, '1', '1');
INSERT INTO `tbl_categories` VALUES ('24', '0', '0', 'Gii php', 'Gii php', 'giai-phap', null, null, '4', '0', 'vi', null, '2013-06-19 21:39:04', '1', null, '1', '1');
INSERT INTO `tbl_categories` VALUES ('25', '0', '0', 'Gc k thut', 'Gc k thut', 'goc-ky-thuat', null, null, '5', '0', 'vi', null, '2013-06-19 21:39:28', '1', null, '1', '1');
INSERT INTO `tbl_categories` VALUES ('26', '0', '0', 'Th vin', 'Th vin', 'thu-vien', null, null, '6', '0', 'vi', null, '2013-06-20 23:48:44', '1', null, '1', '1');
INSERT INTO `tbl_categories` VALUES ('27', '0', '0', 'primary page', 'primary page', 'primary-page', null, null, '7', '0', 'vi', null, '2014-07-19 21:23:55', '1', null, '1', '1');

-- ----------------------------
-- Table structure for tbl_category_ask
-- ----------------------------
DROP TABLE IF EXISTS `tbl_category_ask`;
CREATE TABLE `tbl_category_ask` (
  `id` int(11) NOT NULL AUTO_INCREMENT,
  `name` varchar(255) NOT NULL,
  `alias` varchar(255) NOT NULL,
  `published` tinyint(1) NOT NULL DEFAULT '0',
  `updated_datetime` datetime NOT NULL,
  PRIMARY KEY (`id`)
) ENGINE=InnoDB AUTO_INCREMENT=3 DEFAULT CHARSET=utf8;

-- ----------------------------
-- Records of tbl_category_ask
-- ----------------------------
INSERT INTO `tbl_category_ask` VALUES ('1', 'My tnh', 'may-tinh', '1', '2013-04-14 00:00:00');
INSERT INTO `tbl_category_ask` VALUES ('2', 'in thoi', 'dien-thoai', '1', '2013-04-14 00:00:00');

-- ----------------------------
-- Table structure for tbl_comment
-- ----------------------------
DROP TABLE IF EXISTS `tbl_comment`;
CREATE TABLE `tbl_comment` (
  `id` int(11) NOT NULL AUTO_INCREMENT,
  `post_id` int(11) NOT NULL,
  `content` text COLLATE utf8_unicode_ci NOT NULL,
  `status` tinyint(11) NOT NULL DEFAULT '1' COMMENT '1-PENDING; 2-Approved',
  `email` varchar(128) COLLATE utf8_unicode_ci DEFAULT NULL,
  `url` varchar(128) COLLATE utf8_unicode_ci DEFAULT NULL,
  `type` varchar(10) COLLATE utf8_unicode_ci NOT NULL DEFAULT 'post',
  `create_time` datetime DEFAULT NULL,
  `author` varchar(128) COLLATE utf8_unicode_ci NOT NULL,
  `modified` datetime DEFAULT NULL,
  `modified_by` int(11) NOT NULL DEFAULT '0',
  PRIMARY KEY (`id`),
  KEY `FK_comment_post` (`post_id`)
) ENGINE=InnoDB AUTO_INCREMENT=18 DEFAULT CHARSET=utf8 COLLATE=utf8_unicode_ci;

-- ----------------------------
-- Records of tbl_comment
-- ----------------------------
INSERT INTO `tbl_comment` VALUES ('8', '46', 'dfsdfsf', '1', 'sdfs@gmail.com', null, 'post', null, 'sdfasf', '0000-00-00 00:00:00', '0');
INSERT INTO `tbl_comment` VALUES ('9', '46', 'alkdf lkdjlfksdlfks', '1', 'sdfs@gmail.com', null, 'post', null, 'dsdsdfs', '0000-00-00 00:00:00', '0');
INSERT INTO `tbl_comment` VALUES ('14', '46', 'kad ajldsfj alsd', '1', 'lam@gmail.com', null, 'post', null, 'lam', '0000-00-00 00:00:00', '0');
INSERT INTO `tbl_comment` VALUES ('15', '10', 'lkdj lfakdjfls', '1', 'lam@gmail.com', null, 'post', null, 'asdjf', '0000-00-00 00:00:00', '0');
INSERT INTO `tbl_comment` VALUES ('16', '46', 'ljkflasjdf', '1', 'test@gmail.com', null, 'post', null, 'test', '0000-00-00 00:00:00', '0');
INSERT INTO `tbl_comment` VALUES ('17', '2', 'This is a test comment.', '2', 'tester@example.com', null, 'post', '0000-00-00 00:00:00', 'Tester', null, '0');

-- ----------------------------
-- Table structure for tbl_contact
-- ----------------------------
DROP TABLE IF EXISTS `tbl_contact`;
CREATE TABLE `tbl_contact` (
  `id` int(11) NOT NULL,
  `subject` varchar(255) DEFAULT NULL,
  `name` varchar(255) NOT NULL,
  `email` varchar(255) NOT NULL,
  `mobile` varchar(100) NOT NULL,
  `content` text NOT NULL,
  `created_datetime` datetime DEFAULT NULL,
  `status` tinyint(1) DEFAULT '0' COMMENT '0: chua xu ly; 1:da xu ly',
  PRIMARY KEY (`id`)
) ENGINE=InnoDB DEFAULT CHARSET=utf8;

-- ----------------------------
-- Records of tbl_contact
-- ----------------------------
INSERT INTO `tbl_contact` VALUES ('0', null, 'test', 'test@gmail.com', '2124123123', 'test content', null, '0');

-- ----------------------------
-- Table structure for tbl_content
-- ----------------------------
DROP TABLE IF EXISTS `tbl_content`;
CREATE TABLE `tbl_content` (
  `id` int(11) NOT NULL AUTO_INCREMENT,
  `catid` int(11) NOT NULL DEFAULT '0',
  `parent` int(11) NOT NULL DEFAULT '0',
  `title` varchar(255) COLLATE utf8_unicode_ci NOT NULL,
  `alias` varchar(255) COLLATE utf8_unicode_ci DEFAULT NULL,
  `alias_en` varchar(255) COLLATE utf8_unicode_ci DEFAULT NULL,
  `page_tree` text COLLATE utf8_unicode_ci,
  `thumb` text COLLATE utf8_unicode_ci,
  `introtext` text COLLATE utf8_unicode_ci,
  `fulltext` text COLLATE utf8_unicode_ci,
  `type` varchar(50) COLLATE utf8_unicode_ci NOT NULL DEFAULT 'post',
  `views` int(11) NOT NULL DEFAULT '0',
  `status` tinyint(1) NOT NULL DEFAULT '0' COMMENT '0-Draft; 1-Published',
  `params` text COLLATE utf8_unicode_ci,
  `images` text COLLATE utf8_unicode_ci,
  `language` varchar(10) COLLATE utf8_unicode_ci DEFAULT NULL,
  `translate_key` varchar(255) COLLATE utf8_unicode_ci NOT NULL DEFAULT '0',
  `created` datetime DEFAULT NULL,
  `created_by` int(11) NOT NULL DEFAULT '0',
  `modified` datetime DEFAULT NULL,
  `modified_by` int(11) NOT NULL DEFAULT '0',
  `ordering` int(11) NOT NULL DEFAULT '0',
  `position` int(3) NOT NULL DEFAULT '0' COMMENT 'for pages',
  `metakey` text COLLATE utf8_unicode_ci,
  `metadesc` text COLLATE utf8_unicode_ci,
  `comment` tinyint(1) NOT NULL DEFAULT '0',
  PRIMARY KEY (`id`)
) ENGINE=MyISAM AUTO_INCREMENT=90 DEFAULT CHARSET=utf8 COLLATE=utf8_unicode_ci;

-- ----------------------------
-- Records of tbl_content
-- ----------------------------
INSERT INTO `tbl_content` VALUES ('10', '18', '0', 'CASESTUDIES', 'casestudies', 'about-us', 'CASESTUDIES', null, null, 'Comming Soon', 'page', '0', '1', null, 'a:1:{s:5:\"thumb\";a:2:{s:3:\"url\";s:47:\"/media/news/thumb/d3d94468a1351260492_thumb.png\";s:3:\"ext\";s:3:\"png\";}}', 'vi', '10', '2011-09-28 16:35:15', '1', '2014-07-06 20:28:09', '1', '3', '21', 'asdf', 'adsf', '1');
INSERT INTO `tbl_content` VALUES ('23', '0', '72', 'H tr', 'ho-tro', 'support', '-   -   - H tr', null, null, 'h tr<div><img src=\"/storage/media/news/3_94.jpg\" style=\"width:463px;height:677px\" /><br /></div>', 'page', '0', '1', null, 'a:1:{s:5:\"thumb\";a:2:{s:3:\"url\";s:48:\"/media/news/thumb/37693cfc171350794324_thumb.jpg\";s:3:\"ext\";s:3:\"jpg\";}}', 'vi', '0', '2011-10-16 22:08:45', '1', '2012-11-20 20:42:19', '1', '0', '4', null, null, '1');
INSERT INTO `tbl_content` VALUES ('75', '21', '0', 'Chuyn giao cng ngh dy chuyn hn bn t ng', 'chuyen-giao-cong-nghe-day-chuyen-han-bon-tu-dong', 'test', 'Chuyn giao cng ngh dy chuyn hn bn t ng', null, '<div style=\"text-align:justify\">Ngy 12/04/2013,&nbsp;HAKUTA  hon thnh vic lp t, chuyn giao cng ngh dy chuyn hn  </div>', null, 'post', '309', '0', null, 'a:1:{s:5:\"thumb\";a:2:{s:3:\"url\";s:48:\"/media/news/thumb/d09bf4154b1371022870_thumb.jpg\";s:3:\"ext\";s:3:\"jpg\";}}', 'vi', '0', null, '1', '2014-09-07 16:29:37', '1', '0', '1', null, null, '0');
INSERT INTO `tbl_content` VALUES ('72', '0', '65', 'hoho', null, null, '-   - hoho', null, null, 'dsafasdfadsfsdf sd', 'page', '0', '1', null, null, 'vi', '0', null, '1', '2012-11-02 21:46:34', '1', '0', '3', null, null, '0');
INSERT INTO `tbl_content` VALUES ('65', '0', '0', 'Contact', 'contact', null, 'Contact', null, null, 'contact', 'page', '0', '1', null, null, 'en', '10', '2012-03-20 16:07:37', '1', '2014-03-11 22:34:12', '1', '0', '2', null, null, '0');
INSERT INTO `tbl_content` VALUES ('71', '9', '0', 'CN hn mi cho tu vn chuyn kh t nhin  Bc cc', 'cn-han-moi-cho-tau-van-chuyen-khi-tu-nhien-o-bac-cuc', 'good-pupil-won-a-scholarship-to-study-in-singapore', 'CN hn mi cho tu vn chuyn kh t nhin  Bc cc', null, 'y l mt phn ca chin lc lu di ca cng ty i vi s gia tng nhu cu v vn chuyn LNG v LNG FPSOs c s dng trong cc vng cc.&nbsp;iu ny&nbsp;cng&nbsp;th hin&nbsp;s&nbsp;quan tm ngy cng tng&nbsp;n&nbsp;vic khai thc&nbsp;kh thin nhin&nbsp; nhng vng&nbsp;cc.&nbsp;HHI hy vng s lm&nbsp;mt cuc&nbsp;thm nhp vo&nbsp;cc hng&nbsp;vn chuyn LNG&nbsp; cc vng&nbsp;cc v th trng LNG FPSO&nbsp;vi cc&nbsp;d n pht trin kh t  Bc Bng Dng, ni c c tnh c 44 t thng kh t nhin, hoc 30% tr lng kh thin nhin th gii.', '<div class=\"Block newsDetail_Content Clear\" style=\"margin:0px;padding:0px 5px;clear:both;font-size:12px;font-family:Arial, Helvetica, sans-serif;color:#736551;text-align:justify;line-height:1.5;background-color:#ffffff;overflow:hidden\"><p style=\"margin:0in 0in 0pt;padding:0px;line-height:normal;vertical-align:top\"><span style=\"margin:0px;padding:0px;font-size:14px;font-family:\'times new roman\', times, serif\" class=\"&lt;img src=\" http:=\"\" hakuta.com.vn=\"\" backend=\"\" assets=\"\" 9c8ce108=\"\" images=\"\" pixel.gif\"=\"\" title=\"http://static.bizwebmedia.net/images/print.png\" rel=\"media9591126358136535\" width=\"100\" height=\"100\">\"&gt;<span style=\"margin:0px;padding:0px;color:#000000\">Hyundai Heavy Industries (HHI) ca Hn Quc gn y  thng bo k hoch&nbsp;pht trin mt cng ngh hn c bit cho&nbsp;</span><span style=\"margin:0px;padding:0px;color:#000000\">bn</span><span style=\"margin:0px;padding:0px;color:#000000\">&nbsp;vn chuy</span><span style=\"margin:0px;padding:0px;color:#000000\">n kh t nhin ha lng</span><span style=\"margin:0px;padding:0px;color:#000000\">&nbsp;LNG</span><span style=\"margin:0px;padding:0px;color:#000000\">&nbsp;ti cc vng&nbsp;&nbsp;Bc cc</span><span style=\"margin:0px;padding:0px;color:#000000\">.<br style=\"margin:0px;padding:0px\" /></span><span style=\"margin:0px;padding:0px;background-color:#e6ecf9;color:#000000;background-position:initial initial;background-repeat:initial initial\"><br style=\"margin:0px;padding:0px\" /></span><span style=\"margin:0px;padding:0px;color:#000000\">Mc tiu ca d n ny l&nbsp;</span><span style=\"margin:0px;padding:0px;color:#000000\">ch to</span><span style=\"margin:0px;padding:0px;color:#000000\">&nbsp;mt h thng thit b hn c bit c th&nbsp;</span><span style=\"margin:0px;padding:0px;color:#000000\">hn</span><span style=\"margin:0px;padding:0px;color:#000000\">&nbsp;cc tm nhm dy c s dng cho&nbsp;</span><span style=\"margin:0px;padding:0px;color:#000000\">bn cha&nbsp;</span><span style=\"margin:0px;padding:0px;color:#000000\">&nbsp;LNG.&nbsp;</span><span style=\"margin:0px;padding:0px;color:#000000\">K</span><span style=\"margin:0px;padding:0px;color:#000000\"> nng hn</span><span style=\"margin:0px;padding:0px;color:#000000\">&nbsp;pht trin cao</span><span style=\"margin:0px;padding:0px;color:#000000\">&nbsp;l cn thit  xy dng b</span><span style=\"margin:0px;padding:0px;color:#000000\">n</span><span style=\"margin:0px;padding:0px;color:#000000\">cha LNG khi nhu cu v an ton  cc vng cc lnh i hi  dy ca tm</span><span style=\"margin:0px;padding:0px;color:#000000\">&nbsp;l</span><span style=\"margin:0px;padding:0px;color:#000000\">&nbsp;50mm n 70mm.<br style=\"margin:0px;padding:0px\" />Bng cch pht trin thit b hn</span><span style=\"margin:0px;padding:0px;color:#000000\">&nbsp;v</span><span style=\"margin:0px;padding:0px;color:#000000\">&nbsp;xe hn</span><span style=\"margin:0px;padding:0px;color:#000000\">&nbsp;vi thit k mi&nbsp;</span><span style=\"margin:0px;padding:0px;color:#000000\">, HHI&nbsp;</span><span style=\"margin:0px;padding:0px;color:#000000\">d kin</span><span style=\"margin:0px;padding:0px;color:#000000\">&nbsp;tng s lng kim loi hn t 35g n 60g mi pht v hy vng s ci thin tc  v nng lc hn&nbsp;</span><span style=\"margin:0px;padding:0px;color:#000000\">ln</span><span style=\"margin:0px;padding:0px;color:#000000\">&nbsp;hn 30%.<br style=\"margin:0px;padding:0px\" />Sau khi&nbsp;</span><span style=\"margin:0px;padding:0px;color:#000000\">con tu vn chuyn</span><span style=\"margin:0px;padding:0px;color:#000000\">&nbsp;LNG u tin c ng vo nm 1994, HHI hin &nbsp;c&nbsp;i tu</span><span style=\"margin:0px;padding:0px;color:#000000\">&nbsp;vi</span><span style=\"margin:0px;padding:0px;color:#000000\">tng s 37 tu&nbsp;</span><span style=\"margin:0px;padding:0px;color:#000000\">ch&nbsp;</span><span style=\"margin:0px;padding:0px;color:#000000\">LNG.</span></span></p><p style=\"margin:0in 0in 0pt;padding:0px;line-height:normal;vertical-align:top\"><span style=\"margin:0px;padding:0px;font-size:14px;font-family:\'times new roman\', times, serif\" class=\"&lt;img src=\" http:=\"\" hakuta.com.vn=\"\" backend=\"\" assets=\"\" 9c8ce108=\"\" images=\"\" pixel.gif\"=\"\" title=\"http://static.bizwebmedia.net/images/print.png\" rel=\"media15723894140683115\" width=\"100\" height=\"100\">\"&gt;<em style=\"margin:0px;padding:0px;color:#000000\" class=\"undefined\">Theo Motorship</em></span></p></div><br /><div><div><a><img alt=\"Bookmark and Sharing\" src=\"http://media.bizwebmedia.net/images/share-en.gif\" /></a></div><div><div><iframe frameborder=\"0\" hspace=\"0\" marginheight=\"0\" marginwidth=\"0\" scrolling=\"no\" tabindex=\"0\" vspace=\"0\" width=\"100%\" src=\"https://apis.google.com/_/+1/fastbutton?bsv&amp;size=small&amp;hl=en-US&amp;origin=http%3A%2F%2Fwww.ngoclinh.net.vn&amp;url=http%3A%2F%2Fwww.ngoclinh.net.vn%2Fcn-han-moi-cho-tau-van-chuyen-khi-tu-nhien-o-bac-cuc%2Fa29542.html&amp;gsrc=3p&amp;ic=1&amp;jsh=m%3B%2F_%2Fscs%2Fapps-static%2F_%2Fjs%2Fk%3Doz.gapi.en.cHT7VItG4Mw.O%2Fm%3D__features__%2Fam%3DEQ%2Frt%3Dj%2Fd%3D1%2Frs%3DAItRSTPKnxHeL9eLN3s5c4t29oGpxgOaRA#_methods=onPlusOne%2C_ready%2C_close%2C_open%2C_resizeMe%2C_renderstart%2Concircled&amp;id=I0_1370859234734&amp;parent=http%3A%2F%2Fwww.ngoclinh.net.vn&amp;rpctoken=80036945\" allowtransparency=\"true\" gapiattached=\"true\" title=\"+1\"></iframe></div></div><a href=\"http://www.ngoclinh.net.vn/cn-han-moi-cho-tau-van-chuyen-khi-tu-nhien-o-bac-cuc/a29542.html#\" title=\"In vn bn\"><img src=\"http://static.bizwebmedia.net/images/print.png\" title=\"In vn bn\" alt=\"In vn bn\" /></a></div>  <div><br /><br /></div>', 'post', '261', '1', null, 'a:5:{s:7:\"220_165\";a:2:{s:3:\"url\";s:52:\"/media/news/220_165/e2c420d9471370859168_220_165.jpg\";s:3:\"ext\";s:3:\"jpg\";}s:3:\"add\";a:2:{s:3:\"url\";s:44:\"/media/news/add/e2c420d9471370859248_add.jpg\";s:3:\"ext\";s:3:\"jpg\";}s:3:\"top\";a:2:{s:3:\"url\";s:44:\"/media/news/top/e2c420d9471370859253_top.jpg\";s:3:\"ext\";s:3:\"jpg\";}s:4:\"full\";a:2:{s:3:\"url\";s:46:\"/media/news/full/e2c420d9471370859260_full.jpg\";s:3:\"ext\";s:3:\"jpg\";}s:5:\"thumb\";a:2:{s:3:\"url\";s:48:\"/media/news/thumb/e2c420d9471370859266_thumb.jpg\";s:3:\"ext\";s:3:\"jpg\";}}', 'vi', '0', '2012-12-04 23:10:13', '1', '2013-06-10 17:14:28', '1', '0', '5', null, null, '1');
INSERT INTO `tbl_content` VALUES ('74', '0', '0', 'Gc k thut', 'goc-ky-thuat', 'technican', 'Gc k thut', null, null, '<p><span style=\"font-weight:bold\">gc k thut</span></p>', 'page', '0', '1', null, null, 'vi', '0', null, '1', '2013-05-24 20:57:13', '1', '0', '6', null, null, '0');
INSERT INTO `tbl_content` VALUES ('81', '21', '0', 'HAKUTA chnh thc phn phi sn phm ca  DAMA', 'hakuta-chinh-thuc-phan-phoi-san-pham-cua--dama', null, 'HAKUTA chnh thc phn phi sn phm ca  DAMA', null, '<div style=\"text-align:justify\">Dama Electric &amp; Machinery Co., Ltd l hng sn xut my ct, my khoan CNC s 1 i Loan.  </div>', '<div>Dama Electric &amp; Machinery Co., Ltd                 <br /></div><div></div>', 'post', '294', '1', null, 'a:1:{s:5:\"thumb\";a:2:{s:3:\"url\";s:48:\"/media/news/thumb/43ec517d511371021995_thumb.jpg\";s:3:\"ext\";s:3:\"jpg\";}}', 'vi', '0', null, '1', '2014-11-27 23:28:42', '1', '0', '7', null, null, '0');
INSERT INTO `tbl_content` VALUES ('82', '22', '0', 'CNG TY C PHN THIT B CNG NGHIP HAKUTA', 'cong-ty-co-phan-thiet-bi-cong-nghiep-hakuta', null, 'CNG TY C PHN THIT B CNG NGHIP HAKUTA', null, '<span style=\"color:#0066ff\">Thng ip gi Khch hng!</span><br /><div style=\"text-align:justify\">Cng ty C phn Thit b Cng nghip HAKUTA l Cng ty thng mi v dch v cng nghip, chuyn kinh doanh thit b hn-ct kim loi, my cng c, my thy lc, my CNC, dy chuyn sn xut, cc gii php v ng dng&nbsp;cng ph kin v ph tng tiu hao phc v cc nghnh cng nghip tu thu, cng nghip c kh, cng nghip  t, kt cu thp, ho du, ...cng nghip tu thu, cng nghip c kh, cng nghip  t, kt cu thp, ho du, xy dng...v cc ngnh ngh khc</div><div><br /></div>', '<div style=\"text-align:justify\">Thng ip gi Khch hng!<br />Cng ty C phn Thit b Cng nghip HAKUTA l Cng ty thng mi v dch v cng nghip, chuyn kinh doanh my cng c, thit b hn-ct kim loi cng ph kin v ph tng tiu hao phc v cc nghnh cng nghip tu thu, cng nghip c kh, cng nghip  t, kt cu thp, ho du, ...cng nghip tu thu, cng nghip c kh, cng nghip  t, kt cu thp, ho du, xy dng...  &nbsp;Ngay t nhng ngy u thnh lp, mc tiu ca cng ty l tr thnh mt nh cung cp tng th v chuyn nghip cc thit b, gii php v cng ngh hn ct kim loi. Chng ti khng ngng a dng ho sn phm, chuyn su cng ngh phi hp vi pht trin ngun nhn lc v qun l chuyn nghip  mang ti cho khch hng sn phm v dch v hon ho nht, s tin tng ln nht.&nbsp;<br />&nbsp;&nbsp;&nbsp;H tr cho Cng ty HAKUTA t c iu ny chnh l mng li quan h kinh doanh quc t vi nhiu hng v cng ty trn th gii m cng ty  thit lp c trong thi gian qua nh: Tp on Robowel, Taeshin, Daehong, Welmate - Hn Quc, Hng EWM - c, Tp on Nantong Trung Quc, Dama i Loan, SIMASV Italia, Hypertherm M,  v khng ngng vn ra trn th trng th gii.&nbsp;<br />&nbsp;&nbsp;&nbsp;Cng ty chng ti l ni quy t i ng cn b k thut c o to bi bn ti cc trng i hc k thut, c kh v ng tu hng u Vit Nam, c tham gia cc kho o to ngn hn, di hn v thng xuyn lm vic vi cc chuyn gia ca cc hng ni ting th gii nh: Hypertherm, Puris, Dama, Taeshin&nbsp;<br />&nbsp;&nbsp;&nbsp;Vi hn mi nm kinh nghim trong lnh vc cng nghip phc v nghnh kt cu thp, c kh  t, cng nghip tu thu, chng ti l nhng ngi t nn mng trong vic a dy chuyn Cng nghip Hn hin i vo Vit Nam nh: robot hn, dy chuyn hn  t, cng ngh ct Plasma,  v ngy nay ang khng ngng pht trin ngy mt mnh m hn.  </div>', 'post', '346', '1', null, 'a:1:{s:7:\"220_165\";a:2:{s:3:\"url\";s:52:\"/media/news/220_165/9778d5d2521370856945_220_165.jpg\";s:3:\"ext\";s:3:\"jpg\";}}', 'vi', '0', null, '1', '2014-11-27 23:18:06', '1', '0', '8', null, null, '0');
INSERT INTO `tbl_content` VALUES ('76', '21', '0', 'HAKUTA chnh thc phn phi sn phm AKYAPAK', 'hakuta-chinh-thuc-phan-phoi-san-pham-akyapak', null, 'HAKUTA chnh thc phn phi sn phm AKYAPAK', null, '<div style=\"text-align:justify\">c bit n nh mt thng hiu my cng c thy lc hng u Th Nh K v Chu u  </div>', '<div><p style=\"text-align:justify\">AKYAPAK c bit n nh mt thng hiu hng u Th Nh K\r\nv Chu u trong lnh vc sn xut my&nbsp;cng nghip vi cc sn phm chnh: My\r\nlc tn, my un thp hnh, my khoan v my ct. Vi 50 kinh nghim xy dng,\r\nnghin cu v pht trin sn phm, AKYAPAK l nim t ho ca Th Nh K trong\r\nlnh vc ny</p><p style=\"text-align:center\"><img src=\"http://hakuta.com.vn/storage/media/shop/akyapak-hq.jpg\" style=\"width:400px;height:200px\" /></p><p style=\"text-align:justify\">Thnh lp nm 1962, din tch cng xng 25.000 m<sup>2</sup>,\r\n350 cn b v nhn vin, sn phm c xut i trn 85 quc gia.  l nhng\r\ncon s khng nh tm vc ca hang AKYAPAK</p>\r\n<p style=\"text-align:justify\">AKYAPAK cung cp cho khch hng ton cu nhng sn phm cht\r\nlng cao, nhng gii php hiu qu .  l l do sn phm ca h c mt trong\r\ncc ngnh sn xut quan trng v chnh xc nh  t, hng&nbsp;hi, hng khng, xy\r\ndng, ha du, cng nghip quc phng. Nhng hng sn xut hng u  la chn\r\nmy ca AKYAPAK nh Mitsubishi, Mercedes, Harley Davidson, Rolls Royce</p><p style=\"text-align:center\"><img src=\"http://hakuta.com.vn/storage/media/shop/plane.jpg\" style=\"width:400px;height:267px\" /></p>\r\n<p>&nbsp;Hai thng hiu sn phm gn lin vi s thnh cng ca\r\nAKYAPAK: AKBEND v AKDRILL. AKBEND l thng hiu cho dng sn phm un thp(\r\nmy lc, my un thp hnh, my lc 3 chiu) v AKDRILL l thng hiu cho\r\ndng my khoan.</p>\r\n<p>T nhng sn phm n gin cho n thit b iu khin CNC,\r\nAKYAPAK u tp trung nghin cu  a ra sn phm ti u nht, hiu sut cao\r\nnht, thm m nht, d vn hnh nht v tin cy nht.</p><p style=\"text-align:center\"><img src=\"/storage/media/shop/steel-construction.jpg\" style=\"width:400px;height:267px\" /><br /></p>\r\n<p style=\"text-align:justify\">Ngy 12 thng 04 nm 2012, sau thi gian di hp tc hiu qu,\r\nAKYAPAK  tin tng cho php cng ty c phn thit b cng nghip HAKUTA tr\r\nthnh nh phn phi chnh thc ca hng ti Vit Nam.&nbsp;</p>  <br /></div><div></div>', 'post', '290', '1', null, 'a:1:{s:5:\"thumb\";a:2:{s:3:\"url\";s:48:\"/media/news/thumb/fbd7939d4c1371022293_thumb.jpg\";s:3:\"ext\";s:3:\"jpg\";}}', 'vi', '0', null, '1', '2014-11-22 00:00:16', '1', '0', '9', null, null, '0');
INSERT INTO `tbl_content` VALUES ('77', '9', '0', 'Vt liu mi: Khng thiu nguyn liu, ch thiu chin lc', 'vat-lieu-moi:-khong-thieu-nguyen-lieu-chi-thieu-chien-luoc', null, 'Vt liu mi: Khng thiu nguyn liu, ch thiu chin lc', null, '<h4 style=\"text-align:justify\"><span style=\"font-weight:normal;text-align:justify\">Cc vt liu mi nh si thy tinh; composit; bng thy tinh (cch m, cch nhit, chng chy); cp quang; s cch in cao th; gm k thut (chu nhit, chu mi mn cao, gm cch in, gm sinh hc...) c nhu cu s dng trong nc ngy mt tng, nhng hu ht vn phi nhp ngoi. </span> <br /></h4>', '<div><div><p>Cc vt liu mi nh si thy tinh; composit; bng thy tinh (cch m, cch nhit, chng chy); cp quang; s cch in cao th; gm k thut (chu nhit, chu mi mn cao, gm cch in, gm sinh hc...) c nhu cu s dng trong nc ngy mt tng, nhng hu ht vn phi nhp ngoi.</p></div><p style=\"text-align:center\"><img src=\"http://www.vnindustry.com/images/stories/vat%20lieu.jpg\" title=\"Mt on kim tra a cht ang lm vic  Kin Giang.\" /></p><p>TS. L Vn Thanh, Gim c hn T vn xy dng cng nghip v  th Vit Nam, cho bit: ti Vit Nam, sn lng bnh qun u ngi hng nm v vt liu composit si thy tinh mi t 0,1 kg/ngi, trong khi bnh qun cc nc ASEAN khc l 4,4 kg/ngi.</p><p><br /><span style=\"font-weight:bold\">Khng thiu m nguyn liu</span><br /><br /> Vit Nam  sn xut cc loi vt liu composit si thy tinh th c th sn xut t nhiu cc loi nha nn, cn si thu tinh lm ct si gia cng th hon ton phi nhp khu. C th khng nh, thc t trong c nc cho n nay vn cha c nh my no sn xut c cc loi vt liu ny. C nc ch c nh my xi mng trng Thi Bnh, cng sut 25.000 tn/nm.<br /><br />Ngy 4/9/2008, Tp on Ultra Pure Core (UPC) ca Israel v Cng ty C phn Si Quang Vit k kt hp tc xy dng ti Khu cng nghip M Phc 3 (Bn Ct, tnh Bnh Dng) nh my sn xut cp quang u tin  ng Nam , vi tng vn ln ti 150 triu USD.<br /><br />Theo nhiu chuyn gia, nguyn nhn ca thc trng ny l do ngnh cng nghip sn xut vt liu ni chung v sn xut vt liu mi ni ring, i hi hai tin  quan trng.  l ngun nguyn liu  ch to vt liu v ngun nhin liu  nung luyn sn phm. V nguyn liu  ch to vt liu, c nc c nhiu ngun  cung cp nguyn liu th, nhng ch bin tinh lc vn cn cha c quan tm u t thch ng.<br /><br />V nhin liu, ph hp v kinh t nht l kh t thin nhin, nhng kh nng tip cn vi ngun nhin liu ny cng i hi nhiu u t, ch thun li cho nhng ni khng qu xa cc m khai thc. Tuy nhin, tin   pht trin ngnh cng nghip sn xut vt liu mi ti mt vi a phng trong nc l hon ton c thc.<br /><br />Cc chuyn gia xc nhn rng ct trng; cao lanh; sa khong titan... l nhng ngun nguyn liu cho cc ngnh cng nghip sn xut vt liu mi, c rt nhiu ti khng t cc a phng trong c nc c tr lng t l hng trm triu m3, cht lng c nh gi vo loi hng u th gii, vi hm lng silicat 97-99%.<br /><br />T nhiu nm qua, ct trng khai thc t cc a phng ny  c xut khu sang nhiu nc trn th gii,  tr thnh cc loi pha l cao cp, knh float, si thu tinh, linh kin in t k thut cao...<br /><br />Titan, c xem l vt liu ca tng lai, v c nhng tnh nng u vit khng kim loi no c,  Vit Nam c tnh cng c tr lng khong 34,5 triu tn v i km theo  l khong 3,6 triu tn Zircon.<br /><br />Nhng nm qua, ngun sa khong titan cng c khai thc v xut khu th sau khi s ch theo nhiu ng, nhiu cch, va gy tht thu ngn sch, va hy hoi cnh quan mi trng. ng thi hng nm vn c phi nhp khu mt lng ln cc sn phm t titan v hng chc triu USD/nm cho cc sn phm zircon siu mn.<br /><br /><span style=\"font-weight:bold\">Cn mt chin lc pht trin</span><br /><br />Do ,  c th pht trin lnh vc cng nghip vt liu, nht l vt liu mi; m bo nng lc cnh tranh ca cc sn phm to ra, cn thit phi c mt chin lc v ngun nguyn liu.<br /><br />TS. L Vn Thanh khng nh, chng ta khng th bn mi nguyn liu th, m cn p dng cc cng ngh khai thc v ch bin tinh lc tin tin, hin i, sao cho cc nguyn liu sau ch bin tinh lc t tiu chun cht lng cao p ng cho sn xut cc sn phm t kh nng cnh tranh trn th trng trong nc v quc t.<br /><br />y l mt lnh vc cng nghip c trnh  chuyn mn ha rt cao, l mt ngnh cng nghip c lp theo thng l quc t.<br /><br />Quy hoch ngun nguyn liu cho sn xut vt liu xy dng mi c Th tng Chnh ph ph duyt,  nu r cn khuyn khch u t mnh vo lnh vc ch bin tinh lc nguyn liu ny  p ng cho cc nh sn xut sn phm knh float, gch gm p lt, s v sinh.  l yu cu trc mt, nhng trong tng lai khng xa cn p ng c nhu cu sn xut cc sn phm vt liu mi nh si thy tinh, composit, linh kin in t k thut cao.<br /><br />Nhiu chuyn gia tha nhn, cho ti thi im hin nay, Qung Tr l a phng hi  cc iu kin ban u  c th pht trin cc ngnh cng nghip sn xut vt liu mi. u tin l ngun nguyn liu t nhin c sn ti ch, c bit l cc m ct trng va c hm lng silic cao, va c tr lng hng t m3 ti khu vc Hi Lng, Triu Phong.<br /><br />Vic thu ht u t vo lnh vc ch bin tinh lc ngun nguyn liu ny l hon ton c th. Qung Tr c mt li th rt ln m cc tnh min Trung khc (nht l cc tnh c ngun nguyn liu ct trng) khng c,  l  v tr mt tin cc ng ngn nht thng ra bin ng ca Hnh lang kinh t ng Ty (EWEC) v hin nm trong ma trn pht trin kinh t tng hp si ng ca ton b tuyn EWEC.<br /><br />Hin nay  c hng trm doanh nghip Nht Bn, Hn Quc, Trung Quc, Hoa K ang quan tm u t vo khu vc ny.<br /><br />Ngun nhin liu kh thin nhin cng y trin vng v lc quan. Theo Tng cng ty Thng mi Du kh, ch cch b bin Qung Tr khong 110 km, ti l 113 c m kh thin nhin m tr lng ln ti 66-100 t m3.<br /><br />Nu so vi m kh thin nhin  vng bin Ty Nam (cch b bin C Mau 289 km) ch c tr lng hn 52 t m3, trong  Vit Nam ch hng 50%, th ngun kh ti l 113 l rt ln. N khng nhng m bo lu di cho yu cu nung luyn sn phm cng nghip vt liu mi, m cn cho rt nhiu ngnh sn xut khc  Qung Tr v c nc.<br /><br />Hin  c Cng ty Sibelco (B) ang tin hnh nghin cu  xy dng nh my tuyn v nghin ct silic. Vi ngun ct ny cng vi ngun nhin liu kh ngoi khi c a vo b, vic xy dng mt nh my sn xut  p lt nhn to  xut khu, cng  c Mine JSC nghin cu  lp d n u t.  l nhng tn hiu vui bo trc tng lai pht trin cng nghip vt liu mi  Qung Tr.</p>  <br /></div>', 'post', '259', '0', null, 'a:2:{s:3:\"add\";a:2:{s:3:\"url\";s:44:\"/media/news/add/28dd2c794d1371034419_add.jpg\";s:3:\"ext\";s:3:\"jpg\";}s:5:\"thumb\";a:2:{s:3:\"url\";s:48:\"/media/news/thumb/28dd2c794d1371034494_thumb.jpg\";s:3:\"ext\";s:3:\"jpg\";}}', 'vi', '0', null, '1', '2014-11-22 00:00:55', '1', '0', '10', null, null, '0');
INSERT INTO `tbl_content` VALUES ('78', '9', '0', 'Mt s thnh tu cng ngh c kh ch to th gii trong th k XX v xu hng pht trin n nm 20', 'mot-so-thanh-tuu-cong-nghe-co-khi-che-tao-the-goi-trong-the-ky-xx-va-xu-huong-phat-trien-den-nam-20', null, 'Mt s thnh tu cng ngh c kh ch to th gii trong th k XX v xu hng pht trin n nm 20', null, 'Khoa hc v cng ngh (KH&amp;CN) c kh ch to ca th gii trong th k XX  c nhng bc pht trin vt bc nh ng dng cc cng ngh hin i nh: Cng ngh thng tin, vt liu nano, t ng ho... Trong kinh t, ngnh cng nghip c kh ch to vn ng vai tr ch o, gp phn lm thay i din mo th gii, vi trn 20 triu doanh nghip ang hot ng trn cc chu lc, chim ti 28% s lng vic lm v ng gp 25% gi tr tng sn phm ca th gii. Bi vit ny, tc gi gii thiu mt s thnh tu cng ngh c kh ch to th gii trong th k XX v xu hng pht trin n nm 2030.', '<p>Khoa hc v cng ngh (KH&amp;CN) c kh ch to ca th gii trong th k XX  c nhng bc pht trin vt bc nh ng dng cc cng ngh hin i nh: Cng ngh thng tin, vt liu nano, t ng ho... Trong kinh t, ngnh cng nghip c kh ch to vn ng vai tr ch o, gp phn lm thay i din mo th gii, vi trn 20 triu doanh nghip ang hot ng trn cc chu lc, chim ti 28% s lng vic lm v ng gp 25% gi tr tng sn phm ca th gii. Bi vit ny, tc gi gii thiu mt s thnh tu cng ngh c kh ch to th gii trong th k XX v xu hng pht trin n nm 2030.</p><p>Cc giai on pht trin ca c kh ch to th gii t th k XX n nay</p><p>T nm 1900 n 1910: Ti trin lm Pari nm 1900   cp n cng ngh gia cng ct gt kim loi. Nm 1906, F.W.Taylor v M.White pht trin my ct gt kim loi. Nm 1909, Hng Ford p dng dy chuyn sn xut t ng.</p><p>T 1911 n 1930: Pht trin nhiu my cng c, dng c v vt liu ch to mi. Nm 1921,  t c cc nguyn cng hiu qu, Hng Ford bt u thc hin php phn tch k thut lng vt liu cn thit trong gia cng ch to  t.</p><p>T 1931 n 1940: Xut hin nhng phng php mi  phn tch cc h thng iu khin trong ngnh c kh ch to.</p><p>T 1941 n 1950: Nm 1946, my tnh in t u tin dng n in t (ENIAC) do J.W.Mauchly v J.P.Eckert ch to. Nm 1947, thut ng T ng ho (Automation) c D.S. Header ca Hng Ford Motor t ra. Cui nm 1949, bt u p dng iu khin t ng cho nhiu h thng, my mc v quy trnh khc nhau.</p><p>Thp k 50: u thp k  sng ch ra mch tch hp (IC) v my tnh s u tin. Nm 1952, pht trin k thut iu khin s (Numerically Controlled-NC) v khi u ca my cng c. Cui thp k 50, tng trng nhanh ngnh in t v t ng ha.</p><p>Thp k 60: Nm 1960, ln u tin s dng rbt cng nghip do Unimate ch to v Ford thc hin. Giai on 1960-1972, bt u p dng iu khin s bng my tnh CNC (Computer Numerically Controlled- CNC) nh tin b ca cc my tnh mini dn n vic nng cao nng sut, cht lng,  chnh xc i vi sn phm c kh ch to. Trong cc nm 1965-1966, ln u tin IBM v GM (General Motors) p dng iu khin bng my tnh cho dy chuyn sn xut. Nm 1968, b iu khin logic kh lp trnh PLC (Programmable Logical Controllers)  c thit k v s dng ti GM.</p><p>Thp k 70: u thp k 70  gia tng cc nghin cu iu khin s i vi cc ng c tr ng nhm nng mc  iu khin quy trnh gia cng. Nm 1971, M.E. Hoff sng ch ra b vi x l u tin Intel 4004. Nm 1973, a ra khi nim ban u v ch to c tch hp my tnh CIM (Computer Integrated Manufacturing). Nm 1974, Cincinati Milacron ln u tin a ra th trng rbt c iu khin bng my tnh mini. Gia v cui thp k 70, H.Volckez pht trin chng trnh thit k c tr gip bng my tnh - CAD (Computer aid Design) v bt u p dng ch to c tr gip bng my tnh -CAM (Computer aid Manufacturing). Nm 1977, xut hin my vi tnh c nhn.</p><p>Thp k 80: Tip tc t c nhiu tin b trong l thuyt iu khin, h thng v tr tu nhn to nh nhn dng h thng, iu khin ngu nhin, iu khin thch nghi, mng nron, h chuyn gia, logic m v quy hoch tin ho. H thng ch to linh hot FMS (Flexible Manufacturing System) ra i, theo , nhiu loi sn phm c sn xut trn cng mt dy chuyn.</p><p>Thp k 90 n nay: Vic s dng cng ngh CAD/CAM i tr  cho php, ch to sn phm c kh nhanh hn, ch to cc loi my cng c c tc  cao, chnh xc, thng minh v hiu qu hn. Nm 1995, s dng rng ri thit b iu khin my cng c da vo PC, phc v c cc chc nng PLC v CNC. Cng trong nm 1995, m ra Pha 1 (1995-2005), Chng trnh Quc t IMS (Intelligent Manufacturing Systems - Cc h thng ch to thng minh) vi s tham gia ca 300 cng ty, vin nghin cu ca xtrylia, Canada, M, EU, Nht Bn, Hn Quc v Thy S.</p><p>Nm 2005, bt u Pha 2 Chng trnh Quc t IMS.</p><p>Mt s thnh tu</p><p>Cng ngh gia cng ch to</p><p>S i mi lin tc ca CAD/CAM  gip cho cc nh ch to tit kim v ti chnh, thi gian, ngun lc, v CAD v CAM u l nhng phng php da vo my tnh  m ho d liu hnh hc, nn to kh nng cho cc quy trnh thit k v ch to c tch hp cao . H CAD tt nhin khng hiu c cc khi nim ca th gii thc, chng hn nh bn cht hay chc nng ca i tng c thit k. H CAD thi hnh chc nng ca mnh nh kh nng m ho cc khi nim hnh hc. Do vy, qu trnh thit k da vo CAD lin quan n vic chuyn  tng ca ngi thit k thnh m hnh hnh hc. Cc nhc im khc ca CAD ang c khc phc nh R&amp;D trong lnh vc h chuyn gia. Lnh vc ny c hnh thnh t cc nghin cu v tr tu nhn to (Actifial Intelligence- AI). Mt v d v h chuyn gia bao hm vic kt hp thng tin v bn cht ca vt liu, trng lng, ng lc,  bn,  do vo phn mm CAD. Nh tch hp c cc d liu  v nhng d liu khc vo phn mm nn h CAD c th bit c nhng g m ngi k s bit khi ngi  to ra mt bn v thit k. Sau , CAD c th bt chc cch ngh ca ngi k s v thc hin cng vic thit k. Do cng ngh CAD/CAM ngy cng hon thin nn  to c s pht trin cc cng ngh gia cng nh:</p><p>Cng ngh to nguyn mu, c v cn nhanh: Ngoi vic tng cng cc phng php gia cng truyn thng, cng ngh to nguyn mu nhanh ang ni ln, em li cuc cch mng cho nhng khi nim ang din ra, t m hnh my tnh n chi tit nguyn mu  hon tt. Cc thit b to nguyn mu nhanh in hoc to dng cc chi tit 3D trc tip t m hnh lp th 3D CAD bng cc vt liu polyme. C 2 cng ngh thng dng l in lito lp th - SLA (Stereo Lithography) v kt ta. Cng ngh SLA s dng tia laser  kch hot qu trnh lu ho nha epoxy trong cc lp mng c xc nh chnh xc  to nn chi tit. Cng ngh kt ta s dng cc kim phun nh  ph cc lp mng polyme do nng chy, to nn chi tit. Nh trc tip ch to ra cc chi tit t nhng file d liu CAD, cng ngh to nguyn mu nhanh gip gim c rt nhiu thi gian v chi ph lin quan ti vic ch to cc m hnh nguyn mu  hin th cc thit k v kim tra mc  ph hp, hnh dng v chc nng.</p><p>Cng ngh to nguyn mu nhanh vi chi ph thp m ng cho cc cng ngh c polyme v cc kim loi m nu kt hp vi cc cng on gia cng hon tt th s em li trin vng gim c rt nhiu thi gian v chi ph cho mt s chi tit my.</p><p>Cng ngh ch to in ho (Electrochemical Fabrication - EFAB): EFAB l mt cng ngh ch to cc chi tit khng cn khun c. Cng ngh ny c th dng  ch to cc chi tit kim loi vi m lp th, c hnh dng phc tp, m cc cng ngh khc khng th thc hin c, chng hn nh cng ngh gia cng bng tia la in, cng ngh laser, cng ngh ch to vi mch. Quy trnh EFAB t ng ch to cc chi tit kim loi bng cch m in  hnh thnh nn rt nhiu lp c lp, theo mt mu xc nh, ri kt hp cc lp  vi nhau  to ra chi tit cn thit. Quy trnh ny cng tng t nh cng ngh to nguyn mu nhanh, chng hn nh cng ngh in lit lp th, da trn c s xp chng nhiu lp  c lp mu t trc  to ra sn phm. Quy trnh EFAB c thit k  kt hp nhng u im ca cc cng ngh gia cng truyn thng vi nhng u im ca cng ngh ch to vi mch bn dn. Vi cc cng ngh gia cng chnh xc, chng hn nh laser hoc gia cng bng tia la in, c th gia cng mt lot cc chi tit mt cch nhanh chng v t hiu qu v chi ph nh mt my cng c n l.</p><p>EFAB kt hp c nhiu u im ca gia cng chnh xc v cng ngh ch to vi m, tng t nh my cng c CNC, EFAB c thc hin bng mt h thng duy nht, hon ton t ng, c kh nng ch to cc chi tit t khi bt u n khi kt thc. Bt k mt k s thit k no  quen vi CAD 3D u c th thc hin quy trnh ny. EFAB l cng ngh gia cng hiu qu  sn xut l ln cc chi tit c  chnh xc cao (c th ch to cc chi tit cha nhng phn t nh hn 0,001 inch,  dung sai di 0,0001 inch). EFAB kt hp c cc c tnh v tc  cao, d s dng v linh hot ca my cng c vi cc c tnh v  chnh xc v kh nng m rng cp  ca cng ngh ch to vi mch bn dn.</p><p>Cng ngh gia cng ct gt vi m tc  cao (Micro-Tooling): C nhiu li ch khi s dng gia cng tc  cao - HSM (High Speed Machining) vi cc nguyn cng ct gt vi m. Hin cha c nh ngha thng nht hoc cc tham s tuyt i v HSM nhng trong thc t ngi ta thng gia cng vi tc  trc chnh l 25.000 vng/pht hoc cao hn.</p><p>Cng ngh gia cng bng tia la in: Gia cng bng tia la in EMD (Electrical Discharge Machining) c th c ng dng  ct cc hnh dng khc nhau, c bit l cc vt liu cng, chng hn nh thp dng c. Qu trnh gia cng bng EMD nh sau: To ra mt lot tia la in c tc  cao gia dng c (in cc), phi v cht lng in phn; phi c nhng chm trong cht lng cch in, chng hn nh du v c tim cn ti dng c; dng c c ni vi ngun in mt chiu cao p (ngun in ny to ra hng triu h quang nh, c tc dng cng ph phi theo tng lng nh); cc ht kim loi gii phng ra, thng c dng hnh cu rng, c a ra khi khu vc gia cng bng cht lng cch in. EDM c th c ng dng  ct, khoan, to khun, dp l. Cng ngh ny cng c th c dng  thay th cho cc nguyn cng phay, ct v khoan bng c kh, cng nh ct v khoan bng laser. Tc dng gim ph thi ch yu ca EDM l khng  xy ra gy dng c. N c vai tr quan trng trong nhng ng dng c nhiu nguy c gy dng c.</p><p>Gia cng bng tia nc: Cng ngh ny c ng dng  thay th cc cng ngh ct bng c kh thng thng, cng nh thay th cho cng ngh laser, plasma v xy. H thng to tia nc bao gm mt s my bm chuyn dng v p sut nc c gia cng ln hn 3.400 Atm. Tip  n c nn qua kim phun bng kim loi hoc saphire  to ra tia nc c ng knh 2 mm v t ti tc  cao hn nhiu ln so vi tc  m thanh. i vi nhng vt liu qu cng, c th b sung thm bt mi  tng cng tc dng ct. ng dng cng ngh gia cng bng tia nc c th gim hoc loi b nhng loi ph thi nht nh, bao gm cht lng gia cng, nc thi b  nhim, tro, x...</p><p>Vt liu ch to</p><p>Trong ngnh cng nghip c kh ch to, c 3 nhm vt liu c tnh truyn thng,  l vt liu kim loi, vt liu hu c polyme v vt liu v c ceramic. Mt loi vt liu mi khc - vt liu compozit ang c u tin pht trin. Compozit chnh l s kt hp nhn to ca hai hoc ba loi vt liu c bn ni trn.</p><p>Vt liu kim loi, trc ht l thp, vn gi vai tr then cht trong ngnh cng nghip ch to. Trong nhng thp k gn y cng ngh vt liu ang i vo nghin cu v s dng cc loi thp c cht lng cao nh thp hp kim thp  bn cao, thp hp kim ho vi lng, thp nit, thp kt cu siu bn. Bn cnh , nhm cng ng vai tr khng nh trong ngnh cng nghip ch to. Hp kim nhm c  bn cao, chng n mn tt,  tr thnh loi vt liu thch hp trong ngnh cng nghip ch to  t, my bay, tu thu.</p><p>Vt liu polyme, c nhiu u im nh tnh do cao, tnh n nh ho hc cao trong nhiu mi trng cng vi kh nng d to hnh v gia cng nu c, phm vi ng dng rng. Tuy nhin, polyme l vt liu kt cu nn c nhng hn ch v  bn cha cao, kh nng chu nhit thp, tui th ngn.</p><p>Vt liu gm thng, ch s dng gii hn trong nhm vt liu chu la, vt liu ct gt nhng hin ngi ta ang pht trin vt liu gm kt cu. Cc loi ng c ch to t gm kt cu h cacbit  c nghin cu ch th v m ra k nguyn mi cho vic s dng ng c chy bng nhin liu hydro c hiu qu cao, khng gy  nhim mi trng. Gm thu tinh cng l mt loi gm kt cu y tim nng.</p><p>Vt liu compozit, v thc cht l mt kiu lai, gia hai hoc nhiu loi vt liu, sao cho tnh cht ca chng b sung cho nhau. i vi compozit kt cu th yu cu v  bn cao, tnh do tt l nhng yu cu hng u. Vic kim sot c qu trnh xy ra khi ch to compozit c tm quan trng c bit  pht trin loi vt liu ny.</p><p>Vt liu ch to dng c ct gt</p><p>Vt liu s dng ph bin nht  ch to dng c ct gt c thnh phn l carbide ph (58%), cermet (28%) v carbide cement ho (14%). Cermet l ht gm c khuch tn vo nn kim loi. Vt liu cermet kt hp c c tnh chu nhit  cao ca gm vi  dai v  do ca carbide. Vi xu th vn ti tc  gia cng v hon tt ngy cng cao, cc dng c ct gt s dng cermet  Nht Bn chim 72% tng s dng c cermet ca ton th gii. Cc dng c dng carbide ph ph bin nht c lp ph dy 0,5 mm, bao gm 6-8 micron l TiCN, 2-3 micron l Al2O3 v 0,5 micron TiN  lp ngoi cng. Lp ph kim cng s dng k thut kt ta hi ho hc (Chemical Vapor Deposition-CVD) cng c p dng rt ph bin  Nht Bn. u dng c DC46 ph kim cng ca Mitsubishi c lp ph cement ho. Vn  cn khc phc i vi dng c ph kim cng l  bm dnh ca lp ph. Cc hng ch to  p dng cc phng php ci thin khc nhau, v d, i vi vic gia cng hp kim nhm c hm lng silic cao (18%), i hi lp kim cng dy ti 10 micron, th vn   bm dnh l ht sc quan trng.</p><p>Vai tr ca khoa hc vt liu cng khng h thay i  k nguyn thng tin ngy nay, nu khng ch to c vt liu silic c  tinh khit n 99,99999% th s khng c chip my tnh, in thoi t bo hoc mng cp quang. Nhng thp k va qua, ngnh ho v c  iu ch c v s kim loi, hp kim v gm, gip my bay c th bay cao hn v nhanh hn, gip t tr nn nh hn v tit kim nhin liu hn...</p><p>Ngy nay, mt ln na khoa hc vt liu li ang chun b bin i th gii. Khng tho mn vi nhng nguyn vt liu khai thc c trong lng t, cc nh nghin cu ang lao vo khm ph v to ra cc cu trc hon ton mi. H thc hin iu  bng cch ph v nhng bc ro ngn cch gia ho hu c v ho v c, iu m ch cch y t lu vn b coi l gi khoa hc (Pseudo-Science). Nhng hp cht v-hu c ca ngy mai s c iu ch  phc v ng nhu cu theo phng php t di i ln, t nh n ln, tc l ghp nhng nguyn t hoc phn t vi nhau  nhn c nhng tnh cht chnh xc theo ng nhu cu s dng. Arden Bemen, mt k s  trng i hc Durdue gi giai on ny l bui bnh minh ca mt k nguyn vt liu mi, vi s p ng tng nhu cu s dng c th. K nguyn ny s ra i nhng loi vt liu m ngay c to ho cng phi ghen t.  s l nhng cht phun ph c cha nhng ht gm v cng nh, gip vt liu c kh nng chng mi mn, nhng dc phm v cht do mi, l nhng pin st - polyme c in lng ln gp i so vi nhng loi pin chng ta dng hin nay. C th, chng ta s c c nhng tm kim loi - compozit  lm v t c kh nng phc hi li hnh dng c sau khi b bin dng bi nhng c va p. S ra i nhng vt liu compozit nh v dai  tng cng sut ca ng c phn lc. S xut hin nhng vt liu thng minh, m phng cc h thng sinh hc, c kh nng thch ng vi iu kin mi trng, b p lng hao mn v cnh bo khi sp c s c. Vi k thut v cng ngh nano, hu ht cc vt liu m ta mun c u c th sn xut ra c - y l nhn nh ca W. Lance Haworth, chuyn gia iu hnh hot ng nghin cu vt liu ca Qu Khoa hc Quc gia M (NSF). Hay quan im ca John Weaver, Trng khoa Vt liu ca Trng i hc Illinois:  tng t ra  y l khai thc, tm hiu nhng c ch phn t c c nh qu trnh tin ho ca t nhin  sn xut nhng vt liu mi. Nhng vt liu chng ta sng ch v sn xut ra c t trc ti nay ch ging nh phn nhn thy c ca tng bng tri, cn phn rt ln nm  bn di ang ch s pht minh v khm ph, y chnh l lnh vc ca vt liu nano.</p><p>Nhng nc pht trin nh M, Nht Bn, Anh, Php  c nhng cng trnh nghin cu v  to ra c nhng vt liu nano ng dng vo trong ngnh c kh ch to  ch to ra cc loi rbt mini, cc dng c y sinh phc v cng vic cha bnh. Cc vt liu nano khc c s dng trong vic ch to cc loi my chnh xc, my siu chnh xc, trong ngnh hng khng v tr, trong cng nghip quc phng, trong cng ngh khm ph v khai thc ti nguyn bin v i dng</p><p>Nhng xu hng pht trin trong ngnh c kh ch to ca th gii n nm 2030</p><p>Nhng nm u ca th k XXI, nhn loi c chng kin nhiu bin i su rng ln ca th gii, nht l s pht trin nh v bo ca cuc cch mng KH&amp;CN hin i, m c trng l cc ngnh cng ngh cao nh cng ngh thng tin, cng ngh sinh hc, cng ngh vt liu mi - cng ngh nano, cng ngh nng lng mi, cng ngh hng khng v v trang tc ng su rng n mi lnh vc ca i sng, kinh t, chnh tr quc t, lm thay i din mo th gii ng i. Trong s pht trin v i , ngnh cng nghip c kh ch to ng vai tr c tnh nn tng v c s hin din hu nh trong tt c cc lnh vc kinh t - x hi ca cng ng quc t. Chnh v vy, xu hng pht trin KH&amp;CN c kh ch to vn c ch trng v ch yu tp trung pht trin mt s lnh vc sau y:</p><p>V thit k v quy trnh gia cng ch to: Tip tc nghin cu v nng cp h CAD/CAM, trong  ch trng pht trin cc loi phn mm ng dng, phn mm thng minh tin li trong giao din ngi - my, p ng nhu cu ngy cng cao trong thit k v gia cng ch to. n nm 2030, s thay i mt cch cn bn phng thc thit k, cc nh thit k ch yu lm vic bng my tnh trc tuyn (On-Line). Thit k sn phm c s dng cc vt liu tr tu. Thit k v lp k hoch ch to s v o. Phng thc thit k theo kiu mdun cho cc h thng ch to lin tc. Tp trung hn vo t ng ho cc dy chuyn ch to, cc quy trnh tin tin nht. Pht trin cng ngh gia cng  cp nano (trong phm vi 0,1-100 nano)  to ra cc cu trc nano. Ch to  cp phn t  to dng cc h thng t cp nguyn t hoc phn t. Tp trung nghin cu  to ra cc cng ngh s dng nhiu tri thc  tin ti ch to ra cc loi sn phm c kh gn, nh t tiu hao vt liu, nng lng v thn thin vi mi trng. Nghin cu pht trin cc khi nim cng ngh gia cng mi trn c s hi t cc cng ngh cao nh cng ngh thng tin, cng ngh vt liu mi, cng ngh nano, cng ngh sinh hc. Nghin cu v hon thin h thng cm bin trong cng ngh lp rp cc sn phm phc tp. Nghin cu pht trin cng ngh t ng mi da vo ng dng giao din ngi - my thng minh c nhn thc. Nghin cu cc khi nim rbt mi nh rbt dch v, rbt t thch nghi, rbt c nhn thc, cc by on rbt t qun.</p><p>V vt liu ch to: Tip tc nghin cu  to ra tri thc mi v vt liu ch to cht lng cao, vt liu thng minh phc v cc quy trnh ch to. Nghin cu cc vt liu s dng nhiu tri thc vi cc thuc tnh ph hp, cc vt liu gm mi nh gm p in, gm sinh hc, mng gm v vt liu thu tinh (gm thu tinh, composit gm - thu tinh v thu tinh dn in). Nghin cu vic sp xp trt t trong cc khi ng nht polyme. Tip tc nghin cu cng ngh in lit vi cc vt liu mi, tnh n nh ca cu trc nano 3D. Nghin cu s tch hp ca cc mc  phn t nano macro trong cng ngh ho hc v cc vt liu gia cng cng nghip. Nghin cu ng dng rng ri trong ngnh cng nghip ch to cc vt liu nano mi, vt liu sinh hc v vt liu ghp.</p><p>Khoa hc nano v cng ngh nano: Tip tc nghin cu kh nng ch to cc cu trc nano phc v siu hm lng cao. Ch to cc thit b nano di 20 nm, ch to cc cu trc nano 3D phc hp v tch hp a nng. Pht trin cc m hnh tch hp hng lot cng ngh ch to nano mi. Nghin cu cc thit b cm bin cp nano, tng hp ng nano ng nht, ch to dy nano fulleren v cc bng nano, pht trin cc cu trc nano t nhiu loi vt liu. Nghin cu ch to cc ng c c nano, my mc kch c nano.</p><p>V cng ngh ch to:Pht trin cc h thng ch to thng minhkhng gii hn (Intelligent Manufacturing Systems - IMS). Cc h thng thng minh (Intelligent System- IS) ha hn rt ln trong cc quy trnh ch to t ng ho cng nghip v cc doanh nghip trong tng lai. Cc h thng ny ang thu ht c s quan tm ngy cng tng ca cc ngnh cng nghip v ang c ng dng vo ton b phm vi ca cc hot ng ch to  to c sc cnh tranh ton cu. Gi tr v tc ng ca cc cng ngh IS cn to ln hn so vi cc cuc cch mng cng nghip trc y, gp phn a li k nguyn mi ca cc ngnh cng nghip ch to. IS c nh ngha l cc h thng, trong  m phng v p dng tch cc mt s kha cnh ca tr tu con ngi nhm thc thi nhim v. Hn th na, IS cn c gng nng cao nng lc nh con ngi  cm th, suy lun v ra quyt nh hnh ng. IS to kh nng cho cc my mc/thit b d on c cc yu cu v ng ph hu hiu trong nhng hon cnh phc tp, cha bit trc v cha th d bo trc.</p><p>IMS l chng trnh hp tc R&amp;D trong ngnh cng nghip c kh ch to  quy m ton cu. Tham gia vo IMS l cc cng ty/doanh nghip, cc nh cung cp, ngi tiu dng, cc t chc nghin cu, trng i hc v cc Chnh ph ca cc nc/khi nc l EU, Nht Bn, Hn Quc, Thy S v M. Chng trnh gm 2 giai on: Giai on 1 t 1995 n 2005; giai on 2 t 2005 tr i.</p><p>Chng trnh IMS c thit lp nhm pht trin cc cng ngh x l v cng ngh ch to th h k tip. Nhng hot ng ca IMS bao gm: a ra khun kh hp tc nghin cu ton cu; h tr thnh lp d n consortium; lin kt mng li ton cu; t chc cc din n  tm kim v a ra nhng nhu cu trong ngnh cng nghip ch to hin ti v tng lai; ph bin cc kt qu t cc hot ng ny. IMS c khi ngun t nm 1989 bi sng kin ca Gio s Hiroyuki Yoshikawa, Gim c i hc Tokyo. Tm nhn ca IMS l hng ti mt h thng ton cu v chia s cng ngh v hp tc cng nghip trong cc d n hp tc v li ch nhn loi v li ch ca cc i tc tham gia. Chng trnh IMS bt u t nm 1995, sau 3 nm nghin cu kh thi (1992-1994). Tng cng, IMS hot ng ti 29 nc trn th gii nh l mt t chc m cho cc thnh vin mi v khuyn khch cc Chnh ph tham gia.</p><p>Trong mt th trng ton cu ngy cng hi nhp, s cnh tranh khng ch trong phm vi cc cng ty, m trong cc dy chuyn/mng li cung ng sn phm v dch v ton cu. Thng qua s hp tc quc t, IMS to c hi cho cc bn tham gia chui gi tr pht trin v cc gii php hng u th gii. IMS em li nn tng h tr cho nghin cu cng nghip c kh ch to  chia s nhng kinh nghim tt nht, thc tin tt nht v  pht trin mt tm nhn ton cu ton din nht trong th k XXI.</p><p>Theo TC KHCN</p><p>&nbsp;</p>', 'post', '258', '1', null, 'a:1:{s:5:\"thumb\";a:2:{s:3:\"url\";s:48:\"/media/news/thumb/35f4a8d44e1370859422_thumb.jpg\";s:3:\"ext\";s:3:\"jpg\";}}', 'vi', '0', null, '1', '2014-12-06 00:29:56', '1', '0', '11', null, null, '0');
INSERT INTO `tbl_content` VALUES ('79', '0', '0', 'Dch v', 'dich-vu', 'services', 'Dch v', null, null, 'Dch v content', 'page', '0', '1', null, null, 'vi', '0', null, '1', '2013-05-24 20:55:01', '1', '0', '12', null, null, '0');
INSERT INTO `tbl_content` VALUES ('80', '0', '0', 'Blog', 'blog', 'solutions', 'Blog', null, null, '<h2>Lorem ipsum dolor sit amet, consectetuer adipiscing elit, sed diam nonummy nibh euismod tincidunt ut laoreet dolore magna aliquam erat volutpat.</h2><p>Ut wisi enim ad minim veniam, quis nostrud exerci tation ullamcorper suscipit lobortis nisl ut aliquip ex ea commodo consequat. Duis autem vel eum iriure dolor in hendrerit in vulputate velit esse molestie consequat, vel illum dolore eu feugiat nulla facilisis at vero eros et accumsan et iusto odio dignissim qui blandit praesent luptatum zzril delenit augue duis dolore te feugait nulla facilisi. Nam liber tempor cum soluta nobis eleifend option congue nihil imperdiet doming id quod mazim placerat facer possim assum.</p>', 'page', '0', '1', null, null, 'vi', '0', null, '1', '2014-03-20 23:21:54', '1', '0', '13', null, null, '0');
INSERT INTO `tbl_content` VALUES ('85', '0', '0', 'About', 'about', null, 'About', null, null, 'Comming soon ...', 'page', '0', '1', null, null, 'vi', '0', null, '1', '2014-03-21 00:03:21', '1', '0', '16', null, null, '0');
INSERT INTO `tbl_content` VALUES ('87', '27', '0', 'This is simple tab 3\'s content. Pretty neat, huh?', 'this-is-simple', null, 'This is simple tab 3\'s content. Pretty neat, huh?', null, null, 'Lorem ipsum dolor sit amet, consectetuer adipiscing elit, sed diam nonummy nibh euismod tincidunt ut etc. laoreet dolore magna aliquam erat volutpat. Ut wisi enim ad minim veniam, quis nostrud exerci tation ullamcorper suscipit lobortis nisl ut aliquip ex ea commodo consequat. Duis autem vel eum iriure dolor in hendrerit in vulputate velit esse molestie consequat, vel illum dolore eu feugiat nulla facilisis at vero eros et accumsan et iusto odio dignissim ...', 'page', '0', '1', null, null, 'vi', '0', null, '1', '2014-07-19 21:47:16', '1', '0', '18', null, null, '0');
INSERT INTO `tbl_content` VALUES ('88', '27', '87', 'This is simple tab 3\'s content.', 'this-is-simple-tab-content', null, '-   - This is simple tab 3\'s content.', null, null, '<p>Lorem ipsum dolor sit amet, consectetuer adipiscing elit, sed diam nonummy nibh euismod tincidunt ut etc. laoreet dolore magna aliquam erat volutpat. Ut wisi enim ad minim veniam, quis nostrud exerci tation ullamcorper suscipit lobortis nisl ut aliquip ex ea commodo consequat. Duis autem vel eum iriure dolor in hendrerit in vulputate velit esse molestie consequat, vel illum dolore eu feugiat nulla facilisis at vero eros et accumsan et iusto odio dignissim ...Ut wisi enim ad minim veniam, quis nostrud exerci tation ullamcorper suscipit lobortis nisl ut aliquip ex ea commodo consequat. Duis autem vel eum iriure dolor in hendrerit in vulputate velit esse molestie consequat, vel illum dolore eu feugiat nulla facilisis at vero eros et accumsan et iusto odio dignissim ...</p><p>Lorem ipsum dolor sit amet, consectetuer adipiscing elit, sed diam nonummy nibh euismod tincidunt ut etc. laoreet dolore magna aliquam erat volutpat. Ut wisi enim ad minim veniam, quis nostrud exerci tation ullamcorper suscipit lobortis nisl ut aliquip ex ea commodo consequat. Duis autem vel eum iriure dolor in hendrerit in vulputate velit esse molestie consequat, vel illum dolore eu feugiat nulla facilisis at vero eros et accumsan et iusto odio dignissim ...Ut wisi enim ad minim veniam, quis nostrud exerci tation ullamcorper suscipit lobortis nisl ut aliquip ex ea commodo consequat. Duis autem vel eum iriure dolor in hendrerit in vulputate velit esse molestie consequat, vel illum dolore eu feugiat nulla facilisis at vero eros et accumsan et iusto odio dignissim ...</p>', 'page', '0', '1', null, null, null, '0', null, '1', '2014-07-19 22:01:49', '1', '0', '19', null, null, '0');
INSERT INTO `tbl_content` VALUES ('89', '27', '87', 'fasdfasf', 'asdfsdf', null, '-   - fasdfasf', null, null, 'Lorem ipsum dolor sit amet, consectetuer adipiscing elit, sed diam nonummy nibh euismod tincidunt ut etc. laoreet dolore magna aliquam erat volutpat. Ut wisi enim ad minim veniam, quis nostrud exerci tation ullamcorper suscipit lobortis nisl ut aliquip ex ea commodo consequat. Duis autem vel eum iriure dolor in hendrerit in vulputate velit esse molestie consequat, vel illum dolore eu feugiat nulla facilisis at vero eros et accumsan et iusto odio dignissim ...Ut wisi enim ad minim veniam, quis nostrud exerci tation ullamcorper suscipit lobortis nisl ut aliquip ex ea commodo consequat. Duis autem vel eum iriure dolor in hendrerit in vulputate velit esse molestie consequat, vel illum dolore eu feugiat nulla facilisis at vero eros et accumsan et iusto odio dignissim ...', 'page', '0', '1', null, null, null, '0', null, '1', '2014-07-19 22:24:40', '1', '0', '20', null, null, '0');

-- ----------------------------
-- Table structure for tbl_content_files
-- ----------------------------
DROP TABLE IF EXISTS `tbl_content_files`;
CREATE TABLE `tbl_content_files` (
  `id` int(11) NOT NULL AUTO_INCREMENT,
  `content_id` int(11) NOT NULL,
  `file_id` int(11) NOT NULL,
  `content_type` tinyint(3) NOT NULL DEFAULT '0',
  PRIMARY KEY (`id`),
  UNIQUE KEY `content_id` (`content_id`,`file_id`)
) ENGINE=InnoDB AUTO_INCREMENT=4 DEFAULT CHARSET=utf8;

-- ----------------------------
-- Records of tbl_content_files
-- ----------------------------
INSERT INTO `tbl_content_files` VALUES ('2', '83', '1', '0');
INSERT INTO `tbl_content_files` VALUES ('3', '84', '1', '0');

-- ----------------------------
-- Table structure for tbl_content_images
-- ----------------------------
DROP TABLE IF EXISTS `tbl_content_images`;
CREATE TABLE `tbl_content_images` (
  `id` int(11) NOT NULL AUTO_INCREMENT,
  `name` varchar(255) COLLATE utf8_unicode_ci NOT NULL,
  `width` int(11) NOT NULL DEFAULT '0',
  `height` int(11) NOT NULL DEFAULT '0',
  `description` text COLLATE utf8_unicode_ci,
  PRIMARY KEY (`id`)
) ENGINE=MyISAM AUTO_INCREMENT=10 DEFAULT CHARSET=utf8 COLLATE=utf8_unicode_ci;

-- ----------------------------
-- Records of tbl_content_images
-- ----------------------------
INSERT INTO `tbl_content_images` VALUES ('1', 'thumb', '219', '160', 'nh thumb ca bi vit');
INSERT INTO `tbl_content_images` VALUES ('2', 'full', '250', '300', null);
INSERT INTO `tbl_content_images` VALUES ('3', 'top', '150', '175', null);
INSERT INTO `tbl_content_images` VALUES ('6', 'add', '200', '200', null);
INSERT INTO `tbl_content_images` VALUES ('7', '220_165', '220', '165', null);
INSERT INTO `tbl_content_images` VALUES ('9', 'anh_thumb_thu_vien', '198', '276', null);

-- ----------------------------
-- Table structure for tbl_crawl_category
-- ----------------------------
DROP TABLE IF EXISTS `tbl_crawl_category`;
CREATE TABLE `tbl_crawl_category` (
  `id` int(11) NOT NULL AUTO_INCREMENT,
  `name` varchar(255) CHARACTER SET utf8 DEFAULT NULL,
  `url_key` varchar(255) CHARACTER SET utf8 DEFAULT NULL,
  `site` varchar(255) CHARACTER SET utf8 DEFAULT NULL,
  `status` tinyint(1) DEFAULT '1' COMMENT '0: deactive; 1:active',
  `created_datetime` datetime DEFAULT NULL,
  `updated_datetime` datetime DEFAULT NULL,
  `created_by` int(11) DEFAULT NULL,
  PRIMARY KEY (`id`)
) ENGINE=InnoDB AUTO_INCREMENT=3 DEFAULT CHARSET=latin1;

-- ----------------------------
-- Records of tbl_crawl_category
-- ----------------------------
INSERT INTO `tbl_crawl_category` VALUES ('1', 'Ngoi Hng Anh', 'ngoai-hang-anh', '', '1', '0000-00-00 00:00:00', '0000-00-00 00:00:00', null);
INSERT INTO `tbl_crawl_category` VALUES ('2', 'Laliga', 'laliga', '', '1', '0000-00-00 00:00:00', '0000-00-00 00:00:00', null);

-- ----------------------------
-- Table structure for tbl_crawl_category_url
-- ----------------------------
DROP TABLE IF EXISTS `tbl_crawl_category_url`;
CREATE TABLE `tbl_crawl_category_url` (
  `url_crawl` varchar(255) CHARACTER SET utf8 NOT NULL,
  `category_id` int(11) NOT NULL,
  `site` varchar(255) CHARACTER SET utf8 DEFAULT NULL,
  PRIMARY KEY (`url_crawl`,`category_id`)
) ENGINE=InnoDB DEFAULT CHARSET=latin1;

-- ----------------------------
-- Records of tbl_crawl_category_url
-- ----------------------------
INSERT INTO `tbl_crawl_category_url` VALUES ('http://bongdaso.com/news.aspx?Section=ENG', '1', 'http://bongdaso.com');
INSERT INTO `tbl_crawl_category_url` VALUES ('http://bongdaso.com/news.aspx?Section=ESP', '2', 'http://bongdaso.com');

-- ----------------------------
-- Table structure for tbl_crawl_content
-- ----------------------------
DROP TABLE IF EXISTS `tbl_crawl_content`;
CREATE TABLE `tbl_crawl_content` (
  `url_id` int(11) NOT NULL,
  `title` varchar(255) CHARACTER SET utf8 DEFAULT NULL,
  `url_key` varchar(255) CHARACTER SET utf8 DEFAULT NULL,
  `content` text CHARACTER SET utf8,
  `avatar_url` varchar(255) CHARACTER SET utf8 DEFAULT NULL,
  `created_datetime` datetime DEFAULT NULL,
  `updated_datetime` datetime DEFAULT NULL,
  PRIMARY KEY (`url_id`)
) ENGINE=InnoDB DEFAULT CHARSET=latin1;

-- ----------------------------
-- Records of tbl_crawl_content
-- ----------------------------
INSERT INTO `tbl_crawl_content` VALUES ('1', '3 cp bi trng hay nht Premier League ma ny', '3-cap-bai-trung-hay-nhat-premier-league-mua-nay', '<div class=\'art_content\'>  									<p><font size=\"2\" face=\"arial\"><strong>1. Diego Costa  Cesc Fabregas (4 bn)</strong></font></p>  <p align=\"justify\"><font size=\"2\" face=\"arial\">Ma trc, Costa v Fabregas l nhng i ch ca nhau trong cc trn i chin Atletico  Barca. Nhng  ma gii nm nay, h  l ng i ca nhau  Stamford Bridge. C 2 u l nhng nhn t to nn sc bt mi cho Chelsea, gip i bng ny tr thnh ng c vin sng gi nht cho chc v ch Premier League 2014-15.</font></p>  <p align=\"center\"><font face=\"arial\"><img border=\"0\" hspace=\"0\" alt=\"\" align=\"baseline\" src=\"/images/Article/Upload/150117_111010_622.jpg\" width=\"500\"></font></p>  <p align=\"justify\"><font size=\"2\" face=\"arial\">iu m Costa v Fabregas gy n tng mnh nht  Chelsea tnh ti thi im ny l kh nng phi hp to nn nhng bn thng. Tnh t u ma ti nay, F4  kin to c 4 bn cho Costa. Con s y chc chn cn ln hn nu chn st gc Brazil dt im tt hn.</font></p>  <p align=\"justify\"><font size=\"2\" face=\"arial\"><strong>2. Eden Hazard  Cesc Fabregas (4 bn)</strong></font></p>  <p align=\"justify\"><font size=\"2\" face=\"arial\">Ni nh HLV Arsene Wenger Fabregas l mu tin v c th thnh cng  bt c i bng no bi cu ta c kh nng thch ng rt nhanh.</font></p>  <p align=\"justify\"><font size=\"2\" face=\"arial\">Tht vy!  Premier League ma ny, d mi chn t chn ro ti Stamford Bridge nhng F4  c ti 14 ng kin to thnh bn. c bit, tin v ngi Ty Ban Nha ang to c mi lin kt cc tt gia cc v tr trong i hnh Chelsea. Khng ch n  vi Diego Costa, F4 cn cng Hazard to thnh cp bi trng kh ng s.</font></p>  <p align=\"center\"><font face=\"arial\"><img border=\"0\" hspace=\"0\" alt=\"\" align=\"baseline\" src=\"/images/Article/Upload/150117_111109_234.jpg\" width=\"500\">&nbsp;</font></p>  <p align=\"justify\"><font size=\"2\" face=\"arial\">Minh chng l anh  mang v cho Hazard 4 bn thng. Nh vy, trong 14 ng kin to thnh bn ca Fabregas, c ti 8 ng kin to tin v ny dnh cho Hazard v Diego Costa.</font></p>  <p align=\"justify\"><font size=\"2\" face=\"arial\"><strong>3. Harry Kane  Nacer Chadli (4 bn)</strong></font></p><font face=\"arial\"></font>  <p align=\"justify\"><font size=\"2\" face=\"arial\">Harry Kane l 1 trong nhng cn gi l rt ng ch  ca Tottenham  ma gii nm nay. Tnh tng cng, ti nng tr 21 tui ny  c c 18 bn thng trn mi u trng, trong  c 8 pha lp cng  Premier League.</font></p>  <p align=\"center\"><font face=\"arial\"><img border=\"0\" hspace=\"0\" alt=\"\" align=\"baseline\" src=\"/images/Article/Upload/150117_111159_873.jpg\" width=\"500\">&nbsp;</font></p>  <p align=\"justify\"><font size=\"2\" face=\"arial\"> thnh cng nh vy, Harry Kane phi nh ti s tr gip rt c lc t pha Nacer Chadli. Tnh ra, tin v ngi B cng  kin to ti 4 bn cho Kane, ngang bng nhng g Fabregas lm c cho Costa v Hazard  Chelsea.</font></p>  <p align=\"justify\"><font size=\"2\" face=\"arial\">Con s ny c th s cn tip tc gia tng bi Kane v Chadli ang l 2 qun bi rt quan trng trong s  chin thut ca HLV Pochettino.</font></p>  <p align=\"justify\"><font size=\"2\" face=\"arial\"><strong>Ngoi 3 cp i trn, Premier League ma ny cn kh nhiu cp bi trng khc ang gy n tng mnh nh Bony  Sigurdsson, Pelle  Tadic, Costa  Oscar, Austin  Fer hay David Silva  Navas,</strong></font></p>  <p align=\"center\"><font face=\"arial\">&nbsp;<img border=\"0\" hspace=\"0\" alt=\"\" align=\"baseline\" src=\"/images/Article/Upload/150117_110955_610.jpg\" width=\"500\"></font></p>									  									</div>', '2015_01/18/1421515067_0.jpg', '2015-01-17 23:15:27', '2015-01-18 00:18:50');
INSERT INTO `tbl_crawl_content` VALUES ('2', 'Wenger ni dy tro lu dp b Qu bng Vng', 'wenger-noi-day-trao-luu-dep-bo-qua-bong-vang', '<div class=\'art_content\'>  									<div align=\"justify\">  <p><font size=\"2\" face=\"arial\">Qu bng Vng l gii thng c nhn danh gi m bt c cu th no cng mun s hu trong s nghip thi u. D cn tn ti kh nhiu tranh ci song danh hiu ny  to c sc ht v ting vang ln trn phm vi ton th gii.</font></p>  <p align=\"center\"><font face=\"arial\"><img border=\"0\" hspace=\"0\" alt=\"\" align=\"baseline\" src=\"/images/Article/Upload/150117_102529_525.jpg\" width=\"500\">&nbsp;</font></p>  <p><font size=\"2\" face=\"arial\">Tuy vy, c khng t ngi  ln ting phn i gii thng ca FIFA v HLV Arsene Wenger c cho l ngi i u. C th, khi c hi v danh hiu ny, Gio s thng thn khng nh khng ng tnh v n i ngc vi tinh thn tp th ca bng .</font></p>  <p><font size=\"2\" face=\"arial\">Ti hon ton phn i gii thng Qu bng Vng (Ballon dOr). Ti l ngi yu thch li chi tp th. Bi vy, ti s khng bnh chn bt c ai. Ti hon ton phn i!, HLV Wenger chia s.</font></p>  <p><font size=\"2\" face=\"arial\">y khng phi l ln u tin HLV Wenger ln ting ch trch gii thng Qu bng Vng. Trc , vo nm 2013, ng cng ng n kin ngh FIFA nn hy gii thng ny ch v n kch thch li chi c nhn trong bng .</font></p><font face=\"arial\">  </font><p><font size=\"2\" face=\"arial\">\"Ti mun ai ginh chin thng nm nay? Khng ai c. Ti cc lc phn i cc gii thng c nhn bi n i ngc li gi tr ca mn th thao ny. Gii thng c nhn ang lm hi bng . Ngi ta v tnh ng h cc cu th ph din kh nng thay v ngh ti li ch ca ton i\", chin lc gia ngi Php chia s trc l trao gii QBV nm 2013.</font></p>  <p><font size=\"2\" face=\"arial\">Thc t, trong nhng nm gn y, nhng cu th ot gii Qu bng Vng FIFA thng l nhng tin o c s bn thng nhiu nht trong 1 nm u.  ginh gii thng ny, cc cu th, c bit l nhng tin o lun t mc tiu ghi cng nhiu bn thng cng tt. V hnh chung, n khin tnh c nhn c  cao.</font></p>  <p><font size=\"2\" face=\"arial\">C l cn 1 l do na m HLV Wenger khng thch Qu bng Vng l vic nhng cu hc tr xut sc ca ng trc y nh Thierry Henry, Patrick Vieira hay Dennis Bergkamp u khng c c hi ng quang.</font></p></div>									  									</div>', '2015_01/18/1421515068_1.jpg', '2015-01-17 23:15:27', '2015-01-18 00:18:50');
INSERT INTO `tbl_crawl_content` VALUES ('3', 'Siu quy Balotelli nhi ting ht Ronaldo n mng QBV', 'sieu-quay-balotelli-nhai-tieng-het-ronaldo-an-mung-qbv', '<div class=\'art_content\'>  									<div style=\"text-align: center;\"><div style=\"text-align: justify;\"><div><font size=\"2\" face=\"arial\"><br></font></div><div><font size=\"2\" face=\"arial\">Nh  bit, vo u tun ny, Cristiano Ronaldo  vt qua&nbsp;Lionel Messi v Manuel Neuer, &nbsp;ln th 3 tr thnh ch nhn ca danh hiu cu th xut sc nht th gii, mt kt qu xng ng sau mt nm thi u chi sng ca siu sao ngi B o Nha.&nbsp;</font></div><div><font size=\"2\" face=\"arial\"><br></font></div><div><font size=\"2\" face=\"arial\">Sau khi c xng tn ln bc nhn gii, s 7 ca Real Madrid  khng km ch c cm xc v ht ln n mng nh va ghi c mt bn thng quan trng trn sn.&nbsp;</font></div><div><font size=\"2\" face=\"arial\"><br></font></div><div style=\"text-align: center;\"><font size=\"2\" face=\"arial\"><iframe width=\"500\" height=\"350\" src=\"http://www.youtube.com/embed/3kJwVazTitg\" frameborder=\"0\" allowfullscreen=\"\"></iframe></font></div></div></div><div style=\"text-align: center;\"><font size=\"2\" face=\"arial\"><br></font></div><div style=\"text-align: justify;\"><div><div><font size=\"2\" face=\"arial\">Ting ht n mng rt c bit ca Ronaldo  to nn mt cn st i vi cng ng mng trong sut tun qua,  c rt nhiu clip bt chc v nhi li ting ht c chia s rng ri trn cc trang mng x hi.</font></div><div style=\"text-align: center;\"><font size=\"2\" face=\"arial\"><br></font></div></div><div><font size=\"2\" face=\"arial\">Cn st v mn n mng ny cng xut hin khng t trong gii cu th, ngi mi nht tham gia tro lu ny l tin o ng ngo vi nhng tr quy ph khng ging ai, Mario Balotelli.</font></div><div><font size=\"2\" face=\"arial\"><br></font></div><div><font size=\"2\" face=\"arial\">Trong on clip m tin o ca Liverpool va cho ng ti mi y, ngay khi iu khin Ronaldo ghi bn trong mt tr chi in t, Balotelli hng camera v mnh v \'ht\' ln n mng.</font></div></div><div style=\"text-align: center;\"><font size=\"2\" face=\"arial\"><br></font></div><div style=\"text-align: center;\"><div><font size=\"2\" face=\"arial\"><iframe width=\"500\" height=\"350\" src=\"http://www.youtube.com/embed/a6bBJerNHIs\" frameborder=\"0\" allowfullscreen=\"\"></iframe></font></div><div><font size=\"2\" face=\"arial\"><br></font></div><div><br></div></div>									  									</div>', '2015_01/18/1421515068_2.', '2015-01-17 23:15:27', '2015-01-18 00:18:50');
INSERT INTO `tbl_crawl_content` VALUES ('4', 'Yaya Toure tip tc da Man City', 'yaya-toure-tiep-tuc-', '<div class=\'art_content\'>  									<div style=\"text-align: justify;\"><font face=\"arial\" size=\"2\"><br></font></div><div style=\"text-align: justify;\"><font face=\"arial\" size=\"2\">Cn nh, hi cui ma gii trc, Yaya Toure cng ngi i din ca mnh  bt ng ln ting mun ra i v gin di Man City khng chc mng sinh nht. Nhng tng mi chuyn  lng xung th hm qua, tin v ny tip tc xi li chuyn c.</font></div><div style=\"text-align: justify;\"><font face=\"arial\" size=\"2\"><br></font></div><div style=\"text-align: center;\"><img src=\"http://static.goal.com/782600/782682_heroa.jpg\" width=\"500\" alt=\"\" align=\"none\"></div><div style=\"text-align: justify;\"><font face=\"arial\" size=\"2\"><br></font></div><div style=\"text-align: justify;\"><font face=\"arial\" size=\"2\">Tr li phng vn bo gii a phng khi tp trung cng T B Bin Ng, tin v ny tip tc  cp ti chuyn s ri khi Man City.</font></div><div style=\"text-align: justify;\"><font face=\"arial\" size=\"2\"><br></font></div><div style=\"text-align: justify;\"><font face=\"arial\" size=\"2\">Khi c hi liu c mun tip tc  li gn b vi Man City, tin v 31 tui p:  l l cu hi va d va kh. Ti ch c th d dng tr li rng: Ri chng ta s thy.</font></div><div style=\"text-align: justify;\"><font face=\"arial\" size=\"2\"><br></font></div><div style=\"text-align: justify;\"><font face=\"arial\" size=\"2\">Ti cng chng bit c tng lai ca mnh c tip tc gn b vi Man City hay khng. Ch bit rng lc ny ti vn l ngi ca i bng.</font></div><div style=\"text-align: justify;\"><font face=\"arial\" size=\"2\"><br></font></div><div style=\"text-align: justify;\"><font face=\"arial\" size=\"2\">Trong thi gian qua, PSG t ra kh quan tm ti tin v ngi B Bin Ng ny, Yaya Toure tip tc khin CV Man City au lng bng tuyn b khng bao gi ng ca vi nhng CLB ln.</font></div><div style=\"text-align: justify;\"><font face=\"arial\" size=\"2\"><br></font></div><div style=\"text-align: justify;\"><font face=\"arial\" size=\"2\">Theo lch, vo 23h00 ngy 20/1 (theo gi Vit Nam), Yaya Toure v cc ng i s ra qun ti CAN 2015 gp i th Guinea.  gii u ny, B Bin Ng nm  bng u vi cc i Cameroon, Guinea v Mali.</font></div><div style=\"text-align: justify;\"><br></div>									  									</div>', '2015_01/18/1421515068_3.jpg', '2015-01-17 23:15:27', '2015-01-18 00:18:50');
INSERT INTO `tbl_crawl_content` VALUES ('5', 'BN TIN SNG 17/1: V sao Van Gaal cha b sa thi?', 'ban-tin-sang-17-1-vi-sao-van-gaal-chua-bi-sa-thai', '<div class=\'art_content\'>  									<div style=\"text-align: justify;\"><ul><li><b>BN TIN 0H 17/1: Mourinho kh chu vi Man City</b></li></ul></div><div style=\"text-align: justify;\"><font face=\"arial\" size=\"2\"><b>V sao Van Gaal cha b sa thi? </b>HLV Louis van Gaal cha phi chu p lc sa thi cho d c thnh tch t khng km David Moyes ma trc d chi tiu nhiu hn gp 5 ln. Theo chuyn gia Jamie Carragher, s d c iu ny bi Van Gaal  xy dng c nim tin vi BL v ngi hm m Qu . Cha k ng vn l ngi c danh vng cao hn hn David Moyes.</font></div><div style=\"text-align: justify;\"><font face=\"arial\" size=\"2\"><br></font></div><div style=\"text-align: center;\"><font face=\"arial\" size=\"2\"><img src=\"http://i.dailymail.co.uk/i/pix/2015/01/16/24C290E200000578-0-image-a-14_1421430995089.jpg\" width=\"500\" alt=\"\" align=\"none\"></font></div><div style=\"text-align: justify;\"><font face=\"arial\" size=\"2\"><br></font></div><div style=\"text-align: justify;\"><font face=\"arial\" size=\"2\"><b>Bordeaux thua au. </b>D c  sn nh v c bn dn trc, nhng Bordeaux vn  Nice ginh chin thng 2-1 vo ng pht cht. Tht bi ny khin Bordeaux c nguy c b top 3 b xa 10 im sau 21 vng u.</font></div><div style=\"text-align: justify;\"><font face=\"arial\" size=\"2\"><br></font></div><div style=\"text-align: justify;\"><font face=\"arial\" size=\"2\"><b>Cordoba cm chn Eibar.</b> Trong trn u sm vng 19 La Liga, Cordoba  cm ha Eibar vi t s 1-1. y l trn ha th 6/10 trn h  u trn sn nh t u ma.</font></div><div style=\"text-align: justify;\"><font face=\"arial\" size=\"2\"><br></font></div><div style=\"text-align: justify;\"><font face=\"arial\" size=\"2\"><b>Moyes lnh n. </b>HLV ca Sociedad, David Moyes  b lin on bng  TBN (RFEF) cm ch o 2 trn u v th  phi nhn trc Villarreal.</font></div><div style=\"text-align: justify;\"><font face=\"arial\" size=\"2\"><br></font></div><div style=\"text-align: justify;\"><font face=\"arial\" size=\"2\"><b>Mvila, Osvaldo c th ra i. </b>HLV ca Inter Milan, Mancini tha nhn b i Yann Mvila v Pablo Daniel Osvaldo c th ra i ngay trong thng ny nu mun.</font></div><div style=\"text-align: justify;\"><font face=\"arial\" size=\"2\"><br></font></div><div style=\"text-align: justify;\"><font face=\"arial\" size=\"2\"><b>Austin cam kt vi QPR. </b>Tin o mi ni Charlie Austin cho bit anh rt hnh phc  QPR v cha mun ra i  thi im ny. T u ma, Austin  ghi 13 bn  Premier League.</font></div><div style=\"text-align: justify;\"><font face=\"arial\" size=\"2\"><br></font></div><div style=\"text-align: justify;\"><div><font face=\"arial\" size=\"2\"><b>Torres hon ho cho Atletico.</b> HLV Pep Guardiola  khen Diego Simeone sng sut khi a Torres tr li Vicente Calderon. Theo ng, Torres hon ho cho Atletico.</font></div><div><font face=\"arial\" size=\"2\"><br></font></div><div style=\"text-align: center;\"><font face=\"arial\" size=\"2\"><img src=\"http://i.dailymail.co.uk/i/pix/2015/01/16/24BC4B0700000578-0-Fernando_Torres_left_celebrates_with_team_mates_after_scoring_in-a-86_1421416228764.jpg\" width=\"500\" alt=\"\" align=\"none\"></font></div></div><div style=\"text-align: justify;\"><font face=\"arial\" size=\"2\"><br></font></div><div style=\"text-align: justify;\"><font face=\"arial\" size=\"2\"><b>Balotelli cn 4 thng. </b>T Mirror cho hay, Liverpool s cho Mario Balotelli 4 thng na  cu vt s nghip ti Anfield. Nu khng th hin tt, tin o ny s b y v  theo dng cho mn.</font></div><div style=\"text-align: justify;\"><br></div>									  									</div>', '2015_01/18/1421515068_4.jpg', '2015-01-17 23:15:27', '2015-01-18 00:18:50');
INSERT INTO `tbl_crawl_content` VALUES ('6', 'Van Gaal t ch ra khuyt im ca M.U', 'van-gaal-tu-chi-ra-khuyet-diem-cua-m-u', '<div class=\'art_content\'>  									<div style=\"text-align: justify;\"><font face=\"arial\" size=\"2\"><br></font></div><div style=\"text-align: justify;\"><font face=\"arial\" size=\"2\">Trong 5 trn gn nht, Man Utd ch thng 1, ha 3, thua 1. Trong trn thua Southampton cui tun trc, Qu  thm ch khng c ni mt ln dt im trng ch d c chi trn sn nh. Theo Van Gaal, l do chnh khin i bng ca ng khng th to ra nhiu c hi l thiu tc .</font></div><div style=\"text-align: justify;\"><font face=\"arial\" size=\"2\"><br></font></div><div style=\"text-align: center;\"><font face=\"arial\" size=\"2\"><img src=\"http://static.goal.com/515200/515291_heroa.jpg\" width=\"500\" alt=\"\" align=\"none\"></font></div><div style=\"text-align: justify;\"><font face=\"arial\" size=\"2\"><br></font></div><div style=\"text-align: justify;\"><font face=\"arial\" size=\"2\">HLV ngi H Lan cho bit: Tc  rt quan trng. Trong bng  hin i, bn khng th thi u m khng cn tc , do  nhng ngi nh Wilson hay Di Maria l rt quan trng vi ti.  cng l l do ti sao h phi ra sn nhiu. Tt nhin, cc ng chuyn quyt nh ca rt quan trng v chng ti cng phi ci thin iu ny.</font></div><div style=\"text-align: justify;\"><font face=\"arial\" size=\"2\"><br></font></div><div style=\"text-align: justify;\"><font face=\"arial\" size=\"2\">Bn cnh , Van Gaal bc b vic Man Utd ang khng hong phong . ng nhn mnh Qu  ch thua 1 trong 12 trn gn nht v iu  khng th l hi chung bo ng  Old Trafford.</font></div><div style=\"text-align: justify;\"><font face=\"arial\" size=\"2\"><br></font></div><div style=\"text-align: justify;\"><font face=\"arial\" size=\"2\">ng ni tip: Tht kh tin, tt c phng tin truyn thng u ni v iu ny, nhng thc s chng ti ch thua 1 trong 12 trn gn nht. Khi bn phn tch cc trn u, bn s thy Man Utd l i chi tt hn, v vy, cu chuyn khng t hi nh bo gii ang ni.</font></div><div style=\"text-align: justify;\"><br></div>									  									</div>', '2015_01/18/1421515068_5.jpg', '2015-01-17 23:15:27', '2015-01-18 00:18:50');
INSERT INTO `tbl_crawl_content` VALUES ('7', 'CHNH THC: Defoe tr li Premier League', 'chinh-thuc-defoe-tro-lai-premier-league', '<div class=\'art_content\'>  									<div style=\"text-align: justify;\"><font size=\"2\" face=\"arial\"><br></font></div><div style=\"text-align: justify;\"><font size=\"2\" face=\"arial\">Sau khi ri khi Tottenham nm 2014, Defoe  gia nhp Toronto  gii MLS nhng ch sau 1 ma gii ti y, cu th ny  tr li Premier League, khoc o Sunderland theo bn hp ng c thi hn 3,5 nm. Ngy hm qua, Defoe  chnh thc ra mt CLB mi.</font></div><div style=\"text-align: justify;\"><font size=\"2\" face=\"arial\"><br></font></div><div style=\"text-align: center;\"><img src=\"http://i.dailymail.co.uk/i/pix/2015/01/16/24C28E7D00000578-2913295-The_striker_has_signed_on_a_three_year_deal_from_Toronto_with_Jo-a-21_1421416338152.jpg\" width=\"500\" alt=\"\" align=\"none\"></div><div style=\"text-align: justify;\"><font size=\"2\" face=\"arial\"><br></font></div><div style=\"text-align: justify;\"><font size=\"2\" face=\"arial\"> c c Defoe, Sunderland  phi i Jozy Altidore cho CLB Toronto. Mc d vy, mc ph chi tit ca thng v ny vn khng c tit l.</font></div><div style=\"text-align: justify;\"><font size=\"2\" face=\"arial\"><br></font></div><div style=\"text-align: justify;\"><font size=\"2\" face=\"arial\">Pht biu trong ngy ra mt, Defoe khng giu c nim hnh phc. Anh ni:  l CLB tuyt vi. Ti lun mun c khoc o Sunderland bi bu khng kh cung nhit t cc CV i bng. y thc s l ni l tng cho ti cng hin.</font></div><div style=\"text-align: justify;\"><font size=\"2\" face=\"arial\"><br></font></div><div style=\"text-align: justify;\"><font size=\"2\" face=\"arial\">Trong khi , HLV Sunderland, Gus Poyet ni v bn hp ng mi: Ti hiu c ti nng, phm cht cng nh mong c ghi tht nhiu bn ca ca Defoe. Ti hy vng anh y s mang ti nhng s khc bit.</font></div><div style=\"text-align: justify;\"><font size=\"2\" face=\"arial\"><br></font></div><div style=\"text-align: justify;\"><font size=\"2\" face=\"arial\">Chng ti tng l ng i ca nhau. Khi ti v cng chin cho Tottenham trong vai tr t l HLV, ti cng c c hi lm vic vi Defoe. V vy, ti hiu kh r v cu th ny.</font></div><div style=\"text-align: justify;\"><font size=\"2\" face=\"arial\"><br></font></div><div style=\"text-align: justify;\"><font size=\"2\" face=\"arial\">Trong 14 nm thi u  Premier League trc y, Defoe  ra sn 524 trn v ghi c 214 bn thng cho cc CLB West Ham, Tottenham (2 ln) v Portsmouth.</font></div><div style=\"text-align: justify;\"><br></div>									  									</div>', '2015_01/18/1421515068_6.jpg', '2015-01-17 23:15:27', '2015-01-18 00:18:50');
INSERT INTO `tbl_crawl_content` VALUES ('8', 'QPR - Man Utd: Tm li nim vui?', 'qpr-man-utd-tim-lai-niem-vui', '<div class=\'art_content\'>  									<div style=\"text-align: justify;\"><ul><li><b>22h00 17/1, sn&nbsp;Loftus Road, vng 22 Premier League: QPR - M.U</b></li></ul></div><div style=\"text-align: justify;\"><b><font face=\"arial\" size=\"2\">Lc lng:</font></b></div><div style=\"text-align: justify;\"><font face=\"arial\" size=\"2\"><br></font></div><div style=\"text-align: justify;\"><font face=\"arial\" size=\"2\"><b>- QPR: </b>Armand Traore, Sandro v Yun Suk-Young vng mt v chn thng nhng Niko Kranjcar c th tr li.</font></div><div style=\"text-align: justify;\"><font face=\"arial\" size=\"2\"><br></font></div><div style=\"text-align: justify;\"><font face=\"arial\" size=\"2\"><b>- Man Utd:</b> Kh nng ra sn ca Robin van Persie cn b ng. Rafael v Marcos Rojo  sn sng.</font></div><div style=\"text-align: justify;\"><font face=\"arial\" size=\"2\"><br></font></div><div style=\"text-align: justify;\"><b><font face=\"arial\" size=\"2\">i u v phong :</font></b></div><div style=\"text-align: justify;\"><font face=\"arial\" size=\"2\"><br></font></div><div style=\"text-align: justify;\"><font face=\"arial\" size=\"2\">- QPR cha bao gi thng M.U  Premier League (ha 2, thua 11).</font></div><div style=\"text-align: justify;\"><font face=\"arial\" size=\"2\"><br></font></div><div style=\"text-align: justify;\"><font face=\"arial\" size=\"2\">- QPR ang tri qua 4 trn lin tip bt thng  Premier League.</font></div><div style=\"text-align: justify;\"><font face=\"arial\" size=\"2\"><br></font></div><div style=\"text-align: justify;\"><font face=\"arial\" size=\"2\">- M.U ch ginh c 6 im trong 5 trn gn nht (thng 1, ha 3, thua 1).</font></div><div style=\"text-align: justify;\"><font face=\"arial\" size=\"2\"><br></font></div><div style=\"text-align: center;\"><font face=\"arial\" size=\"2\"><img src=\"http://i.dailymail.co.uk/i/pix/2014/09/14/1410710306079_Image_galleryImage_MANCHESTER_ENGLAND_SEPTEM.JPG\" width=\"500\" alt=\"\" align=\"none\"></font></div><div style=\"text-align: justify;\"><font face=\"arial\" size=\"2\"><br></font></div><div style=\"text-align: justify;\"><font face=\"arial\" size=\"2\">Trong 5 vng u gn nht, Qu  ch thng c ng 1 trn, ha 3 v thua 1. Phong  ny ch nhnh hn QPR ng 1 trn ha. Ni cch khc, trong cng khong thi gian ny, i bng t gi ca Van Gaal ch ginh c nhiu hn QPR, i ang xp th 19 trn BXH ng 1 im. Ni vy  thy phong  ca M.U ang t n th no.</font></div><div style=\"text-align: justify;\"><font face=\"arial\" size=\"2\"><br></font></div><div style=\"text-align: justify;\"><font face=\"arial\" size=\"2\">Nhng  ni t u, gp QPR l c hi tt  M.U bt ra khi chui trn t hi . D phong  khng kh hn i th l bao, nhng Qu  li c thnh tch i u vt tri mt cch tuyt i. K t khi QPR tr li Premier League vo nm 2011, M.U  ton thng h 5 trn ti Premier League. Cch bit t nht lun l 2 bn. Ni M.U l con ngo p ca QPR cng khng sai.</font></div><div style=\"text-align: justify;\"><font face=\"arial\" size=\"2\"><br></font></div><div style=\"text-align: justify;\"><font face=\"arial\" size=\"2\"> u ma ny, chnh QPR l i em n chin thng u tin cho M.U-Van Gaal  Premier League.  l trn u  vng 4, i bng o   bp i th n t London vi t s 4-0 bng mt li chi thuyt phc. Trc , M.U ha 2, thua 1, cng vi trn thua v mt trc MK Dons  Capital One Cup khi vn hnh s  3-5-2 ca Van Gaal.</font></div><div style=\"text-align: justify;\"><font face=\"arial\" size=\"2\"><br></font></div><div style=\"text-align: justify;\"><font face=\"arial\" size=\"2\">Tnh th hin ti l tng t. Qu  ang gy tht vng bi s  3-5-2 bo th ca Van Gaal v tht bi trc Southampton c th l hi chung cnh tnh HLV ny. Vi i hnh c y  gn ht nhng ngi sao tt nht, Van Gaal hon ton c th th nghim cc s  khc nu ng mun.&nbsp;</font></div><div style=\"text-align: justify;\"><font face=\"arial\" size=\"2\"><br></font></div><div style=\"text-align: justify;\"><font face=\"arial\" size=\"2\">Vn  ln nht ca M.U chnh  im ny. H  vt qua cn bo chn thng, tuy nhin, s  3-5-2 n gi vn cha th, hay khng th pht huy nh mong i ca Van Gaal. Nu HLV ngi H Lan vn quyt tm s dng s  ny, M.U rt c th lm nguy ngay c khi i th ch l QPR.</font></div><div style=\"text-align: justify;\"><font face=\"arial\" size=\"2\"><br></font></div><div style=\"text-align: justify;\"><font face=\"arial\" size=\"2\">n gin QPR chi khng h t trn sn nh Loftus Road. Cho d lun yu bng va trc Qu , nhng tnh th hin ti ca QPR khin h c tinh thn quyt chin trc mi i th. Khng kh  tng tng, tinh thn ca QPR kt hp vi li  b tc ca M.U s khin thc lc 2 bn khng cn qu chnh lch.  s l thi c tt  QPR lm nn bt ng, nn nh rng, h ang s hu mt trong nhng chn st ng s nht Premier League ma ny, Charlie Austin.</font></div><div style=\"text-align: justify;\"><font face=\"arial\" size=\"2\"><br></font></div><div style=\"text-align: justify;\"><font face=\"arial\" size=\"2\"><b>D on: Ha 2-2</b></font></div><div style=\"text-align: justify;\"><font face=\"arial\" size=\"2\"><br></font></div><div style=\"text-align: justify;\"><hr><br></div><div style=\"text-align: justify;\"><div style=\"margin: 0px; padding: 0px; font-family: Arial, Helvetica, sans-serif, Verdana, Geneva; font-size: 12px; text-align: center; background-color: rgb(255, 255, 255);\"><font face=\"arial\" size=\"2\" style=\"margin: 0px; padding: 0px;\"><b style=\"margin: 0px; padding: 0px;\"><img src=\"/images/Article/Upload/150117_122248_295.jpg\" alt=\"\" align=\"none\"></b></font></div><div style=\"margin: 0px; padding: 0px; font-family: Arial, Helvetica, sans-serif, Verdana, Geneva; font-size: 12px; text-align: center; background-color: rgb(255, 255, 255);\"><font face=\"arial\" size=\"2\" style=\"margin: 0px; padding: 0px;\"><b style=\"margin: 0px; padding: 0px;\"><br></b></font></div><div style=\"margin: 0px; padding: 0px; font-family: Arial, Helvetica, sans-serif, Verdana, Geneva; font-size: 12px; text-align: center; background-color: rgb(255, 255, 255);\"><font face=\"arial\" size=\"2\" style=\"margin: 0px; padding: 0px;\"><b style=\"margin: 0px; padding: 0px;\">LCH THI U VNG 22</b></font></div><div style=\"margin: 0px; padding: 0px; font-family: Arial, Helvetica, sans-serif, Verdana, Geneva; font-size: 12px; text-align: center; background-color: rgb(255, 255, 255);\"><font face=\"arial\" size=\"2\" style=\"margin: 0px; padding: 0px;\"><br style=\"margin: 0px; padding: 0px;\"></font></div><div style=\"margin: 0px; padding: 0px; font-family: Arial, Helvetica, sans-serif, Verdana, Geneva; font-size: 12px; background-color: rgb(255, 255, 255);\"><table class=\"fx_coming\" width=\"100%\" cellspacing=\"0\" cellpadding=\"0\" style=\"margin: 0px; padding: 0px; color: rgb(0, 0, 0);\"><tbody style=\"margin: 0px; padding: 0px;\"><tr style=\"margin: 0px; padding: 0px; height: 20px;\"><td title=\"Gi Vit Nam\" style=\"margin: 0px; padding: 0px; border-color: rgb(215, 227, 245); border-width: 1px; border-style: none solid solid; font-size: 8pt; text-align: center;\"><font size=\"2\" style=\"margin: 0px; padding: 0px;\">17/01 22:00</font></td><td class=\"\" style=\"margin: 0px; padding: 0px; border-color: rgb(215, 227, 245); border-width: 1px; border-style: none solid solid none; font-size: 8pt; text-align: center;\"><span class=\"style11\" style=\"margin: 0px; padding: 0px; font-size: 8pt;\"><font size=\"2\" style=\"margin: 0px; padding: 0px;\">QPR&nbsp;-&nbsp;Man Utd</font></span></td><td style=\"margin: 0px; padding: 0px; border-color: rgb(215, 227, 245); border-width: 1px; border-style: none solid solid none; font-size: 8pt; text-align: center;\"><font size=\"2\" style=\"margin: 0px; padding: 0px;\">1.85</font></td><td style=\"margin: 0px; padding: 0px; border-color: rgb(215, 227, 245); border-width: 1px; border-style: none solid solid none; font-size: 8pt; text-align: center;\"><font size=\"2\" style=\"margin: 0px; padding: 0px;\">1:0</font></td><td style=\"margin: 0px; padding: 0px; border-color: rgb(215, 227, 245); border-width: 1px; border-style: none solid solid none; font-size: 8pt; text-align: center;\"><font size=\"2\" style=\"margin: 0px; padding: 0px;\">2.05</font></td><td style=\"margin: 0px; padding: 0px; border-color: rgb(215, 227, 245); border-width: 1px; border-style: none solid solid none; font-size: 8pt; text-align: center;\"></td></tr><tr class=\"alt\" style=\"margin: 0px; padding: 0px; height: 20px;\"><td title=\"Gi Vit Nam\" style=\"margin: 0px; padding: 0px; border-color: rgb(215, 227, 245); border-width: 1px; border-style: none solid solid; font-size: 8pt; text-align: center; background-color: rgb(240, 240, 240);\"><font size=\"2\" style=\"margin: 0px; padding: 0px;\">17/01 22:00</font></td><td class=\"\" style=\"margin: 0px; padding: 0px; border-color: rgb(215, 227, 245); border-width: 1px; border-style: none solid solid none; font-size: 8pt; text-align: center; background-color: rgb(240, 240, 240);\"><span class=\"style11\" style=\"margin: 0px; padding: 0px; font-size: 8pt;\"><font size=\"2\" style=\"margin: 0px; padding: 0px;\">Swansea&nbsp;-&nbsp;Chelsea</font></span></td><td style=\"margin: 0px; padding: 0px; border-color: rgb(215, 227, 245); border-width: 1px; border-style: none solid solid none; font-size: 8pt; text-align: center; background-color: rgb(240, 240, 240);\"><span class=\"odd_down\" style=\"margin: 0px; padding: 0px; color: blue;\"><font size=\"2\" style=\"margin: 0px; padding: 0px;\">1.875</font></span></td><td style=\"margin: 0px; padding: 0px; border-color: rgb(215, 227, 245); border-width: 1px; border-style: none solid solid none; font-size: 8pt; text-align: center; background-color: rgb(240, 240, 240);\"><font size=\"2\" style=\"margin: 0px; padding: 0px;\">1:0</font></td><td style=\"margin: 0px; padding: 0px; border-color: rgb(215, 227, 245); border-width: 1px; border-style: none solid solid none; font-size: 8pt; text-align: center; background-color: rgb(240, 240, 240);\"><span class=\"odd_up\" style=\"margin: 0px; padding: 0px; color: red;\"><font size=\"2\" style=\"margin: 0px; padding: 0px;\">2.025</font></span></td><td style=\"margin: 0px; padding: 0px; border-color: rgb(215, 227, 245); border-width: 1px; border-style: none solid solid none; font-size: 8pt; text-align: center; background-color: rgb(240, 240, 240);\"></td></tr><tr style=\"margin: 0px; padding: 0px; height: 20px;\"><td title=\"Gi Vit Nam\" style=\"margin: 0px; padding: 0px; border-color: rgb(215, 227, 245); border-width: 1px; border-style: none solid solid; font-size: 8pt; text-align: center;\"><font size=\"2\" style=\"margin: 0px; padding: 0px;\">17/01 22:00</font></td><td class=\"\" style=\"margin: 0px; padding: 0px; border-color: rgb(215, 227, 245); border-width: 1px; border-style: none solid solid none; font-size: 8pt; text-align: center;\"><span class=\"style11\" style=\"margin: 0px; padding: 0px; font-size: 8pt;\"><font size=\"2\" style=\"margin: 0px; padding: 0px;\">Tottenham&nbsp;-&nbsp;Sunderland</font></span></td><td style=\"margin: 0px; padding: 0px; border-color: rgb(215, 227, 245); border-width: 1px; border-style: none solid solid none; font-size: 8pt; text-align: center;\"><font size=\"2\" style=\"margin: 0px; padding: 0px;\">2.10</font></td><td style=\"margin: 0px; padding: 0px; border-color: rgb(215, 227, 245); border-width: 1px; border-style: none solid solid none; font-size: 8pt; text-align: center;\"><font size=\"2\" style=\"margin: 0px; padding: 0px;\">0:1</font></td><td style=\"margin: 0px; padding: 0px; border-color: rgb(215, 227, 245); border-width: 1px; border-style: none solid solid none; font-size: 8pt; text-align: center;\"><font size=\"2\" style=\"margin: 0px; padding: 0px;\">1.80</font></td><td style=\"margin: 0px; padding: 0px; border-color: rgb(215, 227, 245); border-width: 1px; border-style: none solid solid none; font-size: 8pt; text-align: center;\"></td></tr><tr class=\"alt\" style=\"margin: 0px; padding: 0px; height: 20px;\"><td title=\"Gi Vit Nam\" style=\"margin: 0px; padding: 0px; border-color: rgb(215, 227, 245); border-width: 1px; border-style: none solid solid; font-size: 8pt; text-align: center; background-color: rgb(240, 240, 240);\"><font size=\"2\" style=\"margin: 0px; padding: 0px;\">17/01 22:00</font></td><td class=\"\" style=\"margin: 0px; padding: 0px; border-color: rgb(215, 227, 245); border-width: 1px; border-style: none solid solid none; font-size: 8pt; text-align: center; background-color: rgb(240, 240, 240);\"><span class=\"style11\" style=\"margin: 0px; padding: 0px; font-size: 8pt;\"><font size=\"2\" style=\"margin: 0px; padding: 0px;\">Leicester City&nbsp;-&nbsp;Stoke City</font></span></td><td style=\"margin: 0px; padding: 0px; border-color: rgb(215, 227, 245); border-width: 1px; border-style: none solid solid none; font-size: 8pt; text-align: center; background-color: rgb(240, 240, 240);\"><font size=\"2\" style=\"margin: 0px; padding: 0px;\">1.825</font></td><td style=\"margin: 0px; padding: 0px; border-color: rgb(215, 227, 245); border-width: 1px; border-style: none solid solid none; font-size: 8pt; text-align: center; background-color: rgb(240, 240, 240);\"><font size=\"2\" style=\"margin: 0px; padding: 0px;\">0:0</font></td><td style=\"margin: 0px; padding: 0px; border-color: rgb(215, 227, 245); border-width: 1px; border-style: none solid solid none; font-size: 8pt; text-align: center; background-color: rgb(240, 240, 240);\"><font size=\"2\" style=\"margin: 0px; padding: 0px;\">2.075</font></td><td style=\"margin: 0px; padding: 0px; border-color: rgb(215, 227, 245); border-width: 1px; border-style: none solid solid none; font-size: 8pt; text-align: center; background-color: rgb(240, 240, 240);\"></td></tr><tr style=\"margin: 0px; padding: 0px; height: 20px;\"><td title=\"Gi Vit Nam\" style=\"margin: 0px; padding: 0px; border-color: rgb(215, 227, 245); border-width: 1px; border-style: none solid solid; font-size: 8pt; text-align: center;\"><font size=\"2\" style=\"margin: 0px; padding: 0px;\">17/01 22:00</font></td><td class=\"\" style=\"margin: 0px; padding: 0px; border-color: rgb(215, 227, 245); border-width: 1px; border-style: none solid solid none; font-size: 8pt; text-align: center;\"><span class=\"style11\" style=\"margin: 0px; padding: 0px; font-size: 8pt;\"><font size=\"2\" style=\"margin: 0px; padding: 0px;\">Burnley&nbsp;-&nbsp;Crystal Palace</font></span></td><td style=\"margin: 0px; padding: 0px; border-color: rgb(215, 227, 245); border-width: 1px; border-style: none solid solid none; font-size: 8pt; text-align: center;\"><font size=\"2\" style=\"margin: 0px; padding: 0px;\">2.125</font></td><td style=\"margin: 0px; padding: 0px; border-color: rgb(215, 227, 245); border-width: 1px; border-style: none solid solid none; font-size: 8pt; text-align: center;\"><font size=\"2\" style=\"margin: 0px; padding: 0px;\">0:1/4</font></td><td style=\"margin: 0px; padding: 0px; border-color: rgb(215, 227, 245); border-width: 1px; border-style: none solid solid none; font-size: 8pt; text-align: center;\"><font size=\"2\" style=\"margin: 0px; padding: 0px;\">1.775</font></td><td style=\"margin: 0px; padding: 0px; border-color: rgb(215, 227, 245); border-width: 1px; border-style: none solid solid none; font-size: 8pt; text-align: center;\"></td></tr><tr class=\"alt\" style=\"margin: 0px; padding: 0px; height: 20px;\"><td title=\"Gi Vit Nam\" style=\"margin: 0px; padding: 0px; border-color: rgb(215, 227, 245); border-width: 1px; border-style: none solid solid; font-size: 8pt; text-align: center; background-color: rgb(240, 240, 240);\"><font size=\"2\" style=\"margin: 0px; padding: 0px;\">17/01 22:00</font></td><td class=\"\" style=\"margin: 0px; padding: 0px; border-color: rgb(215, 227, 245); border-width: 1px; border-style: none solid solid none; font-size: 8pt; text-align: center; background-color: rgb(240, 240, 240);\"><span class=\"style11\" style=\"margin: 0px; padding: 0px; font-size: 8pt;\"><font size=\"2\" style=\"margin: 0px; padding: 0px;\">Aston Villa&nbsp;-&nbsp;Liverpool</font></span></td><td style=\"margin: 0px; padding: 0px; border-color: rgb(215, 227, 245); border-width: 1px; border-style: none solid solid none; font-size: 8pt; text-align: center; background-color: rgb(240, 240, 240);\"><font size=\"2\" style=\"margin: 0px; padding: 0px;\">2.075</font></td><td style=\"margin: 0px; padding: 0px; border-color: rgb(215, 227, 245); border-width: 1px; border-style: none solid solid none; font-size: 8pt; text-align: center; background-color: rgb(240, 240, 240);\"><font size=\"2\" style=\"margin: 0px; padding: 0px;\">1/2:0</font></td><td style=\"margin: 0px; padding: 0px; border-color: rgb(215, 227, 245); border-width: 1px; border-style: none solid solid none; font-size: 8pt; text-align: center; background-color: rgb(240, 240, 240);\"><font size=\"2\" style=\"margin: 0px; padding: 0px;\">1.825</font></td><td style=\"margin: 0px; padding: 0px; border-color: rgb(215, 227, 245); border-width: 1px; border-style: none solid solid none; font-size: 8pt; text-align: center; background-color: rgb(240, 240, 240);\"></td></tr><tr style=\"margin: 0px; padding: 0px; height: 20px;\"><td title=\"Gi Vit Nam\" style=\"margin: 0px; padding: 0px; border-color: rgb(215, 227, 245); border-width: 1px; border-style: none solid solid; font-size: 8pt; text-align: center;\"><font size=\"2\" style=\"margin: 0px; padding: 0px;\">18/01 00:30</font></td><td class=\"\" style=\"margin: 0px; padding: 0px; border-color: rgb(215, 227, 245); border-width: 1px; border-style: none solid solid none; font-size: 8pt; text-align: center;\"><span class=\"style11\" style=\"margin: 0px; padding: 0px; font-size: 8pt;\"><font size=\"2\" style=\"margin: 0px; padding: 0px;\">Newcastle&nbsp;-&nbsp;Southampton</font></span></td><td style=\"margin: 0px; padding: 0px; border-color: rgb(215, 227, 245); border-width: 1px; border-style: none solid solid none; font-size: 8pt; text-align: center;\"><span class=\"odd_down\" style=\"margin: 0px; padding: 0px; color: blue;\"><font size=\"2\" style=\"margin: 0px; padding: 0px;\">1.925</font></span></td><td style=\"margin: 0px; padding: 0px; border-color: rgb(215, 227, 245); border-width: 1px; border-style: none solid solid none; font-size: 8pt; text-align: center;\"><font size=\"2\" style=\"margin: 0px; padding: 0px;\">1/4:0</font></td><td style=\"margin: 0px; padding: 0px; border-color: rgb(215, 227, 245); border-width: 1px; border-style: none solid solid none; font-size: 8pt; text-align: center;\"><span class=\"odd_up\" style=\"margin: 0px; padding: 0px; color: red;\"><font size=\"2\" style=\"margin: 0px; padding: 0px;\">1.975</font></span></td><td style=\"margin: 0px; padding: 0px; border-color: rgb(215, 227, 245); border-width: 1px; border-style: none solid solid none; font-size: 8pt; text-align: center;\"></td></tr><tr class=\"alt\" style=\"margin: 0px; padding: 0px; height: 20px;\"><td title=\"Gi Vit Nam\" style=\"margin: 0px; padding: 0px; border-color: rgb(215, 227, 245); border-width: 1px; border-style: none solid solid; font-size: 8pt; text-align: center; background-color: rgb(240, 240, 240);\"><font size=\"2\" style=\"margin: 0px; padding: 0px;\">18/01 20:30</font></td><td class=\"\" style=\"margin: 0px; padding: 0px; border-color: rgb(215, 227, 245); border-width: 1px; border-style: none solid solid none; font-size: 8pt; text-align: center; background-color: rgb(240, 240, 240);\"><span class=\"style11\" style=\"margin: 0px; padding: 0px; font-size: 8pt;\"><font size=\"2\" style=\"margin: 0px; padding: 0px;\">West Ham&nbsp;-&nbsp;Hull</font></span></td><td style=\"margin: 0px; padding: 0px; border-color: rgb(215, 227, 245); border-width: 1px; border-style: none solid solid none; font-size: 8pt; text-align: center; background-color: rgb(240, 240, 240);\"><font size=\"2\" style=\"margin: 0px; padding: 0px;\">1.95</font></td><td style=\"margin: 0px; padding: 0px; border-color: rgb(215, 227, 245); border-width: 1px; border-style: none solid solid none; font-size: 8pt; text-align: center; background-color: rgb(240, 240, 240);\"><font size=\"2\" style=\"margin: 0px; padding: 0px;\">0:3/4</font></td><td style=\"margin: 0px; padding: 0px; border-color: rgb(215, 227, 245); border-width: 1px; border-style: none solid solid none; font-size: 8pt; text-align: center; background-color: rgb(240, 240, 240);\"><font size=\"2\" style=\"margin: 0px; padding: 0px;\">1.95</font></td><td style=\"margin: 0px; padding: 0px; border-color: rgb(215, 227, 245); border-width: 1px; border-style: none solid solid none; font-size: 8pt; text-align: center; background-color: rgb(240, 240, 240);\"></td></tr><tr style=\"margin: 0px; padding: 0px; height: 20px;\"><td title=\"Gi Vit Nam\" style=\"margin: 0px; padding: 0px; border-color: rgb(215, 227, 245); border-width: 1px; border-style: none solid solid; font-size: 8pt; text-align: center;\"><font size=\"2\" style=\"margin: 0px; padding: 0px;\">18/01 23:00</font></td><td class=\"\" style=\"margin: 0px; padding: 0px; border-color: rgb(215, 227, 245); border-width: 1px; border-style: none solid solid none; font-size: 8pt; text-align: center;\"><span class=\"style11\" style=\"margin: 0px; padding: 0px; font-size: 8pt;\"><font size=\"2\" style=\"margin: 0px; padding: 0px;\">Man City&nbsp;-&nbsp;Arsenal</font></span></td><td style=\"margin: 0px; padding: 0px; border-color: rgb(215, 227, 245); border-width: 1px; border-style: none solid solid none; font-size: 8pt; text-align: center;\"><font size=\"2\" style=\"margin: 0px; padding: 0px;\">2.025</font></td><td style=\"margin: 0px; padding: 0px; border-color: rgb(215, 227, 245); border-width: 1px; border-style: none solid solid none; font-size: 8pt; text-align: center;\"><font size=\"2\" style=\"margin: 0px; padding: 0px;\">0:3/4</font></td><td style=\"margin: 0px; padding: 0px; border-color: rgb(215, 227, 245); border-width: 1px; border-style: none solid solid none; font-size: 8pt; text-align: center;\"><font size=\"2\" style=\"margin: 0px; padding: 0px;\">1.875</font></td><td style=\"margin: 0px; padding: 0px; border-color: rgb(215, 227, 245); border-width: 1px; border-style: none solid solid none; font-size: 8pt; text-align: center;\"></td></tr><tr class=\"alt\" style=\"margin: 0px; padding: 0px; height: 20px;\"><td title=\"Gi Vit Nam\" style=\"margin: 0px; padding: 0px; border-color: rgb(215, 227, 245); border-width: 1px; border-style: none solid solid; font-size: 8pt; text-align: center; background-color: rgb(240, 240, 240);\"><font size=\"2\" style=\"margin: 0px; padding: 0px;\">20/01 03:00</font></td><td class=\"\" style=\"margin: 0px; padding: 0px; border-color: rgb(215, 227, 245); border-width: 1px; border-style: none solid solid none; font-size: 8pt; text-align: center; background-color: rgb(240, 240, 240);\"><span class=\"style11\" style=\"margin: 0px; padding: 0px; font-size: 8pt;\"><font size=\"2\" style=\"margin: 0px; padding: 0px;\">Everton&nbsp;-&nbsp;West Brom</font></span></td><td style=\"margin: 0px; padding: 0px; border-color: rgb(215, 227, 245); border-width: 1px; border-style: none solid solid none; font-size: 8pt; text-align: center; background-color: rgb(240, 240, 240);\"><font size=\"2\" style=\"margin: 0px; padding: 0px;\">1.85</font></td><td style=\"margin: 0px; padding: 0px; border-color: rgb(215, 227, 245); border-width: 1px; border-style: none solid solid none; font-size: 8pt; text-align: center; background-color: rgb(240, 240, 240);\"><font size=\"2\" style=\"margin: 0px; padding: 0px;\">0:1/2</font></td><td style=\"margin: 0px; padding: 0px; border-color: rgb(215, 227, 245); border-width: 1px; border-style: none solid solid none; font-size: 8pt; text-align: center; background-color: rgb(240, 240, 240);\"><font size=\"2\" style=\"margin: 0px; padding: 0px;\">2.05</font></td><td style=\"margin: 0px; padding: 0px; border-color: rgb(215, 227, 245); border-width: 1px; border-style: none solid solid none; font-size: 8pt; text-align: center; background-color: rgb(240, 240, 240);\"></td></tr></tbody></table></div><div style=\"margin: 0px; padding: 0px; font-family: Arial, Helvetica, sans-serif, Verdana, Geneva; font-size: 12px; background-color: rgb(255, 255, 255);\"><font face=\"arial\" size=\"2\" style=\"margin: 0px; padding: 0px;\"><br style=\"margin: 0px; padding: 0px;\"></font></div><div style=\"margin: 0px; padding: 0px; font-family: Arial, Helvetica, sans-serif, Verdana, Geneva; font-size: 12px; text-align: center; background-color: rgb(255, 255, 255);\"><font face=\"arial\" size=\"2\" style=\"margin: 0px; padding: 0px;\"><b style=\"margin: 0px; padding: 0px;\">BNG XP HNG</b></font></div><div style=\"margin: 0px; padding: 0px; font-family: Arial, Helvetica, sans-serif, Verdana, Geneva; font-size: 12px; background-color: rgb(255, 255, 255);\"><font face=\"arial\" size=\"2\" style=\"margin: 0px; padding: 0px;\"><br style=\"margin: 0px; padding: 0px;\"></font></div><div style=\"margin: 0px; padding: 0px; font-family: Arial, Helvetica, sans-serif, Verdana, Geneva; font-size: 12px; background-color: rgb(255, 255, 255);\"><table width=\"100%\" cellspacing=\"0\" cellpadding=\"1\" style=\"margin: 0px; padding: 0px; border: 1px solid rgb(215, 227, 245); border-collapse: collapse;\"><tbody style=\"margin: 0px; padding: 0px;\"><tr style=\"margin: 0px; padding: 0px; height: 20px;\"><th colspan=\"3\" style=\"margin: 0px; padding: 0px; height: 20px; color: white; border: 1px solid white; font-family: Georgia, Arial, Helvetica, sans-serif; font-weight: normal; background: rgb(80, 80, 80);\"></th><th colspan=\"5\" align=\"center\" style=\"margin: 0px; padding: 0px; height: 20px; color: white; border: 1px solid white; font-family: Georgia, Arial, Helvetica, sans-serif; font-weight: normal; background: rgb(80, 80, 80);\"><font size=\"2\" style=\"margin: 0px; padding: 0px;\">Sn nh</font></th><th colspan=\"5\" align=\"center\" style=\"margin: 0px; padding: 0px; height: 20px; color: white; border: 1px solid white; font-family: Georgia, Arial, Helvetica, sans-serif; font-weight: normal; background: rgb(80, 80, 80);\"><font size=\"2\" style=\"margin: 0px; padding: 0px;\">Sn khch</font></th><th colspan=\"2\" style=\"margin: 0px; padding: 0px; height: 20px; color: white; border: 1px solid white; font-family: Georgia, Arial, Helvetica, sans-serif; font-weight: normal; background: rgb(80, 80, 80);\"></th></tr><tr style=\"margin: 0px; padding: 0px; height: 1px;\"><td colspan=\"15\" style=\"margin: 0px; padding: 0px; border: 1px none rgb(215, 227, 245); border-collapse: collapse;\"></td></tr><tr class=\"tbl_title\" style=\"margin: 0px; padding: 0px; height: 20px; color: white; text-align: center; font-weight: bold; background-color: rgb(117, 40, 94);\"><td width=\"4%\" style=\"margin: 0px; padding: 0px; border: 1px solid rgb(215, 227, 245); border-collapse: collapse;\"><font size=\"2\" style=\"margin: 0px; padding: 0px;\">&nbsp;</font></td><td style=\"margin: 0px; padding: 0px; border: 1px solid rgb(215, 227, 245); border-collapse: collapse;\"><font size=\"2\" style=\"margin: 0px; padding: 0px;\">&nbsp;</font></td><td width=\"5%\" title=\"S trn\" style=\"margin: 0px; padding: 0px; border: 1px solid rgb(215, 227, 245); border-collapse: collapse;\"><font size=\"2\" style=\"margin: 0px; padding: 0px;\">ST</font></td><td width=\"5%\" title=\"Thng\" style=\"margin: 0px; padding: 0px; border: 1px solid rgb(215, 227, 245); border-collapse: collapse;\"><font size=\"2\" style=\"margin: 0px; padding: 0px;\">T</font></td><td width=\"5%\" title=\"Ha\" style=\"margin: 0px; padding: 0px; border: 1px solid rgb(215, 227, 245); border-collapse: collapse;\"><font size=\"2\" style=\"margin: 0px; padding: 0px;\">H</font></td><td width=\"5%\" title=\"Bi\" style=\"margin: 0px; padding: 0px; border: 1px solid rgb(215, 227, 245); border-collapse: collapse;\"><font size=\"2\" style=\"margin: 0px; padding: 0px;\">B</font></td><td width=\"5%\" title=\"S bn thng\" style=\"margin: 0px; padding: 0px; border: 1px solid rgb(215, 227, 245); border-collapse: collapse;\"><font size=\"2\" style=\"margin: 0px; padding: 0px;\">Tg</font></td><td width=\"5%\" title=\"S bn thua\" style=\"margin: 0px; padding: 0px; border: 1px solid rgb(215, 227, 245); border-collapse: collapse;\"><font size=\"2\" style=\"margin: 0px; padding: 0px;\">Th</font></td><td width=\"5%\" title=\"Thng\" style=\"margin: 0px; padding: 0px; border: 1px solid rgb(215, 227, 245); border-collapse: collapse;\"><font size=\"2\" style=\"margin: 0px; padding: 0px;\">T</font></td><td width=\"5%\" title=\"Ha\" style=\"margin: 0px; padding: 0px; border: 1px solid rgb(215, 227, 245); border-collapse: collapse;\"><font size=\"2\" style=\"margin: 0px; padding: 0px;\">H</font></td><td width=\"5%\" title=\"Bi\" style=\"margin: 0px; padding: 0px; border: 1px solid rgb(215, 227, 245); border-collapse: collapse;\"><font size=\"2\" style=\"margin: 0px; padding: 0px;\">B</font></td><td width=\"5%\" title=\"S bn thng\" style=\"margin: 0px; padding: 0px; border: 1px solid rgb(215, 227, 245); border-collapse: collapse;\"><font size=\"2\" style=\"margin: 0px; padding: 0px;\">Tg</font></td><td width=\"5%\" title=\"S bn thua\" style=\"margin: 0px; padding: 0px; border: 1px solid rgb(215, 227, 245); border-collapse: collapse;\"><font size=\"2\" style=\"margin: 0px; padding: 0px;\">Th</font></td><td width=\"9%\" title=\"Hiu s bn thng/thua\" style=\"margin: 0px; padding: 0px; border: 1px solid rgb(215, 227, 245); border-collapse: collapse;\"><font size=\"2\" style=\"margin: 0px; padding: 0px;\">HS</font></td><td width=\"5%\" title=\"im\" style=\"margin: 0px; padding: 0px; border: 1px solid rgb(215, 227, 245); border-collapse: collapse;\"><font size=\"2\" style=\"margin: 0px; padding: 0px;\"></font></td></tr><tr align=\"right\" style=\"margin: 0px; padding: 0px; height: 20px;\"><td class=\"C1A\" style=\"margin: 0px; padding: 0px; border: 1px solid rgb(215, 227, 245); border-collapse: collapse; background-color: rgb(129, 214, 172);\"><font size=\"2\" style=\"margin: 0px; padding: 0px;\">1</font></td><td align=\"left\" style=\"margin: 0px; padding: 0px; border: 1px solid rgb(215, 227, 245); border-collapse: collapse;\"><font size=\"2\" style=\"margin: 0px; padding: 0px;\">&nbsp;Chelsea</font></td><td class=\"NOPCol\" style=\"margin: 0px; padding: 0px; border: 1px solid rgb(215, 227, 245); border-collapse: collapse; color: white; background-color: rgb(117, 40, 94);\"><font size=\"2\" style=\"margin: 0px; padding: 0px;\">21</font></td><td style=\"margin: 0px; padding: 0px; border: 1px solid rgb(215, 227, 245); border-collapse: collapse;\"><font size=\"2\" style=\"margin: 0px; padding: 0px;\">10</font></td><td style=\"margin: 0px; padding: 0px; border: 1px solid rgb(215, 227, 245); border-collapse: collapse;\"><font size=\"2\" style=\"margin: 0px; padding: 0px;\">0</font></td><td style=\"margin: 0px; padding: 0px; border: 1px solid rgb(215, 227, 245); border-collapse: collapse;\"><font size=\"2\" style=\"margin: 0px; padding: 0px;\">0</font></td><td style=\"margin: 0px; padding: 0px; border: 1px solid rgb(215, 227, 245); border-collapse: collapse;\"><font size=\"2\" style=\"margin: 0px; padding: 0px;\">24</font></td><td style=\"margin: 0px; padding: 0px; border: 1px solid rgb(215, 227, 245); border-collapse: collapse;\"><font size=\"2\" style=\"margin: 0px; padding: 0px;\">3</font></td><td class=\"NOPCol\" style=\"margin: 0px; padding: 0px; border: 1px solid rgb(215, 227, 245); border-collapse: collapse; color: white; background-color: rgb(117, 40, 94);\"><font size=\"2\" style=\"margin: 0px; padding: 0px;\">5</font></td><td class=\"NOPCol\" style=\"margin: 0px; padding: 0px; border: 1px solid rgb(215, 227, 245); border-collapse: collapse; color: white; background-color: rgb(117, 40, 94);\"><font size=\"2\" style=\"margin: 0px; padding: 0px;\">4</font></td><td class=\"NOPCol\" style=\"margin: 0px; padding: 0px; border: 1px solid rgb(215, 227, 245); border-collapse: collapse; color: white; background-color: rgb(117, 40, 94);\"><font size=\"2\" style=\"margin: 0px; padding: 0px;\">2</font></td><td class=\"NOPCol\" style=\"margin: 0px; padding: 0px; border: 1px solid rgb(215, 227, 245); border-collapse: collapse; color: white; background-color: rgb(117, 40, 94);\"><font size=\"2\" style=\"margin: 0px; padding: 0px;\">22</font></td><td class=\"NOPCol\" style=\"margin: 0px; padding: 0px; border: 1px solid rgb(215, 227, 245); border-collapse: collapse; color: white; background-color: rgb(117, 40, 94);\"><font size=\"2\" style=\"margin: 0px; padding: 0px;\">16</font></td><td align=\"center\" title=\"+27\" style=\"margin: 0px; padding: 0px; border: 1px solid rgb(215, 227, 245); border-collapse: collapse;\"><font size=\"2\" style=\"margin: 0px; padding: 0px;\">46-19</font></td><td class=\"NOPCol\" style=\"margin: 0px; padding: 0px; border: 1px solid rgb(215, 227, 245); border-collapse: collapse; color: white; background-color: rgb(117, 40, 94);\"><font size=\"2\" style=\"margin: 0px; padding: 0px;\">49</font></td></tr><tr class=\"alt\" align=\"right\" style=\"margin: 0px; padding: 0px; height: 20px;\"><td class=\"C1A\" style=\"margin: 0px; padding: 0px; border: 1px solid rgb(215, 227, 245); border-collapse: collapse; background-color: rgb(129, 214, 172);\"><font size=\"2\" style=\"margin: 0px; padding: 0px;\">2</font></td><td align=\"left\" style=\"margin: 0px; padding: 0px; border: 1px solid rgb(215, 227, 245); border-collapse: collapse; background-color: rgb(240, 240, 240);\"><font size=\"2\" style=\"margin: 0px; padding: 0px;\">&nbsp;Man City</font></td><td class=\"NOPColAlt\" style=\"margin: 0px; padding: 0px; border: 1px solid rgb(215, 227, 245); border-collapse: collapse; color: white; background-color: rgb(158, 69, 131);\"><font size=\"2\" style=\"margin: 0px; padding: 0px;\">21</font></td><td style=\"margin: 0px; padding: 0px; border: 1px solid rgb(215, 227, 245); border-collapse: collapse; background-color: rgb(240, 240, 240);\"><font size=\"2\" style=\"margin: 0px; padding: 0px;\">7</font></td><td style=\"margin: 0px; padding: 0px; border: 1px solid rgb(215, 227, 245); border-collapse: collapse; background-color: rgb(240, 240, 240);\"><font size=\"2\" style=\"margin: 0px; padding: 0px;\">2</font></td><td style=\"margin: 0px; padding: 0px; border: 1px solid rgb(215, 227, 245); border-collapse: collapse; background-color: rgb(240, 240, 240);\"><font size=\"2\" style=\"margin: 0px; padding: 0px;\">1</font></td><td style=\"margin: 0px; padding: 0px; border: 1px solid rgb(215, 227, 245); border-collapse: collapse; background-color: rgb(240, 240, 240);\"><font size=\"2\" style=\"margin: 0px; padding: 0px;\">20</font></td><td style=\"margin: 0px; padding: 0px; border: 1px solid rgb(215, 227, 245); border-collapse: collapse; background-color: rgb(240, 240, 240);\"><font size=\"2\" style=\"margin: 0px; padding: 0px;\">9</font></td><td class=\"NOPColAlt\" style=\"margin: 0px; padding: 0px; border: 1px solid rgb(215, 227, 245); border-collapse: collapse; color: white; background-color: rgb(158, 69, 131);\"><font size=\"2\" style=\"margin: 0px; padding: 0px;\">7</font></td><td class=\"NOPColAlt\" style=\"margin: 0px; padding: 0px; border: 1px solid rgb(215, 227, 245); border-collapse: collapse; color: white; background-color: rgb(158, 69, 131);\"><font size=\"2\" style=\"margin: 0px; padding: 0px;\">3</font></td><td class=\"NOPColAlt\" style=\"margin: 0px; padding: 0px; border: 1px solid rgb(215, 227, 245); border-collapse: collapse; color: white; background-color: rgb(158, 69, 131);\"><font size=\"2\" style=\"margin: 0px; padding: 0px;\">1</font></td><td class=\"NOPColAlt\" style=\"margin: 0px; padding: 0px; border: 1px solid rgb(215, 227, 245); border-collapse: collapse; color: white; background-color: rgb(158, 69, 131);\"><font size=\"2\" style=\"margin: 0px; padding: 0px;\">25</font></td><td class=\"NOPColAlt\" style=\"margin: 0px; padding: 0px; border: 1px solid rgb(215, 227, 245); border-collapse: collapse; color: white; background-color: rgb(158, 69, 131);\"><font size=\"2\" style=\"margin: 0px; padding: 0px;\">11</font></td><td align=\"center\" title=\"+25\" style=\"margin: 0px; padding: 0px; border: 1px solid rgb(215, 227, 245); border-collapse: collapse; background-color: rgb(240, 240, 240);\"><font size=\"2\" style=\"margin: 0px; padding: 0px;\">45-20</font></td><td class=\"NOPColAlt\" style=\"margin: 0px; padding: 0px; border: 1px solid rgb(215, 227, 245); border-collapse: collapse; color: white; background-color: rgb(158, 69, 131);\"><font size=\"2\" style=\"margin: 0px; padding: 0px;\">47</font></td></tr><tr align=\"right\" style=\"margin: 0px; padding: 0px; height: 20px;\"><td class=\"C1A\" style=\"margin: 0px; padding: 0px; border: 1px solid rgb(215, 227, 245); border-collapse: collapse; background-color: rgb(129, 214, 172);\"><font size=\"2\" style=\"margin: 0px; padding: 0px;\">3</font></td><td align=\"left\" style=\"margin: 0px; padding: 0px; border: 1px solid rgb(215, 227, 245); border-collapse: collapse;\"><font size=\"2\" style=\"margin: 0px; padding: 0px;\">&nbsp;Southampton</font></td><td class=\"NOPCol\" style=\"margin: 0px; padding: 0px; border: 1px solid rgb(215, 227, 245); border-collapse: collapse; color: white; background-color: rgb(117, 40, 94);\"><font size=\"2\" style=\"margin: 0px; padding: 0px;\">21</font></td><td style=\"margin: 0px; padding: 0px; border: 1px solid rgb(215, 227, 245); border-collapse: collapse;\"><font size=\"2\" style=\"margin: 0px; padding: 0px;\">7</font></td><td style=\"margin: 0px; padding: 0px; border: 1px solid rgb(215, 227, 245); border-collapse: collapse;\"><font size=\"2\" style=\"margin: 0px; padding: 0px;\">2</font></td><td style=\"margin: 0px; padding: 0px; border: 1px solid rgb(215, 227, 245); border-collapse: collapse;\"><font size=\"2\" style=\"margin: 0px; padding: 0px;\">2</font></td><td style=\"margin: 0px; padding: 0px; border: 1px solid rgb(215, 227, 245); border-collapse: collapse;\"><font size=\"2\" style=\"margin: 0px; padding: 0px;\">24</font></td><td style=\"margin: 0px; padding: 0px; border: 1px solid rgb(215, 227, 245); border-collapse: collapse;\"><font size=\"2\" style=\"margin: 0px; padding: 0px;\">7</font></td><td class=\"NOPCol\" style=\"margin: 0px; padding: 0px; border: 1px solid rgb(215, 227, 245); border-collapse: collapse; color: white; background-color: rgb(117, 40, 94);\"><font size=\"2\" style=\"margin: 0px; padding: 0px;\">5</font></td><td class=\"NOPCol\" style=\"margin: 0px; padding: 0px; border: 1px solid rgb(215, 227, 245); border-collapse: collapse; color: white; background-color: rgb(117, 40, 94);\"><font size=\"2\" style=\"margin: 0px; padding: 0px;\">1</font></td><td class=\"NOPCol\" style=\"margin: 0px; padding: 0px; border: 1px solid rgb(215, 227, 245); border-collapse: collapse; color: white; background-color: rgb(117, 40, 94);\"><font size=\"2\" style=\"margin: 0px; padding: 0px;\">4</font></td><td class=\"NOPCol\" style=\"margin: 0px; padding: 0px; border: 1px solid rgb(215, 227, 245); border-collapse: collapse; color: white; background-color: rgb(117, 40, 94);\"><font size=\"2\" style=\"margin: 0px; padding: 0px;\">11</font></td><td class=\"NOPCol\" style=\"margin: 0px; padding: 0px; border: 1px solid rgb(215, 227, 245); border-collapse: collapse; color: white; background-color: rgb(117, 40, 94);\"><font size=\"2\" style=\"margin: 0px; padding: 0px;\">8</font></td><td align=\"center\" title=\"+20\" style=\"margin: 0px; padding: 0px; border: 1px solid rgb(215, 227, 245); border-collapse: collapse;\"><font size=\"2\" style=\"margin: 0px; padding: 0px;\">35-15</font></td><td class=\"NOPCol\" style=\"margin: 0px; padding: 0px; border: 1px solid rgb(215, 227, 245); border-collapse: collapse; color: white; background-color: rgb(117, 40, 94);\"><font size=\"2\" style=\"margin: 0px; padding: 0px;\">39</font></td></tr><tr class=\"alt\" align=\"right\" style=\"margin: 0px; padding: 0px; height: 20px;\"><td class=\"C1B\" style=\"margin: 0px; padding: 0px; border: 1px solid rgb(215, 227, 245); border-collapse: collapse; background-color: rgb(181, 231, 206);\"><font size=\"2\" style=\"margin: 0px; padding: 0px;\">4</font></td><td align=\"left\" style=\"margin: 0px; padding: 0px; border: 1px solid rgb(215, 227, 245); border-collapse: collapse; background-color: rgb(240, 240, 240);\"><font size=\"2\" style=\"margin: 0px; padding: 0px;\">&nbsp;Man Utd</font></td><td class=\"NOPColAlt\" style=\"margin: 0px; padding: 0px; border: 1px solid rgb(215, 227, 245); border-collapse: collapse; color: white; background-color: rgb(158, 69, 131);\"><font size=\"2\" style=\"margin: 0px; padding: 0px;\">21</font></td><td style=\"margin: 0px; padding: 0px; border: 1px solid rgb(215, 227, 245); border-collapse: collapse; background-color: rgb(240, 240, 240);\"><font size=\"2\" style=\"margin: 0px; padding: 0px;\">8</font></td><td style=\"margin: 0px; padding: 0px; border: 1px solid rgb(215, 227, 245); border-collapse: collapse; background-color: rgb(240, 240, 240);\"><font size=\"2\" style=\"margin: 0px; padding: 0px;\">1</font></td><td style=\"margin: 0px; padding: 0px; border: 1px solid rgb(215, 227, 245); border-collapse: collapse; background-color: rgb(240, 240, 240);\"><font size=\"2\" style=\"margin: 0px; padding: 0px;\">2</font></td><td style=\"margin: 0px; padding: 0px; border: 1px solid rgb(215, 227, 245); border-collapse: collapse; background-color: rgb(240, 240, 240);\"><font size=\"2\" style=\"margin: 0px; padding: 0px;\">22</font></td><td style=\"margin: 0px; padding: 0px; border: 1px solid rgb(215, 227, 245); border-collapse: collapse; background-color: rgb(240, 240, 240);\"><font size=\"2\" style=\"margin: 0px; padding: 0px;\">8</font></td><td class=\"NOPColAlt\" style=\"margin: 0px; padding: 0px; border: 1px solid rgb(215, 227, 245); border-collapse: collapse; color: white; background-color: rgb(158, 69, 131);\"><font size=\"2\" style=\"margin: 0px; padding: 0px;\">2</font></td><td class=\"NOPColAlt\" style=\"margin: 0px; padding: 0px; border: 1px solid rgb(215, 227, 245); border-collapse: collapse; color: white; background-color: rgb(158, 69, 131);\"><font size=\"2\" style=\"margin: 0px; padding: 0px;\">6</font></td><td class=\"NOPColAlt\" style=\"margin: 0px; padding: 0px; border: 1px solid rgb(215, 227, 245); border-collapse: collapse; color: white; background-color: rgb(158, 69, 131);\"><font size=\"2\" style=\"margin: 0px; padding: 0px;\">2</font></td><td class=\"NOPColAlt\" style=\"margin: 0px; padding: 0px; border: 1px solid rgb(215, 227, 245); border-collapse: collapse; color: white; background-color: rgb(158, 69, 131);\"><font size=\"2\" style=\"margin: 0px; padding: 0px;\">12</font></td><td class=\"NOPColAlt\" style=\"margin: 0px; padding: 0px; border: 1px solid rgb(215, 227, 245); border-collapse: collapse; color: white; background-color: rgb(158, 69, 131);\"><font size=\"2\" style=\"margin: 0px; padding: 0px;\">13</font></td><td align=\"center\" title=\"+13\" style=\"margin: 0px; padding: 0px; border: 1px solid rgb(215, 227, 245); border-collapse: collapse; background-color: rgb(240, 240, 240);\"><font size=\"2\" style=\"margin: 0px; padding: 0px;\">34-21</font></td><td class=\"NOPColAlt\" style=\"margin: 0px; padding: 0px; border: 1px solid rgb(215, 227, 245); border-collapse: collapse; color: white; background-color: rgb(158, 69, 131);\"><font size=\"2\" style=\"margin: 0px; padding: 0px;\">37</font></td></tr><tr align=\"right\" style=\"margin: 0px; padding: 0px; height: 20px;\"><td class=\"C3\" style=\"margin: 0px; padding: 0px; border: 1px solid rgb(215, 227, 245); border-collapse: collapse; background-color: rgb(178, 191, 208);\"><font size=\"2\" style=\"margin: 0px; padding: 0px;\">5</font></td><td align=\"left\" style=\"margin: 0px; padding: 0px; border: 1px solid rgb(215, 227, 245); border-collapse: collapse;\"><font size=\"2\" style=\"margin: 0px; padding: 0px;\">&nbsp;Arsenal</font></td><td class=\"NOPCol\" style=\"margin: 0px; padding: 0px; border: 1px solid rgb(215, 227, 245); border-collapse: collapse; color: white; background-color: rgb(117, 40, 94);\"><font size=\"2\" style=\"margin: 0px; padding: 0px;\">21</font></td><td style=\"margin: 0px; padding: 0px; border: 1px solid rgb(215, 227, 245); border-collapse: collapse;\"><font size=\"2\" style=\"margin: 0px; padding: 0px;\">6</font></td><td style=\"margin: 0px; padding: 0px; border: 1px solid rgb(215, 227, 245); border-collapse: collapse;\"><font size=\"2\" style=\"margin: 0px; padding: 0px;\">3</font></td><td style=\"margin: 0px; padding: 0px; border: 1px solid rgb(215, 227, 245); border-collapse: collapse;\"><font size=\"2\" style=\"margin: 0px; padding: 0px;\">1</font></td><td style=\"margin: 0px; padding: 0px; border: 1px solid rgb(215, 227, 245); border-collapse: collapse;\"><font size=\"2\" style=\"margin: 0px; padding: 0px;\">21</font></td><td style=\"margin: 0px; padding: 0px; border: 1px solid rgb(215, 227, 245); border-collapse: collapse;\"><font size=\"2\" style=\"margin: 0px; padding: 0px;\">10</font></td><td class=\"NOPCol\" style=\"margin: 0px; padding: 0px; border: 1px solid rgb(215, 227, 245); border-collapse: collapse; color: white; background-color: rgb(117, 40, 94);\"><font size=\"2\" style=\"margin: 0px; padding: 0px;\">4</font></td><td class=\"NOPCol\" style=\"margin: 0px; padding: 0px; border: 1px solid rgb(215, 227, 245); border-collapse: collapse; color: white; background-color: rgb(117, 40, 94);\"><font size=\"2\" style=\"margin: 0px; padding: 0px;\">3</font></td><td class=\"NOPCol\" style=\"margin: 0px; padding: 0px; border: 1px solid rgb(215, 227, 245); border-collapse: collapse; color: white; background-color: rgb(117, 40, 94);\"><font size=\"2\" style=\"margin: 0px; padding: 0px;\">4</font></td><td class=\"NOPCol\" style=\"margin: 0px; padding: 0px; border: 1px solid rgb(215, 227, 245); border-collapse: collapse; color: white; background-color: rgb(117, 40, 94);\"><font size=\"2\" style=\"margin: 0px; padding: 0px;\">16</font></td><td class=\"NOPCol\" style=\"margin: 0px; padding: 0px; border: 1px solid rgb(215, 227, 245); border-collapse: collapse; color: white; background-color: rgb(117, 40, 94);\"><font size=\"2\" style=\"margin: 0px; padding: 0px;\">15</font></td><td align=\"center\" title=\"+12\" style=\"margin: 0px; padding: 0px; border: 1px solid rgb(215, 227, 245); border-collapse: collapse;\"><font size=\"2\" style=\"margin: 0px; padding: 0px;\">37-25</font></td><td class=\"NOPCol\" style=\"margin: 0px; padding: 0px; border: 1px solid rgb(215, 227, 245); border-collapse: collapse; color: white; background-color: rgb(117, 40, 94);\"><font size=\"2\" style=\"margin: 0px; padding: 0px;\">36</font></td></tr><tr class=\"alt\" align=\"right\" style=\"margin: 0px; padding: 0px; height: 20px;\"><td class=\"Normal\" style=\"margin: 0px; padding: 0px; border: 1px solid rgb(215, 227, 245); border-collapse: collapse; background-color: rgb(240, 240, 240);\"><font size=\"2\" style=\"margin: 0px; padding: 0px;\">6</font></td><td align=\"left\" style=\"margin: 0px; padding: 0px; border: 1px solid rgb(215, 227, 245); border-collapse: collapse; background-color: rgb(240, 240, 240);\"><font size=\"2\" style=\"margin: 0px; padding: 0px;\">&nbsp;Tottenham</font></td><td class=\"NOPColAlt\" style=\"margin: 0px; padding: 0px; border: 1px solid rgb(215, 227, 245); border-collapse: collapse; color: white; background-color: rgb(158, 69, 131);\"><font size=\"2\" style=\"margin: 0px; padding: 0px;\">21</font></td><td style=\"margin: 0px; padding: 0px; border: 1px solid rgb(215, 227, 245); border-collapse: collapse; background-color: rgb(240, 240, 240);\"><font size=\"2\" style=\"margin: 0px; padding: 0px;\">5</font></td><td style=\"margin: 0px; padding: 0px; border: 1px solid rgb(215, 227, 245); border-collapse: collapse; background-color: rgb(240, 240, 240);\"><font size=\"2\" style=\"margin: 0px; padding: 0px;\">2</font></td><td style=\"margin: 0px; padding: 0px; border: 1px solid rgb(215, 227, 245); border-collapse: collapse; background-color: rgb(240, 240, 240);\"><font size=\"2\" style=\"margin: 0px; padding: 0px;\">4</font></td><td style=\"margin: 0px; padding: 0px; border: 1px solid rgb(215, 227, 245); border-collapse: collapse; background-color: rgb(240, 240, 240);\"><font size=\"2\" style=\"margin: 0px; padding: 0px;\">16</font></td><td style=\"margin: 0px; padding: 0px; border: 1px solid rgb(215, 227, 245); border-collapse: collapse; background-color: rgb(240, 240, 240);\"><font size=\"2\" style=\"margin: 0px; padding: 0px;\">13</font></td><td class=\"NOPColAlt\" style=\"margin: 0px; padding: 0px; border: 1px solid rgb(215, 227, 245); border-collapse: collapse; color: white; background-color: rgb(158, 69, 131);\"><font size=\"2\" style=\"margin: 0px; padding: 0px;\">5</font></td><td class=\"NOPColAlt\" style=\"margin: 0px; padding: 0px; border: 1px solid rgb(215, 227, 245); border-collapse: collapse; color: white; background-color: rgb(158, 69, 131);\"><font size=\"2\" style=\"margin: 0px; padding: 0px;\">2</font></td><td class=\"NOPColAlt\" style=\"margin: 0px; padding: 0px; border: 1px solid rgb(215, 227, 245); border-collapse: collapse; color: white; background-color: rgb(158, 69, 131);\"><font size=\"2\" style=\"margin: 0px; padding: 0px;\">3</font></td><td class=\"NOPColAlt\" style=\"margin: 0px; padding: 0px; border: 1px solid rgb(215, 227, 245); border-collapse: collapse; color: white; background-color: rgb(158, 69, 131);\"><font size=\"2\" style=\"margin: 0px; padding: 0px;\">14</font></td><td class=\"NOPColAlt\" style=\"margin: 0px; padding: 0px; border: 1px solid rgb(215, 227, 245); border-collapse: collapse; color: white; background-color: rgb(158, 69, 131);\"><font size=\"2\" style=\"margin: 0px; padding: 0px;\">16</font></td><td align=\"center\" title=\"+1\" style=\"margin: 0px; padding: 0px; border: 1px solid rgb(215, 227, 245); border-collapse: collapse; background-color: rgb(240, 240, 240);\"><font size=\"2\" style=\"margin: 0px; padding: 0px;\">30-29</font></td><td class=\"NOPColAlt\" style=\"margin: 0px; padding: 0px; border: 1px solid rgb(215, 227, 245); border-collapse: collapse; color: white; background-color: rgb(158, 69, 131);\"><font size=\"2\" style=\"margin: 0px; padding: 0px;\">34</font></td></tr><tr align=\"right\" style=\"margin: 0px; padding: 0px; height: 20px;\"><td class=\"Normal\" style=\"margin: 0px; padding: 0px; border: 1px solid rgb(215, 227, 245); border-collapse: collapse;\"><font size=\"2\" style=\"margin: 0px; padding: 0px;\">7</font></td><td align=\"left\" style=\"margin: 0px; padding: 0px; border: 1px solid rgb(215, 227, 245); border-collapse: collapse;\"><font size=\"2\" style=\"margin: 0px; padding: 0px;\">&nbsp;West Ham</font></td><td class=\"NOPCol\" style=\"margin: 0px; padding: 0px; border: 1px solid rgb(215, 227, 245); border-collapse: collapse; color: white; background-color: rgb(117, 40, 94);\"><font size=\"2\" style=\"margin: 0px; padding: 0px;\">21</font></td><td style=\"margin: 0px; padding: 0px; border: 1px solid rgb(215, 227, 245); border-collapse: collapse;\"><font size=\"2\" style=\"margin: 0px; padding: 0px;\">6</font></td><td style=\"margin: 0px; padding: 0px; border: 1px solid rgb(215, 227, 245); border-collapse: collapse;\"><font size=\"2\" style=\"margin: 0px; padding: 0px;\">2</font></td><td style=\"margin: 0px; padding: 0px; border: 1px solid rgb(215, 227, 245); border-collapse: collapse;\"><font size=\"2\" style=\"margin: 0px; padding: 0px;\">3</font></td><td style=\"margin: 0px; padding: 0px; border: 1px solid rgb(215, 227, 245); border-collapse: collapse;\"><font size=\"2\" style=\"margin: 0px; padding: 0px;\">16</font></td><td style=\"margin: 0px; padding: 0px; border: 1px solid rgb(215, 227, 245); border-collapse: collapse;\"><font size=\"2\" style=\"margin: 0px; padding: 0px;\">10</font></td><td class=\"NOPCol\" style=\"margin: 0px; padding: 0px; border: 1px solid rgb(215, 227, 245); border-collapse: collapse; color: white; background-color: rgb(117, 40, 94);\"><font size=\"2\" style=\"margin: 0px; padding: 0px;\">3</font></td><td class=\"NOPCol\" style=\"margin: 0px; padding: 0px; border: 1px solid rgb(215, 227, 245); border-collapse: collapse; color: white; background-color: rgb(117, 40, 94);\"><font size=\"2\" style=\"margin: 0px; padding: 0px;\">4</font></td><td class=\"NOPCol\" style=\"margin: 0px; padding: 0px; border: 1px solid rgb(215, 227, 245); border-collapse: collapse; color: white; background-color: rgb(117, 40, 94);\"><font size=\"2\" style=\"margin: 0px; padding: 0px;\">3</font></td><td class=\"NOPCol\" style=\"margin: 0px; padding: 0px; border: 1px solid rgb(215, 227, 245); border-collapse: collapse; color: white; background-color: rgb(117, 40, 94);\"><font size=\"2\" style=\"margin: 0px; padding: 0px;\">16</font></td><td class=\"NOPCol\" style=\"margin: 0px; padding: 0px; border: 1px solid rgb(215, 227, 245); border-collapse: collapse; color: white; background-color: rgb(117, 40, 94);\"><font size=\"2\" style=\"margin: 0px; padding: 0px;\">15</font></td><td align=\"center\" title=\"+7\" style=\"margin: 0px; padding: 0px; border: 1px solid rgb(215, 227, 245); border-collapse: collapse;\"><font size=\"2\" style=\"margin: 0px; padding: 0px;\">32-25</font></td><td class=\"NOPCol\" style=\"margin: 0px; padding: 0px; border: 1px solid rgb(215, 227, 245); border-collapse: collapse; color: white; background-color: rgb(117, 40, 94);\"><font size=\"2\" style=\"margin: 0px; padding: 0px;\">33</font></td></tr><tr class=\"alt\" align=\"right\" style=\"margin: 0px; padding: 0px; height: 20px;\"><td class=\"Normal\" style=\"margin: 0px; padding: 0px; border: 1px solid rgb(215, 227, 245); border-collapse: collapse; background-color: rgb(240, 240, 240);\"><font size=\"2\" style=\"margin: 0px; padding: 0px;\">8</font></td><td align=\"left\" style=\"margin: 0px; padding: 0px; border: 1px solid rgb(215, 227, 245); border-collapse: collapse; background-color: rgb(240, 240, 240);\"><font size=\"2\" style=\"margin: 0px; padding: 0px;\">&nbsp;Liverpool</font></td><td class=\"NOPColAlt\" style=\"margin: 0px; padding: 0px; border: 1px solid rgb(215, 227, 245); border-collapse: collapse; color: white; background-color: rgb(158, 69, 131);\"><font size=\"2\" style=\"margin: 0px; padding: 0px;\">21</font></td><td style=\"margin: 0px; padding: 0px; border: 1px solid rgb(215, 227, 245); border-collapse: collapse; background-color: rgb(240, 240, 240);\"><font size=\"2\" style=\"margin: 0px; padding: 0px;\">4</font></td><td style=\"margin: 0px; padding: 0px; border: 1px solid rgb(215, 227, 245); border-collapse: collapse; background-color: rgb(240, 240, 240);\"><font size=\"2\" style=\"margin: 0px; padding: 0px;\">5</font></td><td style=\"margin: 0px; padding: 0px; border: 1px solid rgb(215, 227, 245); border-collapse: collapse; background-color: rgb(240, 240, 240);\"><font size=\"2\" style=\"margin: 0px; padding: 0px;\">2</font></td><td style=\"margin: 0px; padding: 0px; border: 1px solid rgb(215, 227, 245); border-collapse: collapse; background-color: rgb(240, 240, 240);\"><font size=\"2\" style=\"margin: 0px; padding: 0px;\">15</font></td><td style=\"margin: 0px; padding: 0px; border: 1px solid rgb(215, 227, 245); border-collapse: collapse; background-color: rgb(240, 240, 240);\"><font size=\"2\" style=\"margin: 0px; padding: 0px;\">11</font></td><td class=\"NOPColAlt\" style=\"margin: 0px; padding: 0px; border: 1px solid rgb(215, 227, 245); border-collapse: collapse; color: white; background-color: rgb(158, 69, 131);\"><font size=\"2\" style=\"margin: 0px; padding: 0px;\">5</font></td><td class=\"NOPColAlt\" style=\"margin: 0px; padding: 0px; border: 1px solid rgb(215, 227, 245); border-collapse: collapse; color: white; background-color: rgb(158, 69, 131);\"><font size=\"2\" style=\"margin: 0px; padding: 0px;\">0</font></td><td class=\"NOPColAlt\" style=\"margin: 0px; padding: 0px; border: 1px solid rgb(215, 227, 245); border-collapse: collapse; color: white; background-color: rgb(158, 69, 131);\"><font size=\"2\" style=\"margin: 0px; padding: 0px;\">5</font></td><td class=\"NOPColAlt\" style=\"margin: 0px; padding: 0px; border: 1px solid rgb(215, 227, 245); border-collapse: collapse; color: white; background-color: rgb(158, 69, 131);\"><font size=\"2\" style=\"margin: 0px; padding: 0px;\">14</font></td><td class=\"NOPColAlt\" style=\"margin: 0px; padding: 0px; border: 1px solid rgb(215, 227, 245); border-collapse: collapse; color: white; background-color: rgb(158, 69, 131);\"><font size=\"2\" style=\"margin: 0px; padding: 0px;\">16</font></td><td align=\"center\" title=\"+2\" style=\"margin: 0px; padding: 0px; border: 1px solid rgb(215, 227, 245); border-collapse: collapse; background-color: rgb(240, 240, 240);\"><font size=\"2\" style=\"margin: 0px; padding: 0px;\">29-27</font></td><td class=\"NOPColAlt\" style=\"margin: 0px; padding: 0px; border: 1px solid rgb(215, 227, 245); border-collapse: collapse; color: white; background-color: rgb(158, 69, 131);\"><font size=\"2\" style=\"margin: 0px; padding: 0px;\">32</font></td></tr><tr align=\"right\" style=\"margin: 0px; padding: 0px; height: 20px;\"><td class=\"Normal\" style=\"margin: 0px; padding: 0px; border: 1px solid rgb(215, 227, 245); border-collapse: collapse;\"><font size=\"2\" style=\"margin: 0px; padding: 0px;\">9</font></td><td align=\"left\" style=\"margin: 0px; padding: 0px; border: 1px solid rgb(215, 227, 245); border-collapse: collapse;\"><font size=\"2\" style=\"margin: 0px; padding: 0px;\">&nbsp;Swansea</font></td><td class=\"NOPCol\" style=\"margin: 0px; padding: 0px; border: 1px solid rgb(215, 227, 245); border-collapse: collapse; color: white; background-color: rgb(117, 40, 94);\"><font size=\"2\" style=\"margin: 0px; padding: 0px;\">21</font></td><td style=\"margin: 0px; padding: 0px; border: 1px solid rgb(215, 227, 245); border-collapse: collapse;\"><font size=\"2\" style=\"margin: 0px; padding: 0px;\">6</font></td><td style=\"margin: 0px; padding: 0px; border: 1px solid rgb(215, 227, 245); border-collapse: collapse;\"><font size=\"2\" style=\"margin: 0px; padding: 0px;\">3</font></td><td style=\"margin: 0px; padding: 0px; border: 1px solid rgb(215, 227, 245); border-collapse: collapse;\"><font size=\"2\" style=\"margin: 0px; padding: 0px;\">2</font></td><td style=\"margin: 0px; padding: 0px; border: 1px solid rgb(215, 227, 245); border-collapse: collapse;\"><font size=\"2\" style=\"margin: 0px; padding: 0px;\">16</font></td><td style=\"margin: 0px; padding: 0px; border: 1px solid rgb(215, 227, 245); border-collapse: collapse;\"><font size=\"2\" style=\"margin: 0px; padding: 0px;\">8</font></td><td class=\"NOPCol\" style=\"margin: 0px; padding: 0px; border: 1px solid rgb(215, 227, 245); border-collapse: collapse; color: white; background-color: rgb(117, 40, 94);\"><font size=\"2\" style=\"margin: 0px; padding: 0px;\">2</font></td><td class=\"NOPCol\" style=\"margin: 0px; padding: 0px; border: 1px solid rgb(215, 227, 245); border-collapse: collapse; color: white; background-color: rgb(117, 40, 94);\"><font size=\"2\" style=\"margin: 0px; padding: 0px;\">3</font></td><td class=\"NOPCol\" style=\"margin: 0px; padding: 0px; border: 1px solid rgb(215, 227, 245); border-collapse: collapse; color: white; background-color: rgb(117, 40, 94);\"><font size=\"2\" style=\"margin: 0px; padding: 0px;\">5</font></td><td class=\"NOPCol\" style=\"margin: 0px; padding: 0px; border: 1px solid rgb(215, 227, 245); border-collapse: collapse; color: white; background-color: rgb(117, 40, 94);\"><font size=\"2\" style=\"margin: 0px; padding: 0px;\">10</font></td><td class=\"NOPCol\" style=\"margin: 0px; padding: 0px; border: 1px solid rgb(215, 227, 245); border-collapse: collapse; color: white; background-color: rgb(117, 40, 94);\"><font size=\"2\" style=\"margin: 0px; padding: 0px;\">17</font></td><td align=\"center\" title=\"+1\" style=\"margin: 0px; padding: 0px; border: 1px solid rgb(215, 227, 245); border-collapse: collapse;\"><font size=\"2\" style=\"margin: 0px; padding: 0px;\">26-25</font></td><td class=\"NOPCol\" style=\"margin: 0px; padding: 0px; border: 1px solid rgb(215, 227, 245); border-collapse: collapse; color: white; background-color: rgb(117, 40, 94);\"><font size=\"2\" style=\"margin: 0px; padding: 0px;\">30</font></td></tr><tr class=\"alt\" align=\"right\" style=\"margin: 0px; padding: 0px; height: 20px;\"><td class=\"Normal\" style=\"margin: 0px; padding: 0px; border: 1px solid rgb(215, 227, 245); border-collapse: collapse; background-color: rgb(240, 240, 240);\"><font size=\"2\" style=\"margin: 0px; padding: 0px;\">10</font></td><td align=\"left\" style=\"margin: 0px; padding: 0px; border: 1px solid rgb(215, 227, 245); border-collapse: collapse; background-color: rgb(240, 240, 240);\"><font size=\"2\" style=\"margin: 0px; padding: 0px;\">&nbsp;Newcastle</font></td><td class=\"NOPColAlt\" style=\"margin: 0px; padding: 0px; border: 1px solid rgb(215, 227, 245); border-collapse: collapse; color: white; background-color: rgb(158, 69, 131);\"><font size=\"2\" style=\"margin: 0px; padding: 0px;\">21</font></td><td style=\"margin: 0px; padding: 0px; border: 1px solid rgb(215, 227, 245); border-collapse: collapse; background-color: rgb(240, 240, 240);\"><font size=\"2\" style=\"margin: 0px; padding: 0px;\">5</font></td><td style=\"margin: 0px; padding: 0px; border: 1px solid rgb(215, 227, 245); border-collapse: collapse; background-color: rgb(240, 240, 240);\"><font size=\"2\" style=\"margin: 0px; padding: 0px;\">3</font></td><td style=\"margin: 0px; padding: 0px; border: 1px solid rgb(215, 227, 245); border-collapse: collapse; background-color: rgb(240, 240, 240);\"><font size=\"2\" style=\"margin: 0px; padding: 0px;\">2</font></td><td style=\"margin: 0px; padding: 0px; border: 1px solid rgb(215, 227, 245); border-collapse: collapse; background-color: rgb(240, 240, 240);\"><font size=\"2\" style=\"margin: 0px; padding: 0px;\">16</font></td><td style=\"margin: 0px; padding: 0px; border: 1px solid rgb(215, 227, 245); border-collapse: collapse; background-color: rgb(240, 240, 240);\"><font size=\"2\" style=\"margin: 0px; padding: 0px;\">14</font></td><td class=\"NOPColAlt\" style=\"margin: 0px; padding: 0px; border: 1px solid rgb(215, 227, 245); border-collapse: collapse; color: white; background-color: rgb(158, 69, 131);\"><font size=\"2\" style=\"margin: 0px; padding: 0px;\">2</font></td><td class=\"NOPColAlt\" style=\"margin: 0px; padding: 0px; border: 1px solid rgb(215, 227, 245); border-collapse: collapse; color: white; background-color: rgb(158, 69, 131);\"><font size=\"2\" style=\"margin: 0px; padding: 0px;\">3</font></td><td class=\"NOPColAlt\" style=\"margin: 0px; padding: 0px; border: 1px solid rgb(215, 227, 245); border-collapse: collapse; color: white; background-color: rgb(158, 69, 131);\"><font size=\"2\" style=\"margin: 0px; padding: 0px;\">6</font></td><td class=\"NOPColAlt\" style=\"margin: 0px; padding: 0px; border: 1px solid rgb(215, 227, 245); border-collapse: collapse; color: white; background-color: rgb(158, 69, 131);\"><font size=\"2\" style=\"margin: 0px; padding: 0px;\">9</font></td><td class=\"NOPColAlt\" style=\"margin: 0px; padding: 0px; border: 1px solid rgb(215, 227, 245); border-collapse: collapse; color: white; background-color: rgb(158, 69, 131);\"><font size=\"2\" style=\"margin: 0px; padding: 0px;\">19</font></td><td align=\"center\" title=\"-8\" style=\"margin: 0px; padding: 0px; border: 1px solid rgb(215, 227, 245); border-collapse: collapse; background-color: rgb(240, 240, 240);\"><font size=\"2\" style=\"margin: 0px; padding: 0px;\">25-33</font></td><td class=\"NOPColAlt\" style=\"margin: 0px; padding: 0px; border: 1px solid rgb(215, 227, 245); border-collapse: collapse; color: white; background-color: rgb(158, 69, 131);\"><font size=\"2\" style=\"margin: 0px; padding: 0px;\">27</font></td></tr><tr align=\"right\" style=\"margin: 0px; padding: 0px; height: 20px;\"><td class=\"Normal\" style=\"margin: 0px; padding: 0px; border: 1px solid rgb(215, 227, 245); border-collapse: collapse;\"><font size=\"2\" style=\"margin: 0px; padding: 0px;\">11</font></td><td align=\"left\" style=\"margin: 0px; padding: 0px; border: 1px solid rgb(215, 227, 245); border-collapse: collapse;\"><font size=\"2\" style=\"margin: 0px; padding: 0px;\">&nbsp;Stoke City</font></td><td class=\"NOPCol\" style=\"margin: 0px; padding: 0px; border: 1px solid rgb(215, 227, 245); border-collapse: collapse; color: white; background-color: rgb(117, 40, 94);\"><font size=\"2\" style=\"margin: 0px; padding: 0px;\">21</font></td><td style=\"margin: 0px; padding: 0px; border: 1px solid rgb(215, 227, 245); border-collapse: collapse;\"><font size=\"2\" style=\"margin: 0px; padding: 0px;\">4</font></td><td style=\"margin: 0px; padding: 0px; border: 1px solid rgb(215, 227, 245); border-collapse: collapse;\"><font size=\"2\" style=\"margin: 0px; padding: 0px;\">2</font></td><td style=\"margin: 0px; padding: 0px; border: 1px solid rgb(215, 227, 245); border-collapse: collapse;\"><font size=\"2\" style=\"margin: 0px; padding: 0px;\">4</font></td><td style=\"margin: 0px; padding: 0px; border: 1px solid rgb(215, 227, 245); border-collapse: collapse;\"><font size=\"2\" style=\"margin: 0px; padding: 0px;\">12</font></td><td style=\"margin: 0px; padding: 0px; border: 1px solid rgb(215, 227, 245); border-collapse: collapse;\"><font size=\"2\" style=\"margin: 0px; padding: 0px;\">12</font></td><td class=\"NOPCol\" style=\"margin: 0px; padding: 0px; border: 1px solid rgb(215, 227, 245); border-collapse: collapse; color: white; background-color: rgb(117, 40, 94);\"><font size=\"2\" style=\"margin: 0px; padding: 0px;\">3</font></td><td class=\"NOPCol\" style=\"margin: 0px; padding: 0px; border: 1px solid rgb(215, 227, 245); border-collapse: collapse; color: white; background-color: rgb(117, 40, 94);\"><font size=\"2\" style=\"margin: 0px; padding: 0px;\">3</font></td><td class=\"NOPCol\" style=\"margin: 0px; padding: 0px; border: 1px solid rgb(215, 227, 245); border-collapse: collapse; color: white; background-color: rgb(117, 40, 94);\"><font size=\"2\" style=\"margin: 0px; padding: 0px;\">5</font></td><td class=\"NOPCol\" style=\"margin: 0px; padding: 0px; border: 1px solid rgb(215, 227, 245); border-collapse: collapse; color: white; background-color: rgb(117, 40, 94);\"><font size=\"2\" style=\"margin: 0px; padding: 0px;\">10</font></td><td class=\"NOPCol\" style=\"margin: 0px; padding: 0px; border: 1px solid rgb(215, 227, 245); border-collapse: collapse; color: white; background-color: rgb(117, 40, 94);\"><font size=\"2\" style=\"margin: 0px; paddi', '2015_01/18/1421515068_7.jpg', '2015-01-17 23:15:27', '2015-01-18 00:18:50');
INSERT INTO `tbl_crawl_content` VALUES ('9', 'BN TIN 0H 17/1: Mourinho kh chu vi Man City', 'ban-tin-0h-17-1-mourinho-kho-chiu-voi-man-city', '<div class=\'art_content\'>  									<div style=\"text-align: justify;\"><ul><li><font face=\"arial\" size=\"2\"><b>BN TIN TI 16/1: M.U ln k hoch bo chi</b></font></li></ul></div><div style=\"text-align: justify;\"><font face=\"arial\" size=\"2\"><b>Mourinho kh chu vi Man City.</b> Sau khi Man City chiu m Bony vi mc ph 25 triu bng, HLV Mourinho  t ra rt kh chu. ng khng nh rng i bng thnh Manchester  bt chp lut Cng bng ti chnh  tuyn ngi.</font></div><div style=\"text-align: justify;\"><font face=\"arial\" size=\"2\"><br></font></div><div style=\"text-align: center;\"><img src=\"http://static.goal.com/754300/754332_heroa.jpg\" width=\"500\" alt=\"\" align=\"none\"></div><div style=\"text-align: justify;\"><font face=\"arial\" size=\"2\"><br></font></div><div style=\"text-align: justify;\"><font face=\"arial\" size=\"2\"><b>Guardiola ca ngi Alaba.</b> Hu v ngi o  dnh chn thng u gi trong trn u vi AS Roma vo thng 11. Mi y, Alaba  tr li tp luyn. Trc bo gii, HLV Guardiola  ln ting ca ngi v nhn mnh tm quan trng ca hu v ny. Thm ch, ng tuyn b rng: Nu mai l trn chung kt Champions League, ti vn  cu y ra sn.</font></div><div style=\"text-align: justify;\"><font face=\"arial\" size=\"2\"><br></font></div><div style=\"text-align: justify;\"><font face=\"arial\" size=\"2\"><b>Nasri chn thng.</b> Theo nhng thng tin t Man City, tin v Nasri  dnh chn thng bp chn trong lc tp luyn v phi ngh thi u 1 thng. Tuy nhin, h cng n cho s tr li ca Kompany v Aguero trong trn u vi Arsenal.</font></div><div style=\"text-align: justify;\"><font face=\"arial\" size=\"2\"><br></font></div><div style=\"text-align: justify;\"><font face=\"arial\" size=\"2\"><b>QPR n lc gi chn Austin</b>. Trc bo gii, HLV Harry Redknapp tha nhn QPR ang tnh ti gia hn hp ng vi Austin. Hp ng c ca cu th ny c thi hn ti nm 2016.</font></div><div style=\"text-align: justify;\"><font face=\"arial\" size=\"2\"><br></font></div><div style=\"text-align: justify;\"><font face=\"arial\" size=\"2\"><b>Valencia mt Otamendi</b>. Sau trn thua trc Espanyol  cp nh Vua, Valencia cn chu tn tht ln khi hu v Otamendi  dnh chn thng. Cu th ny gn nh khng th hi phc  ra sn trc Almeria vo cui tun.</font></div><div style=\"text-align: justify;\"><font face=\"arial\" size=\"2\"><br></font></div><div style=\"text-align: center;\"><img src=\"http://www.xn--quemaana-h3a.com.ar/wp-content/uploads/2015/01/0104_otamendi_g_ap.jpg\" width=\"500\" alt=\"\" align=\"none\"></div><div style=\"text-align: justify;\"><font face=\"arial\" size=\"2\"><br></font></div><div style=\"text-align: justify;\"><font face=\"arial\" size=\"2\"><b>Juventus chi 24 triu euro cho Jovetic.</b> Theo t Goal, Juventus  gi li  ngh mn li Jovetic tr gi 2,6 triu euro ti cui ma gii. Km theo  l ph mua t khong 21,6 triu euro.</font></div><div style=\"text-align: justify;\"><font face=\"arial\" size=\"2\"><br></font></div><div style=\"text-align: justify;\"><font face=\"arial\" size=\"2\"><b>Thanh Ha quyt lm thng HAGL</b>. Trc bo gii, bu  ca Thanh Ha ln ting khen ngi dn cu th U19 ca HAGL nhng khng nh h cha sn sng thi u  V-League. Do , ng vn tin vo chin thng cho Thanh Ha.</font></div><div style=\"text-align: justify;\"><font face=\"arial\" size=\"2\"><br></font></div><div style=\"text-align: justify;\"><font face=\"arial\" size=\"2\"><b>Borini khng tic v  li Liverpool. </b>Trn t Liverpool Echo, tin o Borini khng nh anh khng cm thy tic v  li Liverpool bt chp khng c ra sn nhiu trong ma gii ny.</font></div><div style=\"text-align: justify;\"><br></div>									  									</div>', '2015_01/18/1421515068_8.jpg', '2015-01-17 23:15:27', '2015-01-18 00:18:50');
INSERT INTO `tbl_crawl_content` VALUES ('10', 'Aguero i u Sanchez: Ai xut sc hn ai?', 'aguero-doi-dau-sanchez-ai-xuat-sac-hon-ai', '<div class=\'art_content\'>  									<div style=\"text-align: justify;\"><font face=\"arial\" size=\"2\"><br></font></div><div style=\"text-align: justify;\"><font face=\"arial\" size=\"2\">n lc ny, nhiu chuyn gia khng nh Alexis Sanchez ch khng phi Diego Costa mi l ch k ca ma gii. nh hng ca tin o ngi Chile i vi Arsenal rt kh ong m. T cc bn thng cho n tinh thn, tt c u tuyt vi.</font></div><div style=\"text-align: justify;\"><font face=\"arial\" size=\"2\"><br></font></div><div style=\"text-align: center;\"><font face=\"arial\" size=\"2\"><img src=\"http://e2.365dm.com/15/01/16-9/20/aguero-sanchez-man-city-arsenal_3251807.jpg?20150115122447\" width=\"500\" alt=\"\" align=\"none\"></font></div><div style=\"text-align: justify;\"><font face=\"arial\" size=\"2\"><br></font></div><div style=\"text-align: justify;\"><font face=\"arial\" size=\"2\">Trong khi , Sergio Aguero vn tip tc chng minh anh l tin o s 1 ca Premier League hin ti. Nu khng dnh chn thng, ngi sao ngi Argentina c l  b xa Costa, Austin hay chnh Sanchez trn danh sch vua ph li  ma gii ny. Tm quan trng ca Aguero vi Man City khng h km Sanchez vi Arsenal, v tht kh  xc nh ai l ngi xut sc hn.</font></div><div style=\"text-align: justify;\"><font face=\"arial\" size=\"2\"><br></font></div><div style=\"text-align: justify;\"><font face=\"arial\" size=\"2\">iu ng ni l c Aguero v Sanchez u c nhng c im chung ging nhau rt d nhn din. H cng mt vc dng nh con, sc mnh nm  tc  v kh nng x l bng lt lo, dt im tt bng c hai chn v u. Nh nhng khe, do dai v c bit tinh qui cng nh tinh thn chin u khng khoan nhng. Tt c u l nhng phm cht hng u ca mt cu th tn cng n t Nam M.</font></div><div style=\"text-align: justify;\"><font face=\"arial\" size=\"2\"><br></font></div><div style=\"text-align: justify;\"><font face=\"arial\" size=\"2\">im khc bit ln nht gia 2 ngi sao ny l v tr thi u. Aguero  nh mt s 9, trong khi Sanchez bng n vi vai tr s 10. S khc bit ny th hin r rng qua hiu sut thi u. Aguero ghi bn khng hn, nhng Sanchez to ra nhiu c hi hn.</font></div><div style=\"text-align: justify;\"><font face=\"arial\" size=\"2\"><br></font></div><div style=\"text-align: justify;\"><font face=\"arial\" size=\"2\">Tnh ring  Premier Leauge, Aguero c 14 bn sau 16 trn, trung bnh 76,9 pht anh li ghi 1 bn. Sanchez c 12 bn sau 20 ln ra sn, trung bnh 139,8 pht mi ghi 1 bn. Ngc li, s ln kin to thnh bn ca Sanchez (7 ln) gp i Aguero (3 ln). S c hi tin o ngi Chile to ra thm ch gp gn 4 ln Aguero (57 so vi 15).</font></div><div style=\"text-align: justify;\"><font face=\"arial\" size=\"2\"><br></font></div><div style=\"text-align: center;\"><font face=\"arial\" size=\"2\"><img src=\"http://e2.365dm.com/15/01/660x350/Aguero-and-Sanchez-stats_3251809.jpg\" width=\"500\" alt=\"\" align=\"none\"></font></div><div style=\"text-align: justify;\"><font face=\"arial\" size=\"2\"><br></font></div><div style=\"text-align: justify;\"><font face=\"arial\" size=\"2\">Tuy vy, s khc bit ln nht gia Aguero v Sanchez li khng nm trong nhng con s thng k c th. N tru tng hn, nm  nhng ln ta sng trong cc trn u ln. iu ny Aguero n t Sanchez. T u ma, tin o ny tng chc thng li Arsenal, Liverpool, Man Utd, thm ch cn st tung li Tottenham n 4 ln. Trong khi , Sanchez ch ghi 1 bn vo li Man City  Emirates. Trong cc trn u vi Chelsea, Tottenham, M.U hay Liverpool, tin o ny u gy tht vng.</font></div><div style=\"text-align: justify;\"><font face=\"arial\" size=\"2\"><br></font></div><div style=\"text-align: justify;\"><font face=\"arial\" size=\"2\">Ti Etihad, s khc bit ny c th quyt nh thnh bi. Phm cht ca mt ngi sao thc th l bit cch ta sng  nhng thi im quan trng nht  em v li th cho i nh. Ring im ny, Aguero ang em n nim tin ln hn hn Sanchez.</font></div><div style=\"text-align: justify;\"><br></div>									  									</div>', '2015_01/18/1421515068_9.jpg', '2015-01-17 23:15:27', '2015-01-18 00:18:50');
INSERT INTO `tbl_crawl_content` VALUES ('11', 'BN TIN TI 16/1: M.U ln k hoch bo chi', 'ban-tin-toi-16-1-m-u-len-ke-hoach-bao-chi', '<div class=\'art_content\'>  									<div style=\"text-align: justify;\"><ul><li><span style=\"font-family: arial; font-size: small;\"><b>BN TIN CHIU 16/1: Real b CMchuyn nhng?</b></span></li></ul></div><div style=\"text-align: justify;\"><font face=\"arial\" size=\"2\"><b>M.U ln k hoch bo chi.<i> </i></b>Theo Sky Sports, Man Utd  ln k hoch bo chi mt ln na trong nm 2015. Tuy vy, nhiu kh nng Qu  ch vung tin mua sao vo ma h ti. Ma h nm ngoi, i ch sn Old Trafford  chi ra 150 triu bng trn th trng chuyn nhng.</font></div><div style=\"text-align: justify;\"><font face=\"arial\" size=\"2\"><br></font></div><div style=\"text-align: center;\"><font face=\"arial\" size=\"2\"><img src=\"http://e2.365dm.com/14/09/16-9/20/old-trafford-manchester-united_3202279.jpg?20140911090925\" width=\"500\" alt=\"\" align=\"none\"></font></div><div style=\"text-align: justify;\"><font face=\"arial\" size=\"2\"><br></font></div><div style=\"text-align: justify;\"><font face=\"arial\" size=\"2\"><b>Nht 99% ginh v. </b>Bn thng duy nht ca Keisuke Honda trn chm 11m gip Nht Bn nh bi Iraq, qua  99% ginh v i tip u tin  bng D Asian Cup 2015.</font></div><div style=\"text-align: justify;\"><font face=\"arial\" size=\"2\"><br></font></div><div style=\"text-align: justify;\"><font face=\"arial\" size=\"2\"><b>Jordan  bp Palestine.</b> Chiu nay, mt mnh tin o Hamza Al-Daradreh  ghi 4 bn thng gip Jordan  bp Palestine vi t s 5-1. Kt qu ny gip Jordan nui hy vng mong manh ginh v i tip. Trc , h  thua Iraq  lt ra qun.</font></div><div style=\"text-align: justify;\"><font face=\"arial\" size=\"2\"><br></font></div><div style=\"text-align: justify;\"><div><font face=\"arial\" size=\"2\"><b>Eto\'o chn Sampdoria.</b>&nbsp;Ngi i din ca Eto\'o cho bit tin o ny ang hon tt cc th tc  chuyn sang Sampdoria thi u. iu ny ng ngha Eto\'o  t chi li mi ca Santos.</font></div></div><div style=\"text-align: justify;\"><font face=\"arial\" size=\"2\"><br></font></div><div style=\"text-align: justify;\"><font face=\"arial\" size=\"2\"><b>Holtby dnh chn thng nng</b>. Ngi sao ca Hamburg, Lewis Holtby  dnh chn thng nng trong trn giao hu vi Frankfurt m qua. Chn thng ny khin Holtby phi ngh t nht 10 tun.</font></div><div style=\"text-align: justify;\"><font face=\"arial\" size=\"2\"><br></font></div><div style=\"text-align: justify;\"><font face=\"arial\" size=\"2\"><b>Rodgers khuyn Sturridge bnh tnh.</b> HLV Liverpool, Rodgers va ln ting khuyn Sturridge khng nn vi v tr li. ng nhn mnh tin o ny cn c th lc tt nht trc khi ra sn thi u nu khng mun ti pht chn thng mt ln na.</font></div><div style=\"text-align: justify;\"><font face=\"arial\" size=\"2\"><br></font></div><div style=\"text-align: center;\"><font face=\"arial\" size=\"2\"><img src=\"http://i.dailymail.co.uk/i/pix/2015/01/12/2115C0C100000578-2906623-The_25_year_old_initially_picked_up_a_thigh_injury_at_the_start_-a-16_1421070406281.jpg\" width=\"500\" alt=\"\" align=\"none\"></font></div><div style=\"text-align: justify;\"><br></div><div style=\"text-align: justify;\"><font face=\"arial\" size=\"2\"><b>Debuchy xung tinh thn th thm.</b> HLV Arsene Wenger tha nhn Debuchy  b xung tinh thn nghim trng sau khi b trt khp vai trc Stoke. ng cho bit Debuchy cm thy tht bi hon ton trong nm u tin khoc o Arsenal.</font></div><div style=\"text-align: justify;\"><br></div>									  									</div>', '2015_01/18/1421515068_10.jpg', '2015-01-17 23:15:27', '2015-01-18 00:18:50');
INSERT INTO `tbl_crawl_content` VALUES ('12', 'Danh hiu thng 12: Van Gaal thua au', 'danh-hieu-thang-12-van-gaal-thua-dau', '<div class=\'art_content\'>  									<div style=\"text-align: justify;\"><font face=\"arial\" size=\"2\"><br></font></div><div style=\"text-align: justify;\"><font face=\"arial\" size=\"2\">Thng 12 Premier League c n 6 vng u. Manuel Pellegrini  gip Man City c thnh tch vt tri, thng 5 ha 1. Man City lin tip vt qua Everton, Leicester, Crystal Palace v West Brom trc khi  Burnley cm ha vo cui nm.</font></div><div style=\"text-align: justify;\"><font face=\"arial\" size=\"2\"><br></font></div><div style=\"text-align: center;\"><font face=\"arial\" size=\"2\"><img src=\"http://e2.365dm.com/15/01/16-9/20/manuel-pellegrini-manchester-city-premier-league-barclays-award-december-manager_3252236.jpg?20150116101334\" width=\"500\" alt=\"\" align=\"none\"></font></div><div style=\"text-align: justify;\"><font face=\"arial\" size=\"2\"><br></font></div><div style=\"text-align: justify;\"><font face=\"arial\" size=\"2\">Trong khi , Louis van Gaal cng gy n tng mnh  Man Utd khi thng 4, ha 2. Trc , HLV ny cng gip Qu  c 3 chin thng lin tip  thng 11.</font></div><div style=\"text-align: justify;\"><font face=\"arial\" size=\"2\"><br></font></div><div style=\"text-align: justify;\"><font face=\"arial\" size=\"2\">Tuy vy, ch cn km hn Pellegrini cng  khin Van Gaal thua au v b l c hi ln u tin ot danh hiu xut sc nht thng  Premier League. Cn bit rng  thng 11, bi chnh trn thua Man City m Van Gaal cng mt danh hiu ny vo tay Alan Pardew ca Newcastle.</font></div><div style=\"text-align: justify;\"><font face=\"arial\" size=\"2\"><br></font></div><div style=\"text-align: justify;\"><font face=\"arial\" size=\"2\">Vi phong  hin ti ca Man Utd, Van Gaal chc chn khng c c hi tranh chp  thng 1.&nbsp;</font></div><div style=\"text-align: justify;\"><font face=\"arial\" size=\"2\"><br></font></div><div style=\"text-align: justify;\"><font face=\"arial\" size=\"2\"> hng mc dnh cho cu th, tin o Charlie Austin l ngi chin thng  thng 12 vi 5 bn thng, trong  c mt hat-trick gip QPR nh bi West Brom.&nbsp;</font></div><div style=\"text-align: justify;\"><font face=\"arial\" size=\"2\"><br></font></div><div style=\"text-align: justify;\"><font face=\"arial\" size=\"2\">Austin l cu th th 2 ca QPR tng c nhn vinh d ny  Premier League. Trc , Trevor Sinclair c nhn gii vo thng 10 nm 1995.</font></div><div style=\"text-align: justify;\"><br></div>									  									</div>', '2015_01/18/1421515069_11.jpg', '2015-01-17 23:15:27', '2015-01-18 00:18:50');
INSERT INTO `tbl_crawl_content` VALUES ('13', 'Torres rc r, Mourinho b chc ngoy', 'torres-ruc-ro-mourinho-bi-choc-ngoay', '<div class=\'art_content\'>  									<div align=\"justify\"><font size=\"2\" face=\"arial\">a phn nhng ngi yu El Nino u chung quan im rng hn Mourinho c l do tic nui Torres v y chn st ny khi Chelsea, sau khi chng kin mn trnh din n tng ca tin o TBN  Bernabeu.<br></font></div><div align=\"justify\"><font size=\"2\" face=\"arial\"><br></font><div align=\"center\"><font size=\"2\" face=\"arial\"><img alt=\"\" src=\"http://i4.mirror.co.uk/incoming/article4986859.ece/alternates/s615/Fernando-Torres-celebrates-after-scoring-his-second-goal.jpg\" align=\"none\" width=\"500\"><br><br></font></div></div><div align=\"justify\"><font size=\"2\" face=\"arial\">Tin nng. Chelsea xc nhn mua li Torres 80 triu bng, mt bnh lun vui v trn Twitter.</font></div><div align=\"justify\"><font size=\"2\" face=\"arial\"><br>Jose Mourinho xc nhn mun mua li Torres. y l ci ct ca mt CV khc vi Mou sau khi chng kin Torres chi sng.<br><br>Ngoi nhng bnh lun trn, th c hng nghn CV gi li chc n Torres trn ton th gii.</font></div><div align=\"justify\"><font size=\"2\" face=\"arial\"><br>Tuyt vi. C my ghi bn  tr li hay Ch c Diego Simeone mi c th hi sinh c Torres l nhng bnh lun, li chc ca CV gi n El Nino.<br><br>Vi bn m t s  giy th 46 th Torres tr thnh cu th Atletico ghi bn nhanh nht lch s i bng ny  Bernabeu. Cn vi cp p lp c, Torres  ln u tin ghi 2 bn trong 1 trn k t thng 10/2013.<br></font></div>									  									</div>', '2015_01/18/1421515069_12.jpg', '2015-01-17 23:15:27', '2015-01-18 00:18:50');
INSERT INTO `tbl_crawl_content` VALUES ('14', 'Trc vng 22 Premier League: Bc ngot Etihad', 'truoc-vong-22-premier-league-buoc-ngoat-etihad', '<div class=\'art_content\'>  									<div style=\"text-align: justify;\"><font face=\"arial\" size=\"2\"><br></font></div><div style=\"text-align: justify;\"><font face=\"arial\" size=\"2\">Sau khi Man City ni ln nh th lc mi  Premier League, cc trn u gia h v Arsenal lun din ra c bit cng thng, thm ch khng km trn derby thnh Manchester l bao. L do rt n gin, quan im lm bng  ca hai i bng hon ton tri ngc.</font></div><div style=\"text-align: justify;\"><font face=\"arial\" size=\"2\"><br></font></div><div style=\"text-align: center;\"><font face=\"arial\" size=\"2\"><img src=\"/images/Article/Upload/150116_150457_275.jpg\" width=\"500\" alt=\"\" align=\"none\"></font></div><div style=\"text-align: justify;\"><font face=\"arial\" size=\"2\"><br></font></div><div style=\"text-align: justify;\"><font face=\"arial\" size=\"2\">Arsenal ni ting chi tiu d xn, tn dng ti nng tr. Man City ngc li, s dng ti tin khng y ca ng ch -rp  chiu m bt c ngi sao no h thch. Tuy vy, cng thng ch tht s bng n khi Man City li ko ngi sao ca chnh Arsenal. Nhng Kolo Toure, Adebayor, Clichy, Nasri hay mi nht l Sagna u chy theo ting gi ca ng tin, ca danh vng  chuyn t Emirates sang Etihad. Nhng biu ng, nhng pht ngn, nhng ln n mng qu khch tu chung li to nn bu khng kh th ch hon ton mi gia 2 CLB.</font></div><div style=\"text-align: justify;\"><font face=\"arial\" size=\"2\"><br></font></div><div style=\"text-align: justify;\"><font face=\"arial\" size=\"2\">Hin ti, d Arsenal  thay i quan im trn th trng chuyn nhng, bo chi hn, nhng c bn, cch lm bng  ca h vn khc hon ton Man City. Trong khi Man City lin tip gt hi thnh cng, Pho th li vp phi v s tht bi trn sn c. iu ny khin lng t trng ca h b tn thng, s th ch gia 2 bn v th cng tng thm mt bc.&nbsp;</font></div><div style=\"text-align: justify;\"><font face=\"arial\" size=\"2\"><br></font></div><div style=\"text-align: justify;\"><font face=\"arial\" size=\"2\">S th ch  l gia v khin trn u ti Etihad tun ny c bit hn. Sau c xy chn  Everton, Man City  b Chelsea b li 2 im. H buc phi thng  tip tc bm ui. Trong khi , Arsenal cng cn c trn vn 3 im  bm ui top 4. Hin ti, h ch cn km Man Utd ng 1 im. Vi bt c kt qu no, trn u ny u gy ra nh hng ln cho mt trong hai cuc ua. Man City thua s to c hi cho Chelsea bt hn ln, Arsenal thua s t mnh bp cht thi c vt qua Man Utd. Trong thng 2, Champions League s tr li, v tt nhin, khng ai mun tht th  Premier League  thi im ny.</font></div><div style=\"text-align: justify;\"><font face=\"arial\" size=\"2\"><br></font></div><div style=\"text-align: justify;\"><font face=\"arial\" size=\"2\"> cc trn u khc, Chelsea v Man Utd c c hi ng vai ng ng c li nhng khng h d dng. Chelsea phi lm khch ca Swansea, i ch thua 2 trn ti Liberty k t u ma. Man Utd phi lm khch ca QPR, i ang dc ton lc cho cuc chin chng xung hng. Khc vi cc i bng ng  cui BXH, QPR chi c bit tt trn sn nh, thng 5, ha 4, thua 2 k t u ma. Vi phong  n tng  cng tinh thn quyt chin, QPR  sc to nn bt ng trc M.U ang ngp trong ch trch ca Van Gaal.</font></div><div style=\"text-align: justify;\"><font face=\"arial\" size=\"2\"><br></font></div><div style=\"text-align: justify;\"><font face=\"arial\" size=\"2\">Cng  vng u ny, Liverpool s lm khch ca Aston Villa, Southampton ng Newcastle trong khi Tottenham tip Sunderland.&nbsp;</font></div><div style=\"text-align: justify;\"><font face=\"arial\" size=\"2\"><br></font></div><div style=\"text-align: center;\"><font face=\"arial\" size=\"2\"><b>LCH THI U VNG 22</b></font></div><div style=\"text-align: center;\"><font face=\"arial\" size=\"2\"><br></font></div><div style=\"text-align: justify;\"><table class=\"fx_coming\" width=\"100%\" cellspacing=\"0\" cellpadding=\"0\" style=\"margin: 0px; padding: 0px; color: rgb(0, 0, 0); font-family: Arial, Helvetica, sans-serif, Verdana, Geneva;\"><tbody style=\"margin: 0px; padding: 0px;\"><tr style=\"margin: 0px; padding: 0px; height: 20px;\"><td title=\"Gi Vit Nam\" style=\"margin: 0px; padding: 0px; border-color: rgb(215, 227, 245); border-width: 1px; border-style: none solid solid; text-align: center;\"><font size=\"2\">17/01 22:00</font></td><td class=\"\" style=\"margin: 0px; padding: 0px; border-color: rgb(215, 227, 245); border-width: 1px; border-style: none solid solid none; text-align: center;\"><span class=\"style11\" style=\"margin: 0px; padding: 0px;\"><font size=\"2\">QPR&nbsp;-&nbsp;Man Utd</font></span></td><td style=\"margin: 0px; padding: 0px; border-color: rgb(215, 227, 245); border-width: 1px; border-style: none solid solid none; text-align: center;\"><font size=\"2\">1.85</font></td><td style=\"margin: 0px; padding: 0px; border-color: rgb(215, 227, 245); border-width: 1px; border-style: none solid solid none; text-align: center;\"><font size=\"2\">1:0</font></td><td style=\"margin: 0px; padding: 0px; border-color: rgb(215, 227, 245); border-width: 1px; border-style: none solid solid none; text-align: center;\"><font size=\"2\">2.05</font></td><td style=\"margin: 0px; padding: 0px; border-color: rgb(215, 227, 245); border-width: 1px; border-style: none solid solid none; text-align: center;\"></td></tr><tr class=\"alt\" style=\"margin: 0px; padding: 0px; height: 20px;\"><td title=\"Gi Vit Nam\" style=\"margin: 0px; padding: 0px; border-color: rgb(215, 227, 245); border-width: 1px; border-style: none solid solid; text-align: center; background-color: rgb(240, 240, 240);\"><font size=\"2\">17/01 22:00</font></td><td class=\"\" style=\"margin: 0px; padding: 0px; border-color: rgb(215, 227, 245); border-width: 1px; border-style: none solid solid none; text-align: center; background-color: rgb(240, 240, 240);\"><span class=\"style11\" style=\"margin: 0px; padding: 0px;\"><font size=\"2\">Swansea&nbsp;-&nbsp;Chelsea</font></span></td><td style=\"margin: 0px; padding: 0px; border-color: rgb(215, 227, 245); border-width: 1px; border-style: none solid solid none; text-align: center; background-color: rgb(240, 240, 240);\"><span class=\"odd_down\" style=\"margin: 0px; padding: 0px; color: blue;\"><font size=\"2\">1.875</font></span></td><td style=\"margin: 0px; padding: 0px; border-color: rgb(215, 227, 245); border-width: 1px; border-style: none solid solid none; text-align: center; background-color: rgb(240, 240, 240);\"><font size=\"2\">1:0</font></td><td style=\"margin: 0px; padding: 0px; border-color: rgb(215, 227, 245); border-width: 1px; border-style: none solid solid none; text-align: center; background-color: rgb(240, 240, 240);\"><span class=\"odd_up\" style=\"margin: 0px; padding: 0px; color: red;\"><font size=\"2\">2.025</font></span></td><td style=\"margin: 0px; padding: 0px; border-color: rgb(215, 227, 245); border-width: 1px; border-style: none solid solid none; text-align: center; background-color: rgb(240, 240, 240);\"></td></tr><tr style=\"margin: 0px; padding: 0px; height: 20px;\"><td title=\"Gi Vit Nam\" style=\"margin: 0px; padding: 0px; border-color: rgb(215, 227, 245); border-width: 1px; border-style: none solid solid; text-align: center;\"><font size=\"2\">17/01 22:00</font></td><td class=\"\" style=\"margin: 0px; padding: 0px; border-color: rgb(215, 227, 245); border-width: 1px; border-style: none solid solid none; text-align: center;\"><span class=\"style11\" style=\"margin: 0px; padding: 0px;\"><font size=\"2\">Tottenham&nbsp;-&nbsp;Sunderland</font></span></td><td style=\"margin: 0px; padding: 0px; border-color: rgb(215, 227, 245); border-width: 1px; border-style: none solid solid none; text-align: center;\"><font size=\"2\">2.10</font></td><td style=\"margin: 0px; padding: 0px; border-color: rgb(215, 227, 245); border-width: 1px; border-style: none solid solid none; text-align: center;\"><font size=\"2\">0:1</font></td><td style=\"margin: 0px; padding: 0px; border-color: rgb(215, 227, 245); border-width: 1px; border-style: none solid solid none; text-align: center;\"><font size=\"2\">1.80</font></td><td style=\"margin: 0px; padding: 0px; border-color: rgb(215, 227, 245); border-width: 1px; border-style: none solid solid none; text-align: center;\"></td></tr><tr class=\"alt\" style=\"margin: 0px; padding: 0px; height: 20px;\"><td title=\"Gi Vit Nam\" style=\"margin: 0px; padding: 0px; border-color: rgb(215, 227, 245); border-width: 1px; border-style: none solid solid; text-align: center; background-color: rgb(240, 240, 240);\"><font size=\"2\">17/01 22:00</font></td><td class=\"\" style=\"margin: 0px; padding: 0px; border-color: rgb(215, 227, 245); border-width: 1px; border-style: none solid solid none; text-align: center; background-color: rgb(240, 240, 240);\"><span class=\"style11\" style=\"margin: 0px; padding: 0px;\"><font size=\"2\">Leicester City&nbsp;-&nbsp;Stoke City</font></span></td><td style=\"margin: 0px; padding: 0px; border-color: rgb(215, 227, 245); border-width: 1px; border-style: none solid solid none; text-align: center; background-color: rgb(240, 240, 240);\"><font size=\"2\">1.825</font></td><td style=\"margin: 0px; padding: 0px; border-color: rgb(215, 227, 245); border-width: 1px; border-style: none solid solid none; text-align: center; background-color: rgb(240, 240, 240);\"><font size=\"2\">0:0</font></td><td style=\"margin: 0px; padding: 0px; border-color: rgb(215, 227, 245); border-width: 1px; border-style: none solid solid none; text-align: center; background-color: rgb(240, 240, 240);\"><font size=\"2\">2.075</font></td><td style=\"margin: 0px; padding: 0px; border-color: rgb(215, 227, 245); border-width: 1px; border-style: none solid solid none; text-align: center; background-color: rgb(240, 240, 240);\"></td></tr><tr style=\"margin: 0px; padding: 0px; height: 20px;\"><td title=\"Gi Vit Nam\" style=\"margin: 0px; padding: 0px; border-color: rgb(215, 227, 245); border-width: 1px; border-style: none solid solid; text-align: center;\"><font size=\"2\">17/01 22:00</font></td><td class=\"\" style=\"margin: 0px; padding: 0px; border-color: rgb(215, 227, 245); border-width: 1px; border-style: none solid solid none; text-align: center;\"><span class=\"style11\" style=\"margin: 0px; padding: 0px;\"><font size=\"2\">Burnley&nbsp;-&nbsp;Crystal Palace</font></span></td><td style=\"margin: 0px; padding: 0px; border-color: rgb(215, 227, 245); border-width: 1px; border-style: none solid solid none; text-align: center;\"><font size=\"2\">2.125</font></td><td style=\"margin: 0px; padding: 0px; border-color: rgb(215, 227, 245); border-width: 1px; border-style: none solid solid none; text-align: center;\"><font size=\"2\">0:1/4</font></td><td style=\"margin: 0px; padding: 0px; border-color: rgb(215, 227, 245); border-width: 1px; border-style: none solid solid none; text-align: center;\"><font size=\"2\">1.775</font></td><td style=\"margin: 0px; padding: 0px; border-color: rgb(215, 227, 245); border-width: 1px; border-style: none solid solid none; text-align: center;\"></td></tr><tr class=\"alt\" style=\"margin: 0px; padding: 0px; height: 20px;\"><td title=\"Gi Vit Nam\" style=\"margin: 0px; padding: 0px; border-color: rgb(215, 227, 245); border-width: 1px; border-style: none solid solid; text-align: center; background-color: rgb(240, 240, 240);\"><font size=\"2\">17/01 22:00</font></td><td class=\"\" style=\"margin: 0px; padding: 0px; border-color: rgb(215, 227, 245); border-width: 1px; border-style: none solid solid none; text-align: center; background-color: rgb(240, 240, 240);\"><span class=\"style11\" style=\"margin: 0px; padding: 0px;\"><font size=\"2\">Aston Villa&nbsp;-&nbsp;Liverpool</font></span></td><td style=\"margin: 0px; padding: 0px; border-color: rgb(215, 227, 245); border-width: 1px; border-style: none solid solid none; text-align: center; background-color: rgb(240, 240, 240);\"><font size=\"2\">2.075</font></td><td style=\"margin: 0px; padding: 0px; border-color: rgb(215, 227, 245); border-width: 1px; border-style: none solid solid none; text-align: center; background-color: rgb(240, 240, 240);\"><font size=\"2\">1/2:0</font></td><td style=\"margin: 0px; padding: 0px; border-color: rgb(215, 227, 245); border-width: 1px; border-style: none solid solid none; text-align: center; background-color: rgb(240, 240, 240);\"><font size=\"2\">1.825</font></td><td style=\"margin: 0px; padding: 0px; border-color: rgb(215, 227, 245); border-width: 1px; border-style: none solid solid none; text-align: center; background-color: rgb(240, 240, 240);\"></td></tr><tr style=\"margin: 0px; padding: 0px; height: 20px;\"><td title=\"Gi Vit Nam\" style=\"margin: 0px; padding: 0px; border-color: rgb(215, 227, 245); border-width: 1px; border-style: none solid solid; text-align: center;\"><font size=\"2\">18/01 00:30</font></td><td class=\"\" style=\"margin: 0px; padding: 0px; border-color: rgb(215, 227, 245); border-width: 1px; border-style: none solid solid none; text-align: center;\"><span class=\"style11\" style=\"margin: 0px; padding: 0px;\"><font size=\"2\">Newcastle&nbsp;-&nbsp;Southampton</font></span></td><td style=\"margin: 0px; padding: 0px; border-color: rgb(215, 227, 245); border-width: 1px; border-style: none solid solid none; text-align: center;\"><span class=\"odd_down\" style=\"margin: 0px; padding: 0px; color: blue;\"><font size=\"2\">1.925</font></span></td><td style=\"margin: 0px; padding: 0px; border-color: rgb(215, 227, 245); border-width: 1px; border-style: none solid solid none; text-align: center;\"><font size=\"2\">1/4:0</font></td><td style=\"margin: 0px; padding: 0px; border-color: rgb(215, 227, 245); border-width: 1px; border-style: none solid solid none; text-align: center;\"><span class=\"odd_up\" style=\"margin: 0px; padding: 0px; color: red;\"><font size=\"2\">1.975</font></span></td><td style=\"margin: 0px; padding: 0px; border-color: rgb(215, 227, 245); border-width: 1px; border-style: none solid solid none; text-align: center;\"></td></tr><tr class=\"alt\" style=\"margin: 0px; padding: 0px; height: 20px;\"><td title=\"Gi Vit Nam\" style=\"margin: 0px; padding: 0px; border-color: rgb(215, 227, 245); border-width: 1px; border-style: none solid solid; text-align: center; background-color: rgb(240, 240, 240);\"><font size=\"2\">18/01 20:30</font></td><td class=\"\" style=\"margin: 0px; padding: 0px; border-color: rgb(215, 227, 245); border-width: 1px; border-style: none solid solid none; text-align: center; background-color: rgb(240, 240, 240);\"><span class=\"style11\" style=\"margin: 0px; padding: 0px;\"><font size=\"2\">West Ham&nbsp;-&nbsp;Hull</font></span></td><td style=\"margin: 0px; padding: 0px; border-color: rgb(215, 227, 245); border-width: 1px; border-style: none solid solid none; text-align: center; background-color: rgb(240, 240, 240);\"><font size=\"2\">1.95</font></td><td style=\"margin: 0px; padding: 0px; border-color: rgb(215, 227, 245); border-width: 1px; border-style: none solid solid none; text-align: center; background-color: rgb(240, 240, 240);\"><font size=\"2\">0:3/4</font></td><td style=\"margin: 0px; padding: 0px; border-color: rgb(215, 227, 245); border-width: 1px; border-style: none solid solid none; text-align: center; background-color: rgb(240, 240, 240);\"><font size=\"2\">1.95</font></td><td style=\"margin: 0px; padding: 0px; border-color: rgb(215, 227, 245); border-width: 1px; border-style: none solid solid none; text-align: center; background-color: rgb(240, 240, 240);\"></td></tr><tr style=\"margin: 0px; padding: 0px; height: 20px;\"><td title=\"Gi Vit Nam\" style=\"margin: 0px; padding: 0px; border-color: rgb(215, 227, 245); border-width: 1px; border-style: none solid solid; text-align: center;\"><font size=\"2\">18/01 23:00</font></td><td class=\"\" style=\"margin: 0px; padding: 0px; border-color: rgb(215, 227, 245); border-width: 1px; border-style: none solid solid none; text-align: center;\"><span class=\"style11\" style=\"margin: 0px; padding: 0px;\"><font size=\"2\">Man City&nbsp;-&nbsp;Arsenal</font></span></td><td style=\"margin: 0px; padding: 0px; border-color: rgb(215, 227, 245); border-width: 1px; border-style: none solid solid none; text-align: center;\"><font size=\"2\">2.025</font></td><td style=\"margin: 0px; padding: 0px; border-color: rgb(215, 227, 245); border-width: 1px; border-style: none solid solid none; text-align: center;\"><font size=\"2\">0:3/4</font></td><td style=\"margin: 0px; padding: 0px; border-color: rgb(215, 227, 245); border-width: 1px; border-style: none solid solid none; text-align: center;\"><font size=\"2\">1.875</font></td><td style=\"margin: 0px; padding: 0px; border-color: rgb(215, 227, 245); border-width: 1px; border-style: none solid solid none; text-align: center;\"></td></tr><tr class=\"alt\" style=\"margin: 0px; padding: 0px; height: 20px;\"><td title=\"Gi Vit Nam\" style=\"margin: 0px; padding: 0px; border-color: rgb(215, 227, 245); border-width: 1px; border-style: none solid solid; text-align: center; background-color: rgb(240, 240, 240);\"><font size=\"2\">20/01 03:00</font></td><td class=\"\" style=\"margin: 0px; padding: 0px; border-color: rgb(215, 227, 245); border-width: 1px; border-style: none solid solid none; text-align: center; background-color: rgb(240, 240, 240);\"><span class=\"style11\" style=\"margin: 0px; padding: 0px;\"><font size=\"2\">Everton&nbsp;-&nbsp;West Brom</font></span></td><td style=\"margin: 0px; padding: 0px; border-color: rgb(215, 227, 245); border-width: 1px; border-style: none solid solid none; text-align: center; background-color: rgb(240, 240, 240);\"><font size=\"2\">1.85</font></td><td style=\"margin: 0px; padding: 0px; border-color: rgb(215, 227, 245); border-width: 1px; border-style: none solid solid none; text-align: center; background-color: rgb(240, 240, 240);\"><font size=\"2\">0:1/2</font></td><td style=\"margin: 0px; padding: 0px; border-color: rgb(215, 227, 245); border-width: 1px; border-style: none solid solid none; text-align: center; background-color: rgb(240, 240, 240);\"><font size=\"2\">2.05</font></td><td style=\"margin: 0px; padding: 0px; border-color: rgb(215, 227, 245); border-width: 1px; border-style: none solid solid none; text-align: center; background-color: rgb(240, 240, 240);\"></td></tr></tbody></table></div><div style=\"text-align: justify;\"><font face=\"arial\" size=\"2\"><br></font></div><div style=\"text-align: center;\"><font face=\"arial\" size=\"2\"><b>BNG XP HNG</b></font></div><div style=\"text-align: justify;\"><font face=\"arial\" size=\"2\"><br></font></div><div style=\"text-align: justify;\"><table width=\"100%\" cellspacing=\"0\" cellpadding=\"1\" style=\"margin: 0px; padding: 0px; border: 1px solid rgb(215, 227, 245); border-collapse: collapse;\"><tbody style=\"margin: 0px; padding: 0px;\"><tr style=\"margin: 0px; padding: 0px; height: 20px; font-family: Arial, Helvetica, sans-serif, Verdana, Geneva; background-color: rgb(255, 255, 255);\"><th colspan=\"3\" style=\"margin: 0px; padding: 0px; height: 20px; color: white; border: 1px solid white; font-family: Georgia, Arial, Helvetica, sans-serif; font-weight: normal; background: rgb(80, 80, 80);\"></th><th colspan=\"5\" align=\"center\" style=\"margin: 0px; padding: 0px; height: 20px; color: white; border: 1px solid white; font-family: Georgia, Arial, Helvetica, sans-serif; font-weight: normal; background: rgb(80, 80, 80);\"><font size=\"2\">Sn nh</font></th><th colspan=\"5\" align=\"center\" style=\"margin: 0px; padding: 0px; height: 20px; color: white; border: 1px solid white; font-family: Georgia, Arial, Helvetica, sans-serif; font-weight: normal; background: rgb(80, 80, 80);\"><font size=\"2\">Sn khch</font></th><th colspan=\"2\" style=\"margin: 0px; padding: 0px; height: 20px; color: white; border: 1px solid white; font-family: Georgia, Arial, Helvetica, sans-serif; font-weight: normal; background: rgb(80, 80, 80);\"></th></tr><tr style=\"margin: 0px; padding: 0px; height: 1px; font-family: Arial, Helvetica, sans-serif, Verdana, Geneva; background-color: rgb(255, 255, 255);\"><td colspan=\"15\" style=\"margin: 0px; padding: 0px; border: 1px none rgb(215, 227, 245); border-collapse: collapse;\"></td></tr><tr class=\"tbl_title\" style=\"margin: 0px; padding: 0px; height: 20px; color: white; text-align: center; font-weight: bold; font-family: Arial, Helvetica, sans-serif, Verdana, Geneva; background-color: rgb(117, 40, 94);\"><td width=\"4%\" style=\"margin: 0px; padding: 0px; border: 1px solid rgb(215, 227, 245); border-collapse: collapse;\"><font size=\"2\">&nbsp;</font></td><td style=\"margin: 0px; padding: 0px; border: 1px solid rgb(215, 227, 245); border-collapse: collapse;\"><font size=\"2\">&nbsp;</font></td><td width=\"5%\" title=\"S trn\" style=\"margin: 0px; padding: 0px; border: 1px solid rgb(215, 227, 245); border-collapse: collapse;\"><font size=\"2\">ST</font></td><td width=\"5%\" title=\"Thng\" style=\"margin: 0px; padding: 0px; border: 1px solid rgb(215, 227, 245); border-collapse: collapse;\"><font size=\"2\">T</font></td><td width=\"5%\" title=\"Ha\" style=\"margin: 0px; padding: 0px; border: 1px solid rgb(215, 227, 245); border-collapse: collapse;\"><font size=\"2\">H</font></td><td width=\"5%\" title=\"Bi\" style=\"margin: 0px; padding: 0px; border: 1px solid rgb(215, 227, 245); border-collapse: collapse;\"><font size=\"2\">B</font></td><td width=\"5%\" title=\"S bn thng\" style=\"margin: 0px; padding: 0px; border: 1px solid rgb(215, 227, 245); border-collapse: collapse;\"><font size=\"2\">Tg</font></td><td width=\"5%\" title=\"S bn thua\" style=\"margin: 0px; padding: 0px; border: 1px solid rgb(215, 227, 245); border-collapse: collapse;\"><font size=\"2\">Th</font></td><td width=\"5%\" title=\"Thng\" style=\"margin: 0px; padding: 0px; border: 1px solid rgb(215, 227, 245); border-collapse: collapse;\"><font size=\"2\">T</font></td><td width=\"5%\" title=\"Ha\" style=\"margin: 0px; padding: 0px; border: 1px solid rgb(215, 227, 245); border-collapse: collapse;\"><font size=\"2\">H</font></td><td width=\"5%\" title=\"Bi\" style=\"margin: 0px; padding: 0px; border: 1px solid rgb(215, 227, 245); border-collapse: collapse;\"><font size=\"2\">B</font></td><td width=\"5%\" title=\"S bn thng\" style=\"margin: 0px; padding: 0px; border: 1px solid rgb(215, 227, 245); border-collapse: collapse;\"><font size=\"2\">Tg</font></td><td width=\"5%\" title=\"S bn thua\" style=\"margin: 0px; padding: 0px; border: 1px solid rgb(215, 227, 245); border-collapse: collapse;\"><font size=\"2\">Th</font></td><td width=\"9%\" title=\"Hiu s bn thng/thua\" style=\"margin: 0px; padding: 0px; border: 1px solid rgb(215, 227, 245); border-collapse: collapse;\"><font size=\"2\">HS</font></td><td width=\"5%\" title=\"im\" style=\"margin: 0px; padding: 0px; border: 1px solid rgb(215, 227, 245); border-collapse: collapse;\"><font size=\"2\"></font></td></tr><tr align=\"right\" style=\"margin: 0px; padding: 0px; height: 20px; font-family: Arial, Helvetica, sans-serif, Verdana, Geneva; background-color: rgb(255, 255, 255);\"><td class=\"C1A\" style=\"margin: 0px; padding: 0px; border: 1px solid rgb(215, 227, 245); border-collapse: collapse; background-color: rgb(129, 214, 172);\"><font size=\"2\">1</font></td><td align=\"left\" style=\"margin: 0px; padding: 0px; border: 1px solid rgb(215, 227, 245); border-collapse: collapse;\"><font size=\"2\">&nbsp;Chelsea</font></td><td class=\"NOPCol\" style=\"margin: 0px; padding: 0px; border: 1px solid rgb(215, 227, 245); border-collapse: collapse; color: white; background-color: rgb(117, 40, 94);\"><font size=\"2\">21</font></td><td style=\"margin: 0px; padding: 0px; border: 1px solid rgb(215, 227, 245); border-collapse: collapse;\"><font size=\"2\">10</font></td><td style=\"margin: 0px; padding: 0px; border: 1px solid rgb(215, 227, 245); border-collapse: collapse;\"><font size=\"2\">0</font></td><td style=\"margin: 0px; padding: 0px; border: 1px solid rgb(215, 227, 245); border-collapse: collapse;\"><font size=\"2\">0</font></td><td style=\"margin: 0px; padding: 0px; border: 1px solid rgb(215, 227, 245); border-collapse: collapse;\"><font size=\"2\">24</font></td><td style=\"margin: 0px; padding: 0px; border: 1px solid rgb(215, 227, 245); border-collapse: collapse;\"><font size=\"2\">3</font></td><td class=\"NOPCol\" style=\"margin: 0px; padding: 0px; border: 1px solid rgb(215, 227, 245); border-collapse: collapse; color: white; background-color: rgb(117, 40, 94);\"><font size=\"2\">5</font></td><td class=\"NOPCol\" style=\"margin: 0px; padding: 0px; border: 1px solid rgb(215, 227, 245); border-collapse: collapse; color: white; background-color: rgb(117, 40, 94);\"><font size=\"2\">4</font></td><td class=\"NOPCol\" style=\"margin: 0px; padding: 0px; border: 1px solid rgb(215, 227, 245); border-collapse: collapse; color: white; background-color: rgb(117, 40, 94);\"><font size=\"2\">2</font></td><td class=\"NOPCol\" style=\"margin: 0px; padding: 0px; border: 1px solid rgb(215, 227, 245); border-collapse: collapse; color: white; background-color: rgb(117, 40, 94);\"><font size=\"2\">22</font></td><td class=\"NOPCol\" style=\"margin: 0px; padding: 0px; border: 1px solid rgb(215, 227, 245); border-collapse: collapse; color: white; background-color: rgb(117, 40, 94);\"><font size=\"2\">16</font></td><td align=\"center\" title=\"+27\" style=\"margin: 0px; padding: 0px; border: 1px solid rgb(215, 227, 245); border-collapse: collapse;\"><font size=\"2\">46-19</font></td><td class=\"NOPCol\" style=\"margin: 0px; padding: 0px; border: 1px solid rgb(215, 227, 245); border-collapse: collapse; color: white; background-color: rgb(117, 40, 94);\"><font size=\"2\">49</font></td></tr><tr class=\"alt\" align=\"right\" style=\"margin: 0px; padding: 0px; height: 20px; font-family: Arial, Helvetica, sans-serif, Verdana, Geneva; background-color: rgb(255, 255, 255);\"><td class=\"C1A\" style=\"margin: 0px; padding: 0px; border: 1px solid rgb(215, 227, 245); border-collapse: collapse; background-color: rgb(129, 214, 172);\"><font size=\"2\">2</font></td><td align=\"left\" style=\"margin: 0px; padding: 0px; border: 1px solid rgb(215, 227, 245); border-collapse: collapse; background-color: rgb(240, 240, 240);\"><font size=\"2\">&nbsp;Man City</font></td><td class=\"NOPColAlt\" style=\"margin: 0px; padding: 0px; border: 1px solid rgb(215, 227, 245); border-collapse: collapse; color: white; background-color: rgb(158, 69, 131);\"><font size=\"2\">21</font></td><td style=\"margin: 0px; padding: 0px; border: 1px solid rgb(215, 227, 245); border-collapse: collapse; background-color: rgb(240, 240, 240);\"><font size=\"2\">7</font></td><td style=\"margin: 0px; padding: 0px; border: 1px solid rgb(215, 227, 245); border-collapse: collapse; background-color: rgb(240, 240, 240);\"><font size=\"2\">2</font></td><td style=\"margin: 0px; padding: 0px; border: 1px solid rgb(215, 227, 245); border-collapse: collapse; background-color: rgb(240, 240, 240);\"><font size=\"2\">1</font></td><td style=\"margin: 0px; padding: 0px; border: 1px solid rgb(215, 227, 245); border-collapse: collapse; background-color: rgb(240, 240, 240);\"><font size=\"2\">20</font></td><td style=\"margin: 0px; padding: 0px; border: 1px solid rgb(215, 227, 245); border-collapse: collapse; background-color: rgb(240, 240, 240);\"><font size=\"2\">9</font></td><td class=\"NOPColAlt\" style=\"margin: 0px; padding: 0px; border: 1px solid rgb(215, 227, 245); border-collapse: collapse; color: white; background-color: rgb(158, 69, 131);\"><font size=\"2\">7</font></td><td class=\"NOPColAlt\" style=\"margin: 0px; padding: 0px; border: 1px solid rgb(215, 227, 245); border-collapse: collapse; color: white; background-color: rgb(158, 69, 131);\"><font size=\"2\">3</font></td><td class=\"NOPColAlt\" style=\"margin: 0px; padding: 0px; border: 1px solid rgb(215, 227, 245); border-collapse: collapse; color: white; background-color: rgb(158, 69, 131);\"><font size=\"2\">1</font></td><td class=\"NOPColAlt\" style=\"margin: 0px; padding: 0px; border: 1px solid rgb(215, 227, 245); border-collapse: collapse; color: white; background-color: rgb(158, 69, 131);\"><font size=\"2\">25</font></td><td class=\"NOPColAlt\" style=\"margin: 0px; padding: 0px; border: 1px solid rgb(215, 227, 245); border-collapse: collapse; color: white; background-color: rgb(158, 69, 131);\"><font size=\"2\">11</font></td><td align=\"center\" title=\"+25\" style=\"margin: 0px; padding: 0px; border: 1px solid rgb(215, 227, 245); border-collapse: collapse; background-color: rgb(240, 240, 240);\"><font size=\"2\">45-20</font></td><td class=\"NOPColAlt\" style=\"margin: 0px; padding: 0px; border: 1px solid rgb(215, 227, 245); border-collapse: collapse; color: white; background-color: rgb(158, 69, 131);\"><font size=\"2\">47</font></td></tr><tr align=\"right\" style=\"margin: 0px; padding: 0px; height: 20px; font-family: Arial, Helvetica, sans-serif, Verdana, Geneva; background-color: rgb(255, 255, 255);\"><td class=\"C1A\" style=\"margin: 0px; padding: 0px; border: 1px solid rgb(215, 227, 245); border-collapse: collapse; background-color: rgb(129, 214, 172);\"><font size=\"2\">3</font></td><td align=\"left\" style=\"margin: 0px; padding: 0px; border: 1px solid rgb(215, 227, 245); border-collapse: collapse;\"><font size=\"2\">&nbsp;Southampton</font></td><td class=\"NOPCol\" style=\"margin: 0px; padding: 0px; border: 1px solid rgb(215, 227, 245); border-collapse: collapse; color: white; background-color: rgb(117, 40, 94);\"><font size=\"2\">21</font></td><td style=\"margin: 0px; padding: 0px; border: 1px solid rgb(215, 227, 245); border-collapse: collapse;\"><font size=\"2\">7</font></td><td style=\"margin: 0px; padding: 0px; border: 1px solid rgb(215, 227, 245); border-collapse: collapse;\"><font size=\"2\">2</font></td><td style=\"margin: 0px; padding: 0px; border: 1px solid rgb(215, 227, 245); border-collapse: collapse;\"><font size=\"2\">2</font></td><td style=\"margin: 0px; padding: 0px; border: 1px solid rgb(215, 227, 245); border-collapse: collapse;\"><font size=\"2\">24</font></td><td style=\"margin: 0px; padding: 0px; border: 1px solid rgb(215, 227, 245); border-collapse: collapse;\"><font size=\"2\">7</font></td><td class=\"NOPCol\" style=\"margin: 0px; padding: 0px; border: 1px solid rgb(215, 227, 245); border-collapse: collapse; color: white; background-color: rgb(117, 40, 94);\"><font size=\"2\">5</font></td><td class=\"NOPCol\" style=\"margin: 0px; padding: 0px; border: 1px solid rgb(215, 227, 245); border-collapse: collapse; color: white; background-color: rgb(117, 40, 94);\"><font size=\"2\">1</font></td><td class=\"NOPCol\" style=\"margin: 0px; padding: 0px; border: 1px solid rgb(215, 227, 245); border-collapse: collapse; color: white; background-color: rgb(117, 40, 94);\"><font size=\"2\">4</font></td><td class=\"NOPCol\" style=\"margin: 0px; padding: 0px; border: 1px solid rgb(215, 227, 245); border-collapse: collapse; color: white; background-color: rgb(117, 40, 94);\"><font size=\"2\">11</font></td><td class=\"NOPCol\" style=\"margin: 0px; padding: 0px; border: 1px solid rgb(215, 227, 245); border-collapse: collapse; color: white; background-color: rgb(117, 40, 94);\"><font size=\"2\">8</font></td><td align=\"center\" title=\"+20\" style=\"margin: 0px; padding: 0px; border: 1px solid rgb(215, 227, 245); border-collapse: collapse;\"><font size=\"2\">35-15</font></td><td class=\"NOPCol\" style=\"margin: 0px; padding: 0px; border: 1px solid rgb(215, 227, 245); border-collapse: collapse; color: white; background-color: rgb(117, 40, 94);\"><font size=\"2\">39</font></td></tr><tr class=\"alt\" align=\"right\" style=\"margin: 0px; padding: 0px; height: 20px; font-family: Arial, Helvetica, sans-serif, Verdana, Geneva; background-color: rgb(255, 255, 255);\"><td class=\"C1B\" style=\"margin: 0px; padding: 0px; border: 1px solid rgb(215, 227, 245); border-collapse: collapse; background-color: rgb(181, 231, 206);\"><font size=\"2\">4</font></td><td align=\"left\" style=\"margin: 0px; padding: 0px; border: 1px solid rgb(215, 227, 245); border-collapse: collapse; background-color: rgb(240, 240, 240);\"><font size=\"2\">&nbsp;Man Utd</font></td><td class=\"NOPColAlt\" style=\"margin: 0px; padding: 0px; border: 1px solid rgb(215, 227, 245); border-collapse: collapse; color: white; background-color: rgb(158, 69, 131);\"><font size=\"2\">21</font></td><td style=\"margin: 0px; padding: 0px; border: 1px solid rgb(215, 227, 245); border-collapse: collapse; background-color: rgb(240, 240, 240);\"><font size=\"2\">8</font></td><td style=\"margin: 0px; padding: 0px; border: 1px solid rgb(215, 227, 245); border-collapse: collapse; background-color: rgb(240, 240, 240);\"><font size=\"2\">1</font></td><td style=\"margin: 0px; padding: 0px; border: 1px solid rgb(215, 227, 245); border-collapse: collapse; background-color: rgb(240, 240, 240);\"><font size=\"2\">2</font></td><td style=\"margin: 0px; padding: 0px; border: 1px solid rgb(215, 227, 245); border-collapse: collapse; background-color: rgb(240, 240, 240);\"><font size=\"2\">22</font></td><td style=\"margin: 0px; padding: 0px; border: 1px solid rgb(215, 227, 245); border-collapse: collapse; background-color: rgb(240, 240, 240);\"><font size=\"2\">8</font></td><td class=\"NOPColAlt\" style=\"margin: 0px; padding: 0px; border: 1px solid rgb(215, 227, 245); border-collapse: collapse; color: white; background-color: rgb(158, 69, 131);\"><font size=\"2\">2</font></td><td class=\"NOPColAlt\" style=\"margin: 0px; padding: 0px; border: 1px solid rgb(215, 227, 245); border-collapse: collapse; color: white; background-color: rgb(158, 69, 131);\"><font size=\"2\">6</font></td><td class=\"NOPColAlt\" style=\"margin: 0px; padding: 0px; border: 1px solid rgb(215, 227, 245); border-collapse: collapse; color: white; background-color: rgb(158, 69, 131);\"><font size=\"2\">2</font></td><td class=\"NOPColAlt\" style=\"margin: 0px; padding: 0px; border: 1px solid rgb(215, 227, 245); border-collapse: collapse; color: white; background-color: rgb(158, 69, 131);\"><font size=\"2\">12</font></td><td class=\"NOPColAlt\" style=\"margin: 0px; padding: 0px; border: 1px solid rgb(215, 227, 245); border-collapse: collapse; color: white; background-color: rgb(158, 69, 131);\"><font size=\"2\">13</font></td><td align=\"center\" title=\"+13\" style=\"margin: 0px; padding: 0px; border: 1px solid rgb(215, 227, 245); border-collapse: collapse; background-color: rgb(240, 240, 240);\"><font size=\"2\">34-21</font></td><td class=\"NOPColAlt\" style=\"margin: 0px; padding: 0px; border: 1px solid rgb(215, 227, 245); border-collapse: collapse; color: white; background-color: rgb(158, 69, 131);\"><font size=\"2\">37</font></td></tr><tr align=\"right\" style=\"margin: 0px; padding: 0px; height: 20px; font-family: Arial, Helvetica, sans-serif, Verdana, Geneva; background-color: rgb(255, 255, 255);\"><td class=\"C3\" style=\"margin: 0px; padding: 0px; border: 1px solid rgb(215, 227, 245); border-collapse: collapse; background-color: rgb(178, 191, 208);\"><font size=\"2\">5</font></td><td align=\"left\" style=\"margin: 0px; padding: 0px; border: 1px solid rgb(215, 227, 245); border-collapse: collapse;\"><font size=\"2\">&nbsp;Arsenal</font></td><td class=\"NOPCol\" style=\"margin: 0px; padding: 0px; border: 1px solid rgb(215, 227, 245); border-collapse: collapse; color: white; background-color: rgb(117, 40, 94);\"><font size=\"2\">21</font></td><td style=\"margin: 0px; padding: 0px; border: 1px solid rgb(215, 227, 245); border-collapse: collapse;\"><font size=\"2\">6</font></td><td style=\"margin: 0px; padding: 0px; border: 1px solid rgb(215, 227, 245); border-collapse: collapse;\"><font size=\"2\">3</font></td><td style=\"margin: 0px; padding: 0px; border: 1px solid rgb(215, 227, 245); border-collapse: collapse;\"><font size=\"2\">1</font></td><td style=\"margin: 0px; padding: 0px; border: 1px solid rgb(215, 227, 245); border-collapse: collapse;\"><font size=\"2\">21</font></td><td style=\"margin: 0px; padding: 0px; border: 1px solid rgb(215, 227, 245); border-collapse: collapse;\"><font size=\"2\">10</font></td><td class=\"NOPCol\" style=\"margin: 0px; padding: 0px; border: 1px solid rgb(215, 227, 245); border-collapse: collapse; color: white; background-color: rgb(117, 40, 94);\"><font size=\"2\">4</font></td><td class=\"NOPCol\" style=\"margin: 0px; padding: 0px; border: 1px solid rgb(215, 227, 245); border-collapse: collapse; color: white; background-color: rgb(117, 40, 94);\"><font size=\"2\">3</font></td><td class=\"NOPCol\" style=\"margin: 0px; padding: 0px; border: 1px solid rgb(215, 227, 245); border-collapse: collapse; color: white; background-color: rgb(117, 40, 94);\"><font size=\"2\">4</font></td><td class=\"NOPCol\" style=\"margin: 0px; padding: 0px; border: 1px solid rgb(215, 227, 245); border-collapse: collapse; color: white; background-color: rgb(117, 40, 94);\"><font size=\"2\">16</font></td><td class=\"NOPCol\" style=\"margin: 0px; padding: 0px; border: 1px solid rgb(215, 227, 245); border-collapse: collapse; color: white; background-color: rgb(117, 40, 94);\"><font size=\"2\">15</font></td><td align=\"center\" title=\"+12\" style=\"margin: 0px; padding: 0px; border: 1px solid rgb(215, 227, 245); border-collapse: collapse;\"><font size=\"2\">37-25</font></td><td class=\"NOPCol\" style=\"margin: 0px; padding: 0px; border: 1px solid rgb(215, 227, 245); border-collapse: collapse; color: white; background-color: rgb(117, 40, 94);\"><font size=\"2\">36</font></td></tr><tr class=\"alt\" align=\"right\" style=\"margin: 0px; padding: 0px; height: 20px; font-family: Arial, Helvetica, sans-serif, Verdana, Geneva; background-color: rgb(255, 255, 255);\"><td class=\"Normal\" style=\"margin: 0px; padding: 0px; border: 1px solid rgb(215, 227, 245); border-collapse: collapse;\"><font size=\"2\">6</font></td><td align=\"left\" style=\"margin: 0px; padding: 0px; border: 1px solid rgb(215, 227, 245); border-collapse: collapse; background-color: rgb(240, 240, 240);\"><font size=\"2\">&nbsp;Tottenham</font></td><td class=\"NOPColAlt\" style=\"margin: 0px; padding: 0px; border: 1px solid rgb(215, 227, 245); border-collapse: collapse; color: white; background-color: rgb(158, 69, 131);\"><font size=\"2\">21</font></td><td style=\"margin: 0px; padding: 0px; border: 1px solid rgb(215, 227, 245); border-collapse: collapse; background-color: rgb(240, 240, 240);\"><font size=\"2\">5</font></td><td style=\"margin: 0px; padding: 0px; border: 1px solid rgb(215, 227, 245); border-collapse: collapse; background-color: rgb(240, 240, 240);\"><font size=\"2\">2</font></td><td style=\"margin: 0px; padding: 0px; border: 1px solid rgb(215, 227, 245); border-collapse: collapse; background-color: rgb(240, 240, 240);\"><font size=\"2\">4</font></td><td style=\"margin: 0px; padding: 0px; border: 1px solid rgb(215, 227, 245); border-collapse: collapse; background-color: rgb(240, 240, 240);\"><font size=\"2\">16</font></td><td style=\"margin: 0px; padding: 0px; border: 1px solid rgb(215, 227, 245); border-collapse: collapse; background-color: rgb(240, 240, 240);\"><font size=\"2\">13</font></td><td class=\"NOPColAlt\" style=\"margin: 0px; padding: 0px; border: 1px solid rgb(215, 227, 245); border-collapse: collapse; color: white; background-color: rgb(158, 69, 131);\"><font size=\"2\">5</font></td><td class=\"NOPColAlt\" style=\"margin: 0px; padding: 0px; border: 1px solid rgb(215, 227, 245); border-collapse: collapse; color: white; background-color: rgb(158, 69, 131);\"><font size=\"2\">2</font></td><td class=\"NOPColAlt\" style=\"margin: 0px; padding: 0px; border: 1px solid rgb(215, 227, 245); border-collapse: collapse; color: white; background-color: rgb(158, 69, 131);\"><font size=\"2\">3</font></td><td class=\"NOPColAlt\" style=\"margin: 0px; padding: 0px; border: 1px solid rgb(215, 227, 245); border-collapse: collapse; color: white; background-color: rgb(158, 69, 131);\"><font size=\"2\">14</font></td><td class=\"NOPColAlt\" style=\"margin: 0px; padding: 0px; border: 1px solid rgb(215, 227, 245); border-collapse: collapse; color: white; background-color: rgb(158, 69, 131);\"><font size=\"2\">16</font></td><td align=\"center\" title=\"+1\" style=\"margin: 0px; padding: 0px; border: 1px solid rgb(215, 227, 245); border-collapse: collapse; background-color: rgb(240, 240, 240);\"><font size=\"2\">30-29</font></td><td class=\"NOPColAlt\" style=\"margin: 0px; padding: 0px; border: 1px solid rgb(215, 227, 245); border-collapse: collapse; color: white; background-color: rgb(158, 69, 131);\"><font size=\"2\">34</font></td></tr><tr align=\"right\" style=\"margin: 0px; padding: 0px; height: 20px; font-family: Arial, Helvetica, sans-serif, Verdana, Geneva; background-color: rgb(255, 255, 255);\"><td class=\"Normal\" style=\"margin: 0px; padding: 0px; border: 1px solid rgb(215, 227, 245); border-collapse: collapse;\"><font size=\"2\">7</font></td><td align=\"left\" style=\"margin: 0px; padding: 0px; border: 1px solid rgb(215, 227, 245); border-collapse: collapse;\"><font size=\"2\">&nbsp;West Ham</font></td><td class=\"NOPCol\" style=\"margin: 0px; padding: 0px; border: 1px solid rgb(215, 227, 245); border-collapse: collapse; color: white; background-color: rgb(117, 40, 94);\"><font size=\"2\">21</font></td><td style=\"margin: 0px; padding: 0px; border: 1px solid rgb(215, 227, 245); border-collapse: collapse;\"><font size=\"2\">6</font></td><td style=\"margin: 0px; padding: 0px; border: 1px solid rgb(215, 227, 245); border-collapse: collapse;\"><font size=\"2\">2</font></td><td style=\"margin: 0px; padding: 0px; border: 1px solid rgb(215, 227, 245); border-collapse: collapse;\"><font size=\"2\">3</font></td><td style=\"margin: 0px; padding: 0px; border: 1px solid rgb(215, 227, 245); border-collapse: collapse;\"><font size=\"2\">16</font></td><td style=\"margin: 0px; padding: 0px; border: 1px solid rgb(215, 227, 245); border-collapse: collapse;\"><font size=\"2\">10</font></td><td class=\"NOPCol\" style=\"margin: 0px; padding: 0px; border: 1px solid rgb(215, 227, 245); border-collapse: collapse; color: white; background-color: rgb(117, 40, 94);\"><font size=\"2\">3</font></td><td class=\"NOPCol\" style=\"margin: 0px; padding: 0px; border: 1px solid rgb(215, 227, 245); border-collapse: collapse; color: white; background-color: rgb(117, 40, 94);\"><font size=\"2\">4</font></td><td class=\"NOPCol\" style=\"margin: 0px; padding: 0px; border: 1px solid rgb(215, 227, 245); border-collapse: collapse; color: white; background-color: rgb(117, 40, 94);\"><font size=\"2\">3</font></td><td class=\"NOPCol\" style=\"margin: 0px; padding: 0px; border: 1px solid rgb(215, 227, 245); border-collapse: collapse; color: white; background-color: rgb(117, 40, 94);\"><font size=\"2\">16</font></td><td class=\"NOPCol\" style=\"margin: 0px; padding: 0px; border: 1px solid rgb(215, 227, 245); border-collapse: collapse; color: white; background-color: rgb(117, 40, 94);\"><font size=\"2\">15</font></td><td align=\"center\" title=\"+7\" style=\"margin: 0px; padding: 0px; border: 1px solid rgb(215, 227, 245); border-collapse: collapse;\"><font size=\"2\">32-25</font></td><td class=\"NOPCol\" style=\"margin: 0px; padding: 0px; border: 1px solid rgb(215, 227, 245); border-collapse: collapse; color: white; background-color: rgb(117, 40, 94);\"><font size=\"2\">33</font></td></tr><tr class=\"alt\" align=\"right\" style=\"margin: 0px; padding: 0px; height: 20px; font-family: Arial, Helvetica, sans-serif, Verdana, Geneva; background-color: rgb(255, 255, 255);\"><td class=\"Normal\" style=\"margin: 0px; padding: 0px; border: 1px solid rgb(215, 227, 245); border-collapse: collapse;\"><font size=\"2\">8</font></td><td align=\"left\" style=\"margin: 0px; padding: 0px; border: 1px solid rgb(215, 227, 245); border-collapse: collapse; background-color: rgb(240, 240, 240);\"><font size=\"2\">&nbsp;Liverpool</font></td><td class=\"NOPColAlt\" style=\"margin: 0px; padding: 0px; border: 1px solid rgb(215, 227, 245); border-collapse: collapse; color: white; background-color: rgb(158, 69, 131);\"><font size=\"2\">21</font></td><td style=\"margin: 0px; padding: 0px; border: 1px solid rgb(215, 227, 245); border-collapse: collapse; background-color: rgb(240, 240, 240);\"><font size=\"2\">4</font></td><td style=\"margin: 0px; padding: 0px; border: 1px solid rgb(215, 227, 245); border-collapse: collapse; background-color: rgb(240, 240, 240);\"><font size=\"2\">5</font></td><td style=\"margin: 0px; padding: 0px; border: 1px solid rgb(215, 227, 245); border-collapse: collapse; background-color: rgb(240, 240, 240);\"><font size=\"2\">2</font></td><td style=\"margin: 0px; padding: 0px; border: 1px solid rgb(215, 227, 245); border-collapse: collapse; background-color: rgb(240, 240, 240);\"><font size=\"2\">15</font></td><td style=\"margin: 0px; padding: 0px; border: 1px solid rgb(215, 227, 245); border-collapse: collapse; background-color: rgb(240, 240, 240);\"><font size=\"2\">11</font></td><td class=\"NOPColAlt\" style=\"margin: 0px; padding: 0px; border: 1px solid rgb(215, 227, 245); border-collapse: collapse; color: white; background-color: rgb(158, 69, 131);\"><font size=\"2\">5</font></td><td class=\"NOPColAlt\" style=\"margin: 0px; padding: 0px; border: 1px solid rgb(215, 227, 245); border-collapse: collapse; color: white; background-color: rgb(158, 69, 131);\"><font size=\"2\">0</font></td><td class=\"NOPColAlt\" style=\"margin: 0px; padding: 0px; border: 1px solid rgb(215, 227, 245); border-collapse: collapse; color: white; background-color: rgb(158, 69, 131);\"><font size=\"2\">5</font></td><td class=\"NOPColAlt\" style=\"margin: 0px; padding: 0px; border: 1px solid rgb(215, 227, 245); border-collapse: collapse; color: white; background-color: rgb(158, 69, 131);\"><font size=\"2\">14</font></td><td class=\"NOPColAlt\" style=\"margin: 0px; padding: 0px; border: 1px solid rgb(215, 227, 245); border-collapse: collapse; color: white; background-color: rgb(158, 69, 131);\"><font size=\"2\">16</font></td><td align=\"center\" title=\"+2\" style=\"margin: 0px; padding: 0px; border: 1px solid rgb(215, 227, 245); border-collapse: collapse; background-color: rgb(240, 240, 240);\"><font size=\"2\">29-27</font></td><td class=\"NOPColAlt\" style=\"margin: 0px; padding: 0px; border: 1px solid rgb(215, 227, 245); border-collapse: collapse; color: white; background-color: rgb(158, 69, 131);\"><font size=\"2\">32</font></td></tr><tr align=\"right\" style=\"margin: 0px; padding: 0px; height: 20px; font-family: Arial, Helvetica, sans-serif, Verdana, Geneva; background-color: rgb(255, 255, 255);\"><td class=\"Normal\" style=\"margin: 0px; padding: 0px; border: 1px solid rgb(215, 227, 245); border-collapse: collapse;\"><font size=\"2\">9</font></td><td align=\"left\" style=\"margin: 0px; padding: 0px; border: 1px solid rgb(215, 227, 245); border-collapse: collapse;\"><font size=\"2\">&nbsp;Swansea</font></td><td class=\"NOPCol\" style=\"margin: 0px; padding: 0px; border: 1px solid rgb(215, 227, 245); border-collapse: collapse; color: white; background-color: rgb(117, 40, 94);\"><font size=\"2\">21</font></td><td style=\"margin: 0px; padding: 0px; border: 1px solid rgb(215, 227, 245); border-collapse: collapse;\"><font size=\"2\">6</font></td><td style=\"margin: 0px; padding: 0px; border: 1px solid rgb(215, 227, 245); border-collapse: collapse;\"><font size=\"2\">3</font></td><td style=\"margin: 0px; padding: 0px; border: 1px solid rgb(215, 227, 245); border-collapse: collapse;\"><font size=\"2\">2</font></td><td style=\"margin: 0px; padding: 0px; border: 1px solid rgb(215, 227, 245); border-collapse: collapse;\"><font size=\"2\">16</font></td><td style=\"margin: 0px; padding: 0px; border: 1px solid rgb(215, 227, 245); border-collapse: collapse;\"><font size=\"2\">8</font></td><td class=\"NOPCol\" style=\"margin: 0px; padding: 0px; border: 1px solid rgb(215, 227, 245); border-collapse: collapse; color: white; background-color: rgb(117, 40, 94);\"><font size=\"2\">2</font></td><td class=\"NOPCol\" style=\"margin: 0px; padding: 0px; border: 1px solid rgb(215, 227, 245); border-collapse: collapse; color: white; background-color: rgb(117, 40, 94);\"><font size=\"2\">3</font></td><td class=\"NOPCol\" style=\"margin: 0px; padding: 0px; border: 1px solid rgb(215, 227, 245); border-collapse: collapse; color: white; background-color: rgb(117, 40, 94);\"><font size=\"2\">5</font></td><td class=\"NOPCol\" style=\"margin: 0px; padding: 0px; border: 1px solid rgb(215, 227, 245); border-collapse: collapse; color: white; background-color: rgb(117, 40, 94);\"><font size=\"2\">10</font></td><td class=\"NOPCol\" style=\"margin: 0px; padding: 0px; border: 1px solid rgb(215, 227, 245); border-collapse: collapse; color: white; background-color: rgb(117, 40, 94);\"><font size=\"2\">17</font></td><td align=\"center\" title=\"+1\" style=\"margin: 0px; padding: 0px; border: 1px solid rgb(215, 227, 245); border-collapse: collapse;\"><font size=\"2\">26-25</font></td><td class=\"NOPCol\" style=\"margin: 0px; padding: 0px; border: 1px solid rgb(215, 227, 245); border-collapse: collapse; color: white; background-color: rgb(117, 40, 94);\"><font size=\"2\">30</font></td></tr><tr class=\"alt\" align=\"right\" style=\"margin: 0px; padding: 0px; height: 20px; font-family: Arial, Helvetica, sans-serif, Verdana, Geneva; background-color: rgb(255, 255, 255);\"><td class=\"Normal\" style=\"margin: 0px; padding: 0px; border: 1px solid rgb(215, 227, 245); border-collapse: collapse;\"><font size=\"2\">10</font></td><td align=\"left\" style=\"margin: 0px; padding: 0px; border: 1px solid rgb(215, 227, 245); border-collapse: collapse; background-color: rgb(240, 240, 240);\"><font size=\"2\">&nbsp;Newcastle</font></td><td class=\"NOPColAlt\" style=\"margin: 0px; padding: 0px; border: 1px solid rgb(215, 227, 245); border-collapse: collapse; color: white; background-color: rgb(158, 69, 131);\"><font size=\"2\">21</font></td><td style=\"margin: 0px; padding: 0px; border: 1px solid rgb(215, 227, 245); border-collapse: collapse; background-color: rgb(240, 240, 240);\"><font size=\"2\">5</font></td><td style=\"margin: 0px; padding: 0px; border: 1px solid rgb(215, 227, 245); border-collapse: collapse; background-color: rgb(240, 240, 240);\"><font size=\"2\">3</font></td><td style=\"margin: 0px; padding: 0px; border: 1px solid rgb(215, 227, 245); border-collapse: collapse; background-color: rgb(240, 240, 240);\"><font size=\"2\">2</font></td><td style=\"margin: 0px; padding: 0px; border: 1px solid rgb(215, 227, 245); border-collapse: collapse; background-color: rgb(240, 240, 240);\"><font size=\"2\">16</font></td><td style=\"margin: 0px; padding: 0px; border: 1px solid rgb(215, 227, 245); border-collapse: collapse; background-color: rgb(240, 240, 240);\"><font size=\"2\">14</font></td><td class=\"NOPColAlt\" style=\"margin: 0px; padding: 0px; border: 1px solid rgb(215, 227, 245); border-collapse: collapse; color: white; background-color: rgb(158, 69, 131);\"><font size=\"2\">2</font></td><td class=\"NOPColAlt\" style=\"margin: 0px; padding: 0px; border: 1px solid rgb(215, 227, 245); border-collapse: collapse; color: white; background-color: rgb(158, 69, 131);\"><font size=\"2\">3</font></td><td class=\"NOPColAlt\" style=\"margin: 0px; padding: 0px; border: 1px solid rgb(215, 227, 245); border-collapse: collapse; color: white; background-color: rgb(158, 69, 131);\"><font size=\"2\">6</font></td><td class=\"NOPColAlt\" style=\"margin: 0px; padding: 0px; border: 1px solid rgb(215, 227, 245); border-collapse: collapse; color: white; background-color: rgb(158, 69, 131);\"><font size=\"2\">9</font></td><td class=\"NOPColAlt\" style=\"margin: 0px; padding: 0px; border: 1px solid rgb(215, 227, 245); border-collapse: collapse; color: white; background-color: rgb(158, 69, 131);\"><font size=\"2\">19</font></td><td align=\"center\" title=\"-8\" style=\"margin: 0px; padding: 0px; border: 1px solid rgb(215, 227, 245); border-collapse: collapse; background-color: rgb(240, 240, 240);\"><font size=\"2\">25-33</font></td><td class=\"NOPColAlt\" style=\"margin: 0px; padding: 0px; border: 1px solid rgb(215, 227, 245); border-collapse: collapse; color: white; background-color: rgb(158, 69, 131);\"><font size=\"2\">27</font></td></tr><tr align=\"right\" style=\"margin: 0px; padding: 0px; height: 20px; font-family: Arial, Helvetica, sans-serif, Verdana, Geneva; background-color: rgb(255, 255, 255);\"><td class=\"Normal\" style=\"margin: 0px; padding: 0px; border: 1px solid rgb(215, 227, 245); border-collapse: collapse;\"><font size=\"2\">11</font></td><td align=\"left\" style=\"margin: 0px; padding: 0px; border: 1px solid rgb(215, 227, 245); border-collapse: collapse;\"><font size=\"2\">&nbsp;Stoke City</font></td><td class=\"NOPCol\" style=\"margin: 0px; padding: 0px; border: 1px solid rgb(215, 227, 245); border-collapse: collapse; color: white; background-color: rgb(117, 40, 94);\"><font size=\"2\">21</font></td><td style=\"margin: 0px; padding: 0px; border: 1px solid rgb(215, 227, 245); border-collapse: collapse;\"><font size=\"2\">4</font></td><td style=\"margin: 0px; padding: 0px; border: 1px solid rgb(215, 227, 245); border-collapse: collapse;\"><font size=\"2\">2</font></td><td style=\"margin: 0px; padding: 0px; border: 1px solid rgb(215, 227, 245); border-collapse: collapse;\"><font size=\"2\">4</font></td><td style=\"margin: 0px; padding: 0px; border: 1px solid rgb(215, 227, 245); border-collapse: collapse;\"><font size=\"2\">12</font></td><td style=\"margin: 0px; padding: 0px; border: 1px solid rgb(215, 227, 245); border-collapse: collapse;\"><font size=\"2\">12</font></td><td class=\"NOPCol\" style=\"margin: 0px; padding: 0px; border: 1px solid rgb(215, 227, 245); border-collapse: collapse; color: white; background-color: rgb(117, 40, 94);\"><font size=\"2\">3</font></td><td class=\"NOPCol\" style=\"margin: 0px; padding: 0px; border: 1px solid rgb(215, 227, 245); border-collapse: collapse; color: white; background-color: rgb(117, 40, 94);\"><font size=\"2\">3</font></td><td class=\"NOPCol\" style=\"margin: 0px; padding: 0px; border: 1px solid rgb(215, 227, 245); border-collapse: collapse; color: white; background-color: rgb(117, 40, 94);\"><font size=\"2\">5</font></td><td class=\"NOPCol\" style=\"margin: 0px; padding: 0px; border: 1px solid rgb(215, 227, 245); border-collapse: collapse; color: white; background-color: rgb(117, 40, 94);\"><font size=\"2\">10</font></td><td class=\"NOPCol\" style=\"margin: 0px; padding: 0px; border: 1px solid rgb(215, 227, 245); border-collapse: collapse; color: white; background-color: rgb(117, 40, 94);\"><font size=\"2\">15</font></td><td align=\"center\" title=\"-5\" style=\"margin: 0px; padding: 0px; border: 1px solid rgb(215, 227, 245); border-collapse: collapse;\"><font size=\"2\">22-27</font></td><td class=\"NOPCol\" style=\"margin: 0px; padding: 0px; border: 1px solid rgb(215, 227, 245); border-collapse: collapse; color: white; background-color: rgb(117, 40, 94);\"><font size=\"2\">26</font></td></tr><tr class=\"alt\" align=\"right\" style=\"margin: 0px; padding: 0px; height: 20px; font-family: Arial, Helvetica, sans-serif, Verdana, Geneva; background-color: rgb(255, 255, 255);\"><td class=\"Normal\" style=\"margin: 0px; padding: 0px; border: 1px solid rgb(215, 227, 245); border-collapse: collapse;\"><font size=\"2\">12</font></td><td align=\"left\" style=\"margin: 0px; padding: 0px; border: 1px solid rgb(215, 227, 245); border-collapse: collapse; background-color: rgb(240, 240, 240);\"><font size=\"2\">&nbsp;Everton</font></td><td class=\"NOPColAlt\" style=\"margin: 0px; padding: 0px; border: 1px solid rgb(215, 227, 245); border-collapse: collapse; color: white; background-color: rgb(158, 69, 131);\"><font size=\"2\">21</font></td><td style=\"margin: 0px; padding: 0px; border: 1px solid rgb(215, 227, 245); border-collapse: collapse; background-color: rgb(240, 240, 240);\"><font size=\"2\">3</font></td><td style=\"margin: 0px; padding: 0px; border: 1px solid rgb(215, 227, 245); border-collapse: collapse; background-color: rgb(240, 240, 240);\"><font size=\"2\">4</font></td><td style=\"margin: 0px; padding: 0px; border: 1px solid rgb(215, 227, 245); border-collapse: collapse; background-color: rgb(240, 240, 240);\"><font size=\"2\">3</font></td><td style=\"margin: 0px; padding: 0px; border: 1px solid rgb(215, 227, 245); border-collapse: collapse; background-color: rgb(240, 240, 240);\"><font size=\"2\">17</font></td><td style=\"margin: 0px; padding: 0px; border: 1px solid rgb(215, 227, 245); border-collapse: collapse; background-color: rgb(240, 240, 240);\"><font size=\"2\">16</font></td><td class=\"NOPColAlt\" style=\"margin: 0px; padding: 0px; border: 1px solid rgb(215, 227, 245); border-collapse: collapse; color: white; background-color: rgb(158, 69, 131);\"><font size=\"2\">2</font></td><td class=\"NOPColAlt\" style=\"margin: 0px; padding: 0px; border: 1px solid rgb(215, 227, 245); border-collapse: collapse; color: white; background-color: rgb(158, 69, 131);\"><font size=\"2\">3</font></td><td class=\"NOPColAlt\" style=\"margin: 0px; padding: 0px; border: 1px solid rgb(215, 227, 245); border-collapse: collapse; color: white; background-color: rgb(158, 69, 131);\"><font size=\"2\">6</font></td><td class=\"NOPColAlt\" style=\"margin: 0px; padding: 0px; border: 1px solid rgb(215, 227, 245); border-collapse: collapse; color: white; background-color: rgb(158, 69, 131);\"><font size=\"2\">13</font></td><td class=\"NOPColAlt\" style=\"margin: 0px; padding: 0px; border: 1px solid rgb(215, 227, 245); border-collapse: collapse; color: white; background-color: rgb(158, 69, 131);\"><font size=\"2\">18</font></td><td align=\"center\" title=\"-4\" style=\"margin: 0px; padding: 0px; border: 1px solid rgb(215, 227, 245); border-collapse: collapse; background-color: rgb(240, 240, 240);\"><font size=\"2\">30-34</font></td><td class=\"NOPColAlt\" style=\"margin: 0px; padding: 0px; border: 1px solid rgb(215, 227, 245); border-collapse: collapse; color: white; background-color: rgb(158, 69, 131);\"><font size=\"2\">22</font></td></tr><tr align=\"right\" style=\"margin: 0px; padding: 0px; height: 20px; font-family: Arial, Helvetica, sans-serif, Verdana, Geneva; background-color: rgb(255, 255, 255);\"><td class=\"Normal\" style=\"margin: 0px; padding: 0px; border: 1px solid rgb(215, 227, 245); border-collapse: collapse;\"><font size=\"2\">13</font></td><td align=\"left\" style=\"margin: 0px; padding: 0px; border: 1px solid rgb(215, 227, 245); border-collapse: collapse;\"><font size=\"2\">&nbsp;Aston Villa</font></td><td class=\"NOPCol\" style=\"margin: 0px; padding: 0px; border: 1px solid rgb(215, 227, 245); border-collapse: collapse; color: white; background-color: rgb(117, 40, 94);\"><font size=\"2\">21</font></td><td style=\"margin: 0px; padding: 0px; border: 1px solid rgb(215, 227, 245); border-collapse: collapse;\"><font size=\"2\">2</font></td><td style=\"margin: 0px; padding: 0px; border: 1px solid rgb(215, 227, 245); border-collapse: collapse;\"><font size=\"2\">5</font></td><td style=\"margin: 0px; padding: 0px; border: 1px solid rgb(215, 227, 245); border-collapse: collapse;\"><font size=\"2\">3</font></td><td style=\"margin: 0px; padding: 0px; border: 1px solid rgb(215, 227, 245); border-collapse: collapse;\"><font size=\"2\">7</font></td><td style=\"margin: 0px; padding: 0px; border: 1px solid rgb(215, 227, 245); border-collapse: collapse;\"><font size=\"2\">11</font></td><td class=\"NOPCol\" style=\"margin: 0px; padding: 0px; border: 1px solid rgb(215, 227, 245); border-collapse: collapse; color: white; background-color: rgb(117, 40, 94);\"><font size=\"2\">3</font></td><td class=\"NOPCol\" style=\"margin: 0px; padding: 0px; border: 1px solid rgb(215, 227, 245); border-collapse: collapse; color: white; background-color: rgb(117, 40, 94);\"><font size=\"2\">2</font></td><td class=\"NOPCol\" style=\"margin: 0px; padding: 0px; border: 1px solid rgb(215, 227, 245); border-collapse: collapse; color: white; background-color: rgb(117, 40, 94);\"><font size=\"2\">6</font></td><td class=\"NOPCol\" style=\"margin: 0px; padding: 0px; border: 1px solid rgb(215, 227, 245); border-collapse: collapse; color: white; background-color: rgb(117, 40, 94);\"><font size=\"2\">4</font></td><td class=\"NOPCol\" style=\"margin: 0px; padding: 0px; border: 1px solid rgb(215, 227, 245); border-collapse: collapse; color: white; background-color: rgb(117, 40, 94);\"><font size=\"2\">12</font></td><td align=\"center\" title=\"-12\" style=\"margin: 0px; padding: 0px; border: 1px solid rgb(215, 227, 245); border-collapse: collapse;\"><font size=\"2\">11-23</font></td><td class=\"NOPCol\" style=\"margin: 0px; padding: 0px; border: 1px solid rgb(215, 227, 245); border-collapse: collapse; color: white; background-color: rgb(117, 40, 94);\"><font size=\"2\">22</font></td></tr><tr class=\"alt\" align=\"right\" style=\"margin: 0px; padding: 0px; height: 20px; font-family: Arial, Helvetica, sans-serif, Verdana, Geneva; background-color: rgb(255, 255, 255);\"><td class=\"Normal\" style=\"margin: 0px; padding: 0px; border: 1px solid rgb(215, 227, 245); border-collapse: collapse;\"><font size=\"2\">14</font></td><td align=\"left\" style=\"margin: 0px; padding: 0px; border: 1px solid rgb(215, 227, 245); border-collapse: collapse; background-color: rgb(240, 240, 240);\"><font size=\"2\">&nbsp;West Brom</font></td><td class=\"NOPColAlt\" style=\"margin: 0px; padding: 0px; border: 1px solid rgb(215, 227, 245); border-collapse: collapse; color: white; background-color: rgb(158, 69, 131);\"><font size=\"2\">21</font></td><td style=\"margin: 0px; padding: 0px; border: 1px solid rgb(215, 227, 245); border-collapse: collapse; background-color: rgb(240, 240, 240);\"><font size=\"2\">3</font></td><td style=\"margin: 0px; padding: 0px; border: 1px solid rgb(215, 227, 245); border-collapse: collapse; background-color: rgb(240, 240, 240);\"><font size=\"2\">3</font></td><td style=\"margin: 0px; padding: 0px; border: 1px solid rgb(215, 227, 245); border-collapse: collapse; background-color: rgb(240, 240, 240);\"><font size=\"2\">5</font></td><td style=\"margin: 0px; padding: 0px; border: 1px solid rgb(215, 227, 245); border-collapse: collapse; background-color: rgb(240, 240, 240);\"><font size=\"2\">14</font></td><td style=\"margin: 0px; padding: 0px; border: 1px solid rgb(215, 227, 245); border-collapse: collapse; background-color: rgb(240, 240, 240);\"><font size=\"2\">16</font></td><td class=\"NOPColAlt\" style=\"margin: 0px; padding: 0px; border: 1px solid rgb(215, 227, 245); border-collapse: collapse; color: white; background-color: rgb(158, 69, 131);\"><font size=\"2\">2</font></td><td class=\"NOPColAlt\" style=\"margin: 0px; padding: 0px; border: 1px solid rgb(215, 227, 245); border-collapse: collapse; color: white; background-color: rgb(158, 69, 131);\"><font size=\"2\">3</font></td><td class=\"NOPColAlt\" style=\"margin: 0px; padding: 0px; border: 1px solid rgb(215, 227, 245); border-collapse: collapse; color: white; background-color: rgb(158, 69, 131);\"><font size=\"2\">5</font></td><td class=\"NOPColAlt\" style=\"margin: 0px; padding: 0px; border: 1px solid rgb(215, 227, 245); border-collapse: collapse; color: white; background-color: rgb(158, 69, 131);\"><font size=\"2\">6</font></td><td class=\"NOPColAlt\" style=\"margin: 0px; padding: 0px; border: 1px solid rgb(215, 227, 245); border-collapse: collapse; color: white; background-color: rgb(158, 69, 131);\"><font size=\"2\">13</font></td><td align=\"center\" title=\"-9\" style=\"margin: 0px; padding: 0px; border: 1px solid rgb(215, 227, 245); border-collapse: collapse; background-color: rgb(240, 240, 240);\"><font size=\"2\">20-29</font></td><td class=\"NOPColAlt\" style=\"margin: 0px; padding: 0px; border: 1px solid rgb(215, 227, 245); border-collapse: collapse; color: white; background-color: rgb(158, 69, 131);\"><font size=\"2\">21</font></td></tr><tr align=\"right\" style=\"margin: 0px; padding: 0px; height: 20px; font-family: Arial, Helvetica, sans-serif, Verdana, Geneva; background-color: rgb(255, 255, 255);\"><td class=\"Normal\" style=\"margin: 0px; padding: 0px; border: 1px solid rgb(215, 227, 245); border-collapse: collapse;\"><font size=\"2\">15</font></td><td align=\"left\" style=\"margin: 0px; padding: 0px; border: 1px solid rgb(215, 227, 245); border-collapse: collapse;\"><font size=\"2\">&nbsp;Crystal Palace</font></td><td class=\"NOPCol\" style=\"margin: 0px; padding: 0px; border: 1px solid rgb(215, 227, 245); border-collapse: collapse; color: white; background-color: rgb(117, 40, 94);\"><font size=\"2\">21</font></td><td style=\"margin: 0px; padding: 0px; border: 1px solid rgb(215, 227, 245); border-collapse: collapse;\"><font size=\"2\">3</font></td><td style=\"margin: 0px; padding: 0px; border: 1px solid rgb(215, 227, 245); border-collapse: collapse;\"><font size=\"2\">2</font></td><td style=\"margin: 0px; padding: 0px; border: 1px solid rgb(215, 227, 245); border-collapse: collapse;\"><font size=\"2\">5</font></td><td style=\"margin: 0px; padding: 0px; border: 1px solid rgb(215, 227, 245); border-collapse: collapse;\"><font size=\"2\">12</font></td><td style=\"margin: 0px; padding: 0px; border: 1px solid rgb(215, 227, 245); border-collapse: collapse;\"><font size=\"2\">15</font></td><td class=\"NOPCol\" style=\"margin: 0px; padding: 0px; border: 1px solid rgb(215, 227, 245); border-collapse: collapse; color: white; background-color: rgb(117, 40, 94);\"><font size=\"2\">1</font></td><td class=\"NOPCol\" style=\"margin: 0px; padding: 0px; border: 1px solid rgb(215, 227, 245); border-collapse: collapse; color: white; background-color: rgb(117, 40, 94);\"><font size=\"2\">6</font></td><td class=\"NOPCol\" style=\"margin: 0px; padding: 0px; border: 1px solid rgb(215, 227, 245); border-collapse: collapse; color: white; background-color: rgb(117, 40, 94);\"><font size=\"2\">4</font></td><td class=\"NOPCol\" style=\"margin: 0px; padding: 0px; border: 1px solid rgb(215, 227, 245); border-collapse: collapse; color: white; background-color: rgb(117, 40, 94);\"><font size=\"2\">10</font></td><td class=\"NOPCol\" style=\"margin: 0px; padding: 0px; border: 1px solid rgb(215, 227, 245); border-collapse: collapse; color: white; background-color: rgb(117, 40, 94);\"><font size=\"2\">16</font></td><td align=\"center\" title=\"-9\" style=\"margin: 0px; padding: 0px; border: 1px soli', '2015_01/18/1421515069_13.jpg', '2015-01-17 23:15:27', '2015-01-18 00:18:50');
INSERT INTO `tbl_crawl_content` VALUES ('15', 'Arsenal n tn binh u tin', 'arsenal-don-tan-binh-dau-tien', '<div class=\'art_content\'>  									<div style=\"text-align: justify;\"><font face=\"arial\" size=\"2\"><br></font></div><div style=\"text-align: justify;\"><font face=\"arial\" size=\"2\">Theo ngun tin t Sky Sports, hm th Hai va qua, i din ca Arsenal  bay sang Ba Lan  m phn vi Legia Warsaw v trng hp ca tin v phng ng Krystian Bielik. Cui cng, h  thnh cng.</font></div><div style=\"text-align: justify;\"><font face=\"arial\" size=\"2\"><br></font></div><div style=\"text-align: center;\"><img src=\"http://cdn16.se.smcloud.net/t/photos/t/367745/arsenal-chce-legioniste_21583881.jpg\" width=\"500\" alt=\"\" align=\"none\"></div><div style=\"text-align: justify;\"><font face=\"arial\" size=\"2\"><br></font></div><div style=\"text-align: justify;\"><font face=\"arial\" size=\"2\">Theo , Arsenal  ng  mc ph chuyn nhng 2 triu bng vi CLB Ba Lan. Trc , Legia Warsaw  t chi li  ngh 1,6 triu bng t pha Pho th, khin h phi trc tip sang Ba Lan  thng tho.</font></div><div style=\"text-align: justify;\"><font face=\"arial\" size=\"2\"><br></font></div><div style=\"text-align: justify;\"><font face=\"arial\" size=\"2\">T Goal cho hay, rt c th, Krystian Bielik s ti London kim tra y t vo ngy th Su ti. Nhng ngi Arsenal hy vng thng v ny c th hon tt trc cuc chin vi Man City vo cui tun ny.</font></div><div style=\"text-align: justify;\"><font face=\"arial\" size=\"2\"><br></font></div><div style=\"text-align: justify;\"><font face=\"arial\" size=\"2\">Krystian Bielik nm nay mi 17 tui nhng  thi u v cng chng chc. S xut hin ca cu th tr ny s b sung cho Arsenal nhng thiu ht  v tr tin v phng ng trong ma gii ny.</font></div><div style=\"text-align: justify;\"><font face=\"arial\" size=\"2\"><br></font></div><div style=\"text-align: justify;\"><font face=\"arial\" size=\"2\">Sau Krystian Bielik, HLV Wenger ang hng ti trung v Virgil van Dijk ca Celtic v Winston Reid ca West Ham. Theo bo gii Anh, trin vng Pho th hon ton thng v Virgil van Dijk kh cao.</font></div><div style=\"text-align: justify;\"><br></div>									  									</div>', '2015_01/18/1421515069_14.jpg', '2015-01-17 23:15:27', '2015-01-18 00:18:50');
INSERT INTO `tbl_crawl_content` VALUES ('16', 'im mt nhng trung v c th cu ri M.U', 'diem-mat-nhung-trung-ve-co-the-', '<div class=\'art_content\'>  									<div style=\"text-align: justify;\"><font face=\"arial\" size=\"2\"><br></font></div><div style=\"text-align: justify;\"><font face=\"arial\" size=\"2\">HLV Van Gaal tng khng nh s tp trung chiu m trung v trong thng 1. Ph Ch tch Man Utd, Ed Woodward cng tuyn b CLB sn sng chi tin nu cn thit. Hy cng im qua nhng cu th c th gip Qu  ci thin sc mnh hng th.</font></div><div style=\"text-align: justify;\"><font face=\"arial\" size=\"2\"><br></font></div><div style=\"text-align: center;\"><img src=\"http://i.dailymail.co.uk/i/pix/2015/01/14/24AFD74300000578-2909619-image-m-7_1421233271760.jpg\" width=\"500\" alt=\"\" align=\"none\"></div><div style=\"text-align: justify;\"><font face=\"arial\" size=\"2\"><br></font></div><div style=\"text-align: justify;\"><font face=\"arial\" size=\"2\"><b>Aymeric Laporte (Athletic Bilbao)</b></font></div><div style=\"text-align: justify;\"><font face=\"arial\" size=\"2\"><br></font></div><div style=\"text-align: justify;\"><font face=\"arial\" size=\"2\">Trung bnh mi trn u  La Liga, Laporte tc bng thnh cng 3,9 ln.  l con s kh n tng. Trc y, cu HLV Bilbao, Marcelo Bielsa tng ngi ca Laporte l ti nng tr xut chng. M.U cng rt kt trung v tr ny nhng vn ,  s hu Laporte, h phi chi ti 32 triu bng  ph v hp ng. Mt thch thc khng nh cho Qu .</font></div><div style=\"text-align: justify;\"><font face=\"arial\" size=\"2\"><br></font></div><div style=\"text-align: justify;\"><font face=\"arial\" size=\"2\"><b>Joao Miranda (Atletico Madrid)</b></font></div><div style=\"text-align: justify;\"><font face=\"arial\" size=\"2\"><br></font></div><div style=\"text-align: justify;\"><font face=\"arial\" size=\"2\">S xut hin ca trung v tr Jose Gimenez ang e da v tr ca Miranda  Atletico Madrid. C nhiu ngun tin cho rng CLB thnh Madrid sn sng bn Miranda, ngi  bc sang tui 30, nu nhn c li  ngh hp l, nhm gip Gimenez thng tin. Mc gi gii phng hp ng ca trung v ny vo khong 23 triu bng. S xut hin ca Miranda chc chn s ci thin ng k hng th M.U. iu   c chng minh trong nhng ma gii gn y, khi anh l tm l chn tin cy ca Atletico Madrid.</font></div><div style=\"text-align: justify;\"><font face=\"arial\" size=\"2\"><br></font></div><div style=\"text-align: justify;\"><font face=\"arial\" size=\"2\"><b>Mats Hummels (Borussia Dortmund)</b></font></div><div style=\"text-align: justify;\"><font face=\"arial\" size=\"2\"><br></font></div><div style=\"text-align: justify;\"><font face=\"arial\" size=\"2\">Trong thi gian qua, khng t ln Hummels  ln ting ch bai thnh tch km ci ca Dortmund.  l l do ngi ta tin rng trung v ny sn sng ra i. Theo chuyn gia, mc gi 35 triu bng  khin Dortmund khng th chi t trong v ny.</font></div><div style=\"text-align: justify;\"><font face=\"arial\" size=\"2\"><br></font></div><div style=\"text-align: justify;\"><font face=\"arial\" size=\"2\"><b>Seamus Coleman (Everton)</b></font></div><div style=\"text-align: justify;\"><font face=\"arial\" size=\"2\"><b><br></b></font></div><div style=\"text-align: center;\"><img src=\"http://i.dailymail.co.uk/i/pix/2015/01/14/24AC4B1100000578-2909619-image-a-11_1421233491627.jpg\" width=\"500\" 0alt=\"\" align=\"none\"></div><div style=\"text-align: justify;\"><font face=\"arial\" size=\"2\"><b><br></b></font></div><div style=\"text-align: justify;\"><span style=\"font-family: arial; font-size: small;\">Coleman thi u kh c ng, hp vi vai tr tin v cnh ca Van Gaal trong s  3-5-2.  l l do v sao M.U  dm hi cu th ny trong thi gian qua. Li  ngh 25 triu bng c cho l  sc nng trong v ny.</span></div><div style=\"text-align: justify;\"><font face=\"arial\" size=\"2\"><br></font></div><div style=\"text-align: justify;\"><font face=\"arial\" size=\"2\"><b>Ron Vlaar (Aston Villa)</b></font></div><div style=\"text-align: justify;\"><font face=\"arial\" size=\"2\"><br></font></div><div style=\"text-align: justify;\"><font face=\"arial\" size=\"2\">Ron Vlaar quyt nh khng gia hn hp ng vi Aston Villa (s ht vo cui ma). y l c hi ca M.U. Thm ch, h sn sng chi tin  mua trung v ngi H Lan ngay trong thng 1, thay v ch i n thng 6  n cu th theo dng min ph.</font></div><div style=\"text-align: justify;\"><font face=\"arial\" size=\"2\"><br></font></div><div style=\"text-align: justify;\"><font face=\"arial\" size=\"2\"><b>Nicolas Otamendi (Valencia)</b></font></div><div style=\"text-align: justify;\"><font face=\"arial\" size=\"2\"><br></font></div><div style=\"text-align: justify;\"><font face=\"arial\" size=\"2\">Trung v ngi Argentina thi u cc hay trong mu o Valencia trong ma gii ny. Tuy nhin, mc ph gii phng hp ng ln ti 40 triu bng l thch thc ln i vi M.U.</font></div><div style=\"text-align: justify;\"><br></div>									  									</div>', '2015_01/18/1421515069_15.jpg', '2015-01-17 23:15:27', '2015-01-18 00:18:50');
INSERT INTO `tbl_crawl_content` VALUES ('17', 'V thm st  Paris khin Chelsea tim p chn run', 'vu-tham-sat-o-paris-khien-chelsea-tim-dap-chan-run', '<div class=\'art_content\'>  									<div align=\"justify\">  <p><font size=\"2\" face=\"arial\">V thm st  ta son bo Charlie Hebdo vo hm 7/1 va qua  cp i sinh mng ca 12 ngi v khin 11 ngi b thng. Nhiu ngi gi y l mt v 11-9 ca nc Php, khng phi  s nn nhn m  phng din t tng.  l nht dao m thng vo tri tim ca nn cng ha, vo mt trong nhng gi tr ln nht m ngi Php  to dng l s t do bo ch.</font></p>  <p align=\"center\"><font face=\"arial\"><img border=\"0\" hspace=\"0\" alt=\"\" align=\"baseline\" src=\"http://i.dailymail.co.uk/i/pix/2015/01/15/24924BA200000578-2911213-image-a-34_1421308786841.jpg\" width=\"500\"><br><font color=\"#0000ff\" size=\"2\"><em>Chelsea s thu thm lc lng an ninh trong chuyn ving thm Paris gia thng ti</em></font></font></p>  <p><font size=\"2\" face=\"arial\">V thm st ny  tri qua hn 1 tun nhng d chn ca n vn cn nh hng su rng  Paris ni ring v nc Php ni chung. Thm ch,  Anh, Chelsea cng t r s lo ngi do sp phi hnh qun ti th  Paris.</font></p>  <p><font size=\"2\" face=\"arial\">C th, vo ngy 17/2 ti, thy tr Jose Mourinho s gh thm Parc des Princes tham d trn lt i vng 1/8 Champions League vi PSG. Theo SportMail, do khng yn tm vi cng tc an ninh  th  Paris, Chelsea chc chn s thu thm lc lng an ninh v v s  bo v cc ngi sao ca mnh.</font></p>  <p><font size=\"2\" face=\"arial\">Theo , lc lng an ninh hng hu ny s theo st Chelsea tng nht c, nht ng xung quanh th  Paris. H cng s m bo cho s an ton ca The Blues khi di chuyn ti sn Parc des Princes v ra v.</font></p><font face=\"arial\">  </font><p><font size=\"2\" face=\"arial\">H ni rng mi chuyn  c kim sot. Nhng chng c iu g m bo sau nhng s c ng s nh vy. Bo v cu th l u tin s 1 ca CLB, mt quan chc ca Chelsea chia s trn The Sun.</font></p>  <p><font size=\"2\" face=\"arial\">y l nm th 2 lin tip Chelsea ng PSG  Champions League. Trong chuyn ving thm Paris  ma gii trc, The Blues tng  thua vi t s 1-3 (lt i t kt). Tuy vy,  trn lt v, g nh giu th  London  to nn c ngc dng n tng khi ginh chin thng vi t s 2-0.</font></p></div>									  									</div>', '2015_01/18/1421515069_16.jpg', '2015-01-17 23:15:27', '2015-01-18 00:18:50');
INSERT INTO `tbl_crawl_content` VALUES ('18', 'BN TIN TI 15/1: K tch ca Daley Blind', 'ban-tin-toi-15-1-', '<div class=\'art_content\'>  									<div style=\"text-align: justify;\"><ul><li><font face=\"arial\" size=\"2\"><b>BN TIN CHIU 15/1: M.U phi tr 77 triu cho Strootman</b></font></li></ul></div><div style=\"text-align: justify;\"><font face=\"arial\" size=\"2\"><b>K tch ca Daley Blind. </b>T Mirror cho rng Daley Blind  lp nn k tch khi tr li hng trm nhng email ca ngi hm m trong tun qua. Tin v ngi H Lan  v ang xy dng hnh nh thn thin trong mt CV M.U.</font></div><div style=\"text-align: justify;\"><font face=\"arial\" size=\"2\"><br></font></div><div style=\"text-align: center;\"><img src=\"http://thumbnews-e48.kxcdn.com/picture/normal/20150114_181948/181948_982018_Daley_Blind_MU.jpg\" width=\"500\" alt=\"\" align=\"none\"></div><div style=\"text-align: center;\"><font face=\"arial\" size=\"2\"><br></font></div><div style=\"text-align: justify;\"><font face=\"arial\" size=\"2\"><b>Hai CLB M mun c Chicharito. </b>Theo t Marca, 2 CLB Chicago Fire v Los Angeles Galaxy ang mun chiu m tin o Chicharito. Mi y, Ht u nh tng th l anh khng mun tr v M.U.</font></div><div style=\"text-align: justify;\"><font face=\"arial\" size=\"2\"><br></font></div><div style=\"text-align: justify;\"><font face=\"arial\" size=\"2\"><b>Quc Phng mun nh bi HAGL. </b>Trc bo gii, tin v tr Quc Phng ca Thanh Ha t tin rng i bng ca anh c th kim trn 3 im trong chuyn hnh qun ti sn Pleiku ca HAGL.</font></div><div style=\"text-align: justify;\"><font face=\"arial\" size=\"2\"><br></font></div><div style=\"text-align: justify;\"><font face=\"arial\" size=\"2\"><b>UAE, Iran i tip. </b>Trong lot trn bng C Asian Cup din ra chiu ny, UAE  nh bi Bahrain vi t s 2-1. Trong khi , Iran cng vt qua Qatar vi t s 1-0. Vi kt qu ny, UAE, Iran  dt tay nhau i tip vi cng 6 im sau 2 lt trn.</font></div><div style=\"text-align: justify;\"><font face=\"arial\" size=\"2\"><br></font></div><div style=\"text-align: justify;\"><font face=\"arial\" size=\"2\"><b>Daniel Alves  li Barcelona.</b> Trn t Sport, ngi i din ca Daniel Alves, Dinorah Santa Ana tit l rng thn ch ca ng c th  li Barcelona. Hp ng ca hu v ngi Brazil vi CLB x Catalan ch cn thi hn ti cui ma.</font></div><div style=\"text-align: justify;\"><font face=\"arial\" size=\"2\"><br></font></div><div style=\"text-align: center;\"><img src=\"https://pbs.twimg.com/media/B7UxVFGCYAA3KeP.jpg:large\" width=\"500\" alt=\"\" align=\"none\"></div><div style=\"text-align: justify;\"><font face=\"arial\" size=\"2\"><br></font></div><div style=\"text-align: justify;\"><font face=\"arial\" size=\"2\"><b>AS Roma sp c Ponce.</b> CLB Newell\'s Old Boys xc nhn rng  t c tha thun vi AS Roma v v chuyn nhng ti nng tr Ezequiel Ponce. Tin o 17 tui ny ang c xem l mt trong nhng ti nng tr sng gi nht bng  Argentina.</font></div><div style=\"text-align: justify;\"><font face=\"arial\" size=\"2\"><br></font></div><div style=\"text-align: justify;\"><font face=\"arial\" size=\"2\"><b>Th thnh West Ham mun ln tuyn. </b>Trc bo gii, th thnh Adrian ca West Ham, ngi ang c phong  kh tt  ma gii ny th l rng anh mun c triu tp ln tuyn Ty Ban Nha.</font></div><div style=\"text-align: justify;\"><font face=\"arial\" size=\"2\"><br></font></div><div style=\"text-align: justify;\"><font face=\"arial\" size=\"2\"><b>PSG, Juventus mun c Januzaj.</b> T The Sun a tin hai CLB PSG v Juventus ang ng  mun mn li ti nng tr Januzaj ca M.U. Kh nng cu th ny ra i l kh ln.</font></div><div style=\"text-align: justify;\"><br></div>									  									</div>', '2015_01/18/1421515069_17.jpg', '2015-01-17 23:15:27', '2015-01-18 00:18:50');
INSERT INTO `tbl_crawl_content` VALUES ('19', 'V sao Messi ch c th n M.U?', 'vi-sao-messi-chi-co-the-den-m-u', '<div class=\'art_content\'>  									<div style=\"text-align: justify;\"><font face=\"arial\" size=\"2\"><br></font></div><div style=\"text-align: justify;\"><font face=\"arial\" size=\"2\">Tnh hnh  Barcelona ang v cng ri ren vi nhng rn nt nht nh trong mi quan h gia Messi v Luis Enrique. Trong thi gian qua  xut hin khng t tin n v kh nng ra i ca siu sao ngi Argentina. Thc t, khng hn nhng thng tin trn l v l, khi trong m Gala trao gii Qu bng vng va qua, Messi  bng gi v s ra i. Ch c Cha mi bit c tng lai. Thm ch, mi chuyn c th thay i qua mt m.</font></div><div style=\"text-align: justify;\"><font face=\"arial\" size=\"2\"><br></font></div><div style=\"text-align: center;\"><font face=\"arial\" size=\"2\" color=\"#0000cc\"><i><img src=\"http://media.thethaovanhoa.vn/2015/01/14/00/15/Man-United-se-theo-doi-sat-sao-tinh-hinh-cua-Messi.jpg\" width=\"500\" alt=\"\" align=\"none\"></i></font></div><div style=\"text-align: center;\"><font face=\"arial\" size=\"2\" color=\"#0000cc\"><i>Nu Messi mun ra i...</i></font></div><div style=\"text-align: center;\"><br></div><div style=\"text-align: justify;\"><font face=\"arial\" size=\"2\">Mi y, Sky Andrew, mt trong nhng ngi i din ni ting  nc Anh, khng nh rng c 5 CLB ang theo ui Messi,  l Man City, Chelsea, M.U, Paris Saint-Germain v Real Madrid. Tuy nhin, cng vi  Sky Andrew cng by t mi bn khon v kh nng chiu m Messi.</font></div><div style=\"text-align: justify;\"><font face=\"arial\" size=\"2\"><br></font></div><div style=\"text-align: justify;\"><font face=\"arial\" size=\"2\">Thc t, chng cn nhng chuyn gia kinh t phn tch, nhiu ngi cng thy rng  li ko c Messi ri khi Barcelona, cc CLB s phi chi ra s tin khng nh. Trong , mc ph chuyn nhng ca El Pulga c th ln ti 200 triu bng. Bn cnh  l mc lng 20 triu bng/nm ca cu th ny v nhiu khon ph khc (thu, thng). Ch cn tnh ton s b, nhng i bng mun s hu El Pulga phi chun b khong 500 triu bng cho v ny.</font></div><div style=\"text-align: justify;\"><font face=\"arial\" size=\"2\"><br></font></div><div style=\"text-align: justify;\"><font face=\"arial\" size=\"2\">Tuy nhin, lut Cng bng ti chnh s cn tr ln i vi cc CLB. Do , Stephen Morrow, chuyn gia kinh t ca trng i hc Stirling University khng nh rng ch c M.U v Real Madrid  sc theo v ny.</font></div><div style=\"text-align: justify;\"><font face=\"arial\" size=\"2\"><br></font></div><div style=\"text-align: justify;\"><font face=\"arial\" size=\"2\">ng ni: Bt k CLB no mun chiu m Messi cng phi c doanh thu n nh  i ph vi chi ph khng l t El Pulga. V vy, trong 5 CLB ln, ch c M.U v Real Madrid  sc chiu m Messi. Trong khi , PSG, Man City, Chelsea u ph thuc vo ch s hu bi doanh thu t ti tr, bn quyn truyn hnh ca h cha  sc nng. Trong khi , M.U v Real Madrid  c m hnh kinh doanh n nh, mang li li nhun kinh t cao.</font></div><div style=\"text-align: justify;\"><font face=\"arial\" size=\"2\"><br></font></div><div style=\"text-align: justify;\"><font face=\"arial\" size=\"2\">Bn cnh , Stephen Morrow cng cho rng Real Madrid gn nh khng c c hi chiu m Messi bi mi th vi Barcelona. Bn cnh , chc chn El Pulga cng khng mun bin mnh tr thnh Figo mi, ngi tng lnh trn th ln ca cc CV Barcelona.</font></div><div style=\"text-align: justify;\"><font face=\"arial\" size=\"2\"><br></font></div><div style=\"text-align: justify;\"><font face=\"arial\" size=\"2\">Phn tch chi tit hn v tim lc ca M.U. Trong nm qua, h va k hp ng ti tr vi Adidas ln ti 75 triu bng/nm (trong 10 nm). Cng vi , hp ng ti tr vi Chevrolet cng mang v cho M.U 50 triu bng/nm (trong 5 nm). Ngoi ra, Ph Ch tch Ed Woodward cng tp trung vo pht trin hot ng thng mi ca CLB. Thi gian qua, M.U cng kt k hp ng ti tr vi mt hng du nht ca Nht Bn, mt cng ty sn xut ru vang v mt cng ty sn xut bnh snack. Theo tnh ton, doanh thu t hot ng thng mi ca Qu   tng 24% so vi nm ngoi.</font></div><div style=\"text-align: justify;\"><font face=\"arial\" size=\"2\"><br></font></div><div style=\"text-align: justify;\"><font face=\"arial\" size=\"2\">Ngoi ra, tin bn quyn truyn hnh (ngy mt tng) ca Premier League cng mang li ngun thu ng k cho CLB. Theo chuyn gia Stephen Morrow, vi 659 triu CV trn ton th gii, doanh thu ca M.U s ngy mt phi m.</font></div><div style=\"text-align: justify;\"><font face=\"arial\" size=\"2\"><br></font></div><div style=\"text-align: justify;\"><font face=\"arial\" size=\"2\">Trong khi , cc CLB khc nh Man City, PSG, Chelsea vn loay hoay tm cch i ph vi lut Cng bng ti chnh. u ma gii, hai g nh giu Man City v PSG  b pht v vi phm lut ny. Trong khi , Chelsea cng cng b khon li khng ng k (ch yu do bn cu th).</font></div><div style=\"text-align: justify;\"><font face=\"arial\" size=\"2\"><br></font></div><div style=\"text-align: center;\"><font face=\"arial\" size=\"2\" color=\"#0000cc\"><i><img src=\"http://s.marketwatch.com/public/resources/MWimages/MW-CM812_AW_Man_MG_20140710135851.jpg\" width=\"500\" alt=\"\" align=\"none\"></i></font></div><div style=\"text-align: center;\"><font face=\"arial\" size=\"2\" color=\"#0000cc\"><i>... ch c M.U mi  sc theo v ny</i></font></div><div style=\"text-align: justify;\"><font face=\"arial\" size=\"2\"><br></font></div><div style=\"text-align: justify;\"><font face=\"arial\" size=\"2\">Thc t, theo ngi i din Sky Andrew, cc CLB c th g gm Barcelona thanh ton theo hnh thc tr gp. Th nhng,  thuyt phc Los Blaugrana v hnh thc ny gn nh l nhim v bt kh thi. Thay vo , M.U, vi kh nng tr thng s c li th ln trong v ny.</font></div><div style=\"text-align: justify;\"><font face=\"arial\" size=\"2\"><br></font></div><div style=\"text-align: justify;\"><font face=\"arial\" size=\"2\">Bn cnh , Man City, PSG, Chelsea cng khng th dng tin ca cc ng ch (d vi bt k hnh thc no). Cn nh, sau khi PSG nhn tin chui vi hnh thc qung co o u (nhn 167 triu bng t cng ty Qatar Tourism Authority), h  b pht 20 triu bng v vi phm nguyn tc trong lut Cng bng ti chnh.</font></div><div style=\"text-align: justify;\"><font face=\"arial\" size=\"2\"><br></font></div><div style=\"text-align: justify;\"><font face=\"arial\" size=\"2\">Man City, Chelsea cng ang n lc xy dng mng li thng mi trn ton th gii. Nhng  h pht trin nh M.U hay Real Madrid,  l cu chuyn khng d dng c gii quyt trong mt sm mt chiu.</font></div><div style=\"text-align: justify;\"><font face=\"arial\" size=\"2\"><br></font></div><div style=\"text-align: justify;\"><font face=\"arial\" size=\"2\">Do , vn  lc ny l liu M.U c chp nhn chi ra s tin khng l chiu m Messi?  l cu tr li khng d gii p, nht l khi Qu  cng cha thc s sn sng tham gia vo v ny. Trong qu kh, h khng c thi quen chi ra s tin in r nh vy  mua cu th.</font></div><div style=\"text-align: justify;\"><font face=\"arial\" size=\"2\"><br></font></div><div style=\"text-align: justify;\"><font face=\"arial\" size=\"2\">Tuy nhin, nh Messi ni: Qua mt &nbsp;m, mi chuyn u c th xy ra. Chng bit chng, M.U s to ra chuyn ng tri.</font></div><div style=\"text-align: justify;\"><br></div>									  									</div>', '2015_01/18/1421515069_18.jpg', '2015-01-17 23:15:27', '2015-01-18 00:18:50');
INSERT INTO `tbl_crawl_content` VALUES ('20', 'Wilfried Bony hi ra tin nh iu khon bo b', 'wilfried-bony-', '<div class=\'art_content\'>  									<div style=\"TEXT-ALIGN: justify\"><font size=\"2\" face=\"arial\">C th, c mi ln bc chn ln sn Wilfried Bony s nhn c 20 nghn bng tin thng. Ngoi khon thng hu hnh ny th tuyn th B Bin Ng cn b ti khon lng cng ln n 100 nghn bng/tun, cha k cc khon thng nu ginh c cc danh hiu cng Man City.</font></div>  <div style=\"TEXT-ALIGN: justify\"><font size=\"2\" face=\"arial\"><br></font></div>  <div style=\"TEXT-ALIGN: center\"><font size=\"2\" face=\"arial\"><img alt=\"\" align=\"none\" src=\"http://cdn.caughtoffside.com/wp-content/uploads/2015/01/Wilfried-Bony-Man-City.jpg\" width=\"500\"></font></div>  <div style=\"TEXT-ALIGN: justify\"><font size=\"2\" face=\"arial\"></font></div>  <div style=\"TEXT-ALIGN: justify\"><font size=\"2\" face=\"arial\">Wilfried Bony va chnh thc k H vi thi hn 4,5 nm vi Man City t Swansea.  c c tuyn th B Bin Ng, Man City phi tr ngay cho i bng x Wales 25 triu bng.</font></div>  <div style=\"TEXT-ALIGN: justify\"><font size=\"2\" face=\"arial\"><br></font></div>  <div style=\"TEXT-ALIGN: justify\"><font size=\"2\" face=\"arial\">Theo tha thun gia 2 bn th Man City s phi tr thm cho Swansea 3 triu bng na ty thuc vo thnh tch ca tin o 26 tui ny  sn Etihad.</font></div>  <div style=\"TEXT-ALIGN: justify\"><font size=\"2\" face=\"arial\"><br></font></div>  <div style=\"TEXT-ALIGN: justify\"><font size=\"2\" face=\"arial\">Ti Man City, Wilfried Bony s eo o s 14. Cu tin o Swansea ny s chnh thc khoc o nh KV Premier League sau khi tr v khi kt thc CAN Cup 2015 cng T B Bin Ng.</font></div>  <div style=\"TEXT-ALIGN: justify\"><font size=\"2\" face=\"arial\"><br></font></div>  <div style=\"TEXT-ALIGN: justify\"><font size=\"2\" face=\"arial\">n Wilfried Bony, nhiu kh nng Manuel Pellegrini s y i Jovetic hoc Dzeko ngay ma ng ny.</font></div>									  									</div>', '2015_01/18/1421515069_19.jpg', '2015-01-17 23:15:27', '2015-01-18 00:18:50');
INSERT INTO `tbl_crawl_content` VALUES ('21', 'n n au ing, Pepe gy xng sn', 'an-don-dau-dieng-pepe-gay-xuong-suon', '<div class=\'art_content\'>  									<div align=\"justify\"><font size=\"2\" face=\"arial\">Phi ni rng y l mt trn u ti ca Pepe. Trung v tuyn th B o Nha  chi ti, mc li dn n bn thua u tin ca Real Madrid trc Atletico.<br><br></font><div align=\"center\"><font size=\"2\" face=\"arial\"><img alt=\"\" src=\"http://as.com/diarioas/imagenes/2015/01/15/english/1421356520_699764_1421356622_noticia_grande.jpg\" align=\"none\" width=\"500\"><br><br></font></div><font size=\"2\" face=\"arial\">C th, Pepe  khng th ngn chn Griezmann v  cu th ngi Php ny tung ra ng chuyn gip Torres lp cng.<br><br>Mi chuyn cn ti t hn vi Pepe khi  pht 58 cu th ny  va chm rt mnh vi Ral Garca bn pha Atletico. <br><br>Pepe  vt v nm sn ng thi ku gi tr gip ngay lp tc ri c b phn y t Real Madrid a khi sn trong tnh trng rt au n. Raphael Varane c tung vo sn thay th.<br><br>Theo thng tin t Real Madrid, Pepe c th b gy xn sn v pha va chm rt mnh ni trn.<br><br>HLV Carlo Ancelotti cho bit trong ngy hm nay Pepe s c a i kim tra  xc nh mc  nghim trng chn thng va gp phi.<br><br>Khng t CV Atletico  ci nho Pepe v chng my khi h c chng kin hung thn ngi B o Nha au n n th.<br></font></div>									  									</div>', '2015_01/18/1421515070_0.jpg', '2015-01-17 23:15:27', '2015-01-18 00:18:50');
INSERT INTO `tbl_crawl_content` VALUES ('22', 'Trc vng 19 La Liga: Ly  trong ti?', 'truoc-vong-19-la-liga-lay-do-trong-tui', '<div class=\'art_content\'>  									<div align=\"justify\"><font size=\"2\" face=\"arial\">Mi nh mt ang  dn v nh KV Champions League, Real Madrid. Rt cuc i qun tng khin ton chu u v th gii khip s vi chui 22 trn thng lin tip  khng th lt ngc th trn trc i th cng ca Atletico Madrid.</font><br></div><div align=\"justify\"><font size=\"2\" face=\"arial\"><br>D tung ra sn i hnh mnh nht nhng Real ch may mn kim c 1 trn ha (2-2) trc Atletico trong mt ngy khng phi Cris Ronaldo nh thng l m Torres mi l nhn vt chnh  Bernabeu.<br><br></font><div align=\"center\"><font size=\"2\" face=\"arial\"><img alt=\"\" src=\"http://i.dailymail.co.uk/i/pix/2015/01/15/24BC0D3200000578-2912261-image-a-35_1421356018579.jpg\" align=\"none\" width=\"500\"><br></font></div><font size=\"2\" face=\"arial\"><br>Tin o tng chng ht thi  bt ng chi sng vi c p bin Real tr thnh cu vng  Cp nh Vua (thua vi tng t s 2-4 chung cuc).<br><br>Vy l Real  tri qua trn th 5 lin tip khng th ginh thng li trc knh ch Atletico, trong  c 3 tht bi lin tip (ha 2).<br><br>Tuy nhin s kh xy ra mt cuc khng hong dy chuyn  Real. Bi cui tun ny h ch phi lm khch g hng xm d tnh Getafe, i bng c coi l sn sau ca Kn kn trng.<br><br>Tng t Real Madrid th c Atletico ln Barcelona u khng phi gp nhng tr ngi qu ln  vng 19 ny.<br><br>Trn  hng phn sau khi loi i th ln nht Real, Diego Simeone v cc hc tr s tip n i th ang ng bt BXH Granada. Kh tin i bng ang khng hong khng li thot nh Granada c th lm nn mt c sc trc nh ng kim  qun Champions League.<br><br>Khng may mn c  nh nh Atletico, Barcelona phi lm khch  vng ny tng t Real Madrid. Tuy nhin s khng qu kh cho i bng x Catalan ginh trn im s khi i th ca h ch l Deportivo, i bng ang ngp ln trong cuc chin tr hng.<br><br>nh bi Atletico tm phc khu phc  Liga, vi dp Elche vi tng t s 9-0  tin vo t kt Cp nh Vua, Barca  cho thy nhng rc ri hu trng ca h  b y li.<br><br>Tm im ca vng 19 La Liga l cuc chm trn gia 2 i th cnh tranh v d Cp chu u: Sevilla  Malaga. <br><br>Ngoi ra cuc u gia Valencia v Almeria cng rt c ch . Bi gii m iu ang ch xem Los Che s phn ng th no sau khi b nh bt khi Top 4 La Liga ng thi phi dng bc  Cp nh Vua.<br><br></font><div align=\"center\"><font size=\"2\" face=\"arial\"><b>LCH THI U VNG 19</b><br></font></div><font size=\"2\" face=\"arial\"><br><br></font><table class=\"fx_coming\" width=\"100%\" cellpadding=\"0\" cellspacing=\"0\"><tbody><tr><td title=\"Gi Vit Nam\"><font size=\"2\" face=\"arial\"><span class=\"style39\">17/01 02:45</span></font></td>  										<td class=\"\"><div id=\"fx_41052\" class=\"style11\"><font size=\"2\" face=\"arial\">Cordoba - Eibar</font></div></td>  																	<td><font size=\"2\" face=\"arial\">1.85</font></td>                          										<td><font size=\"2\" face=\"arial\">0:0</font></td>                          										<td><font size=\"2\" face=\"arial\">2.05</font></td>  										<td><font size=\"2\" face=\"arial\"></font></td>  									</tr>  									<tr class=\"alt\">  										<td title=\"Gi Vit Nam\"><font size=\"2\" face=\"arial\">17/01 22:00</font></td>  										<td class=\"\"><font size=\"2\" face=\"arial\"><span class=\"style11\">Real Sociedad - Rayo Vallecano</span></font></td>  																	<td><font size=\"2\" face=\"arial\">1.875</font></td>                          										<td><font size=\"2\" face=\"arial\">0:1/2</font></td>                          										<td><font size=\"2\" face=\"arial\">2.025</font></td>  										<td><font size=\"2\" face=\"arial\"></font></td>  									</tr>  									<tr>  										<td title=\"Gi Vit Nam\"><font size=\"2\" face=\"arial\">18/01 00:00</font></td>  										<td class=\"\"><font size=\"2\" face=\"arial\"><span class=\"style11\">Valencia - Almeria</span></font></td>  																	<td><font size=\"2\" face=\"arial\">2.00</font></td>                          										<td><font size=\"2\" face=\"arial\">0:1 1/2</font></td>                          										<td><font size=\"2\" face=\"arial\">1.90</font></td>  										<td><font size=\"2\" face=\"arial\"></font></td>  									</tr>  									<tr class=\"alt\">  										<td title=\"Gi Vit Nam\"><font size=\"2\" face=\"arial\">18/01 02:00</font></td>  										<td class=\"\"><font size=\"2\" face=\"arial\"><span class=\"style11\">Villarreal - Athletic Bilbao</span></font></td>  																	<td><font size=\"2\" face=\"arial\">1.85</font></td>                          										<td><font size=\"2\" face=\"arial\">0:3/4</font></td>                          										<td><font size=\"2\" face=\"arial\">2.05</font></td>  										<td><font size=\"2\" face=\"arial\"></font></td>  									</tr>  									<tr>  										<td title=\"Gi Vit Nam\"><font size=\"2\" face=\"arial\">18/01 04:00</font></td>  										<td class=\"\"><font size=\"2\" face=\"arial\"><span class=\"style11\">Espanyol - Celta Vigo</span></font></td>  																	<td><font size=\"2\" face=\"arial\">2.00</font></td>                          										<td><font size=\"2\" face=\"arial\">0:0</font></td>                          										<td><font size=\"2\" face=\"arial\">1.90</font></td>  										<td><font size=\"2\" face=\"arial\"></font></td>  									</tr>  									<tr class=\"alt\">  										<td title=\"Gi Vit Nam\"><font size=\"2\" face=\"arial\">18/01 18:00</font></td>  										<td class=\"\"><font size=\"2\" face=\"arial\"><span class=\"style11\">Getafe - Real Madrid</span></font></td>  																	<td><font size=\"2\" face=\"arial\">2.00</font></td>                          										<td><font size=\"2\" face=\"arial\">1 3/4:0</font></td>                          										<td><font size=\"2\" face=\"arial\">1.90</font></td>  										<td><font size=\"2\" face=\"arial\"></font></td>  									</tr>  									<tr>  										<td title=\"Gi Vit Nam\"><font size=\"2\" face=\"arial\">18/01 23:00</font></td>  										<td class=\"\"><font size=\"2\" face=\"arial\"><span class=\"style11\">Atletico Madrid - Granada</span></font></td>  																	<td><font size=\"2\" face=\"arial\">1.85</font></td>                          										<td><font size=\"2\" face=\"arial\">0:1 3/4</font></td>                          										<td><font size=\"2\" face=\"arial\">2.05</font></td>  										<td><font size=\"2\" face=\"arial\"></font></td>  									</tr>  									<tr class=\"alt\">  										<td title=\"Gi Vit Nam\"><font size=\"2\" face=\"arial\">19/01 01:00</font></td>  										<td class=\"\"><font size=\"2\" face=\"arial\"><span class=\"style11\">Deportivo - Barcelona</span></font></td>  																	<td><font size=\"2\" face=\"arial\">2.00</font></td>                          										<td><font size=\"2\" face=\"arial\">2:0</font></td>                          										<td><font size=\"2\" face=\"arial\">1.90</font></td>  										<td><font size=\"2\" face=\"arial\"></font></td>  									</tr>  									<tr>  										<td title=\"Gi Vit Nam\"><font size=\"2\" face=\"arial\">19/01 03:00</font></td>  										<td class=\"\"><font size=\"2\" face=\"arial\"><span class=\"style11\">Sevilla - Malaga</span></font></td>  																	<td><font size=\"2\" face=\"arial\">1.975</font></td>                          										<td><font size=\"2\" face=\"arial\">0:3/4</font></td>                          										<td><font size=\"2\" face=\"arial\">1.925</font></td>  										<td><font size=\"2\" face=\"arial\"></font></td>  									</tr>  									<tr class=\"alt\">  										<td title=\"Gi Vit Nam\"><font size=\"2\" face=\"arial\">19/01 03:00</font></td>  										<td class=\"\"><font size=\"2\" face=\"arial\"><span class=\"style11\">Elche - Levante</span></font></td>  																	<td><font size=\"2\" face=\"arial\">1.875</font></td>                          										<td><font size=\"2\" face=\"arial\">0:1/4</font></td>                          										<td><font size=\"2\" face=\"arial\">2.025</font></td>  										<td><font size=\"2\" face=\"arial\"></font></td></tr></tbody></table></div>    <font size=\"2\" face=\"arial\"><br></font><div align=\"center\"><font size=\"2\" face=\"arial\"><b>BNG XP HNG</b><br><br></font><table width=\"100%\" cellpadding=\"1\" cellspacing=\"0\"><tbody><tr><th colspan=\"3\"><font size=\"2\" face=\"arial\"><br></font></th>  										<th colspan=\"5\" align=\"center\"><font size=\"2\" face=\"arial\">Sn nh</font></th>	  										<th colspan=\"5\" align=\"center\"><font size=\"2\" face=\"arial\">Sn khch</font></th>  										<th colspan=\"2\">  									<font size=\"2\" face=\"arial\"><br></font></th></tr>  									<tr style=\"height:1px;\">  										<td colspan=\"15\" style=\"border-style:none;\"><font size=\"2\" face=\"arial\"><br></font></td>  									</tr>  									<tr class=\"tbl_title\">  										<td width=\"4%\"><font size=\"2\" face=\"arial\"></font></td>  										<td><font size=\"2\" face=\"arial\"></font></td>  										<td title=\"S trn\" width=\"5%\"><font size=\"2\" face=\"arial\">ST</font></td>  										<td title=\"Thng\" width=\"5%\"><font size=\"2\" face=\"arial\">T</font></td>  										<td title=\"Ha\" width=\"5%\"><font size=\"2\" face=\"arial\">H</font></td>  										<td title=\"Bi\" width=\"5%\"><font size=\"2\" face=\"arial\">B</font></td>  										<td title=\"S bn thng\" width=\"5%\"><font size=\"2\" face=\"arial\">Tg</font></td>  										<td title=\"S bn thua\" width=\"5%\"><font size=\"2\" face=\"arial\">Th</font></td>  										<td title=\"Thng\" width=\"5%\"><font size=\"2\" face=\"arial\">T</font></td>  										<td title=\"Ha\" width=\"5%\"><font size=\"2\" face=\"arial\">H</font></td>  										<td title=\"Bi\" width=\"5%\"><font size=\"2\" face=\"arial\">B</font></td>  										<td title=\"S bn thng\" width=\"5%\"><font size=\"2\" face=\"arial\">Tg</font></td>  										<td title=\"S bn thua\" width=\"5%\"><font size=\"2\" face=\"arial\">Th</font></td>  										<td title=\"Hiu s bn thng/thua\" width=\"9%\"><font size=\"2\" face=\"arial\">HS</font></td>  										<td title=\"im\" width=\"5%\"><font size=\"2\" face=\"arial\"></font></td>  									</tr>  				  									<tr align=\"right\">  										<td class=\"C1A\"><font size=\"2\" face=\"arial\">1</font></td>  										<td align=\"left\"><font size=\"2\" face=\"arial\">Real Madrid</font></td>  										<td class=\"NOPCol\"><font size=\"2\" face=\"arial\">17</font></td>  										<td><font size=\"2\" face=\"arial\">7</font></td>  										<td><font size=\"2\" face=\"arial\">0</font></td>  										<td><font size=\"2\" face=\"arial\">1</font></td>  										<td><font size=\"2\" face=\"arial\">27</font></td>  										<td><font size=\"2\" face=\"arial\">5</font></td>  										<td class=\"NOPCol\"><font size=\"2\" face=\"arial\">7</font></td>  										<td class=\"NOPCol\"><font size=\"2\" face=\"arial\">0</font></td>  										<td class=\"NOPCol\"><font size=\"2\" face=\"arial\">2</font></td>  										<td class=\"NOPCol\"><font size=\"2\" face=\"arial\">32</font></td>  										<td class=\"NOPCol\"><font size=\"2\" face=\"arial\">10</font></td>  										<td title=\"+44\" align=\"center\"><font size=\"2\" face=\"arial\">59-15</font></td>  										<td class=\"NOPCol\"><font size=\"2\" face=\"arial\">42</font></td>  									</tr>  					  									<tr class=\"alt\" align=\"right\">  										<td class=\"C1A\"><font size=\"2\" face=\"arial\">2</font></td>  										<td align=\"left\"><font size=\"2\" face=\"arial\">Barcelona</font></td>  										<td class=\"NOPColAlt\"><font size=\"2\" face=\"arial\">18</font></td>  										<td><font size=\"2\" face=\"arial\">8</font></td>  										<td><font size=\"2\" face=\"arial\">0</font></td>  										<td><font size=\"2\" face=\"arial\">1</font></td>  										<td><font size=\"2\" face=\"arial\">32</font></td>  										<td><font size=\"2\" face=\"arial\">4</font></td>  										<td class=\"NOPColAlt\"><font size=\"2\" face=\"arial\">5</font></td>  										<td class=\"NOPColAlt\"><font size=\"2\" face=\"arial\">2</font></td>  										<td class=\"NOPColAlt\"><font size=\"2\" face=\"arial\">2</font></td>  										<td class=\"NOPColAlt\"><font size=\"2\" face=\"arial\">12</font></td>  										<td class=\"NOPColAlt\"><font size=\"2\" face=\"arial\">5</font></td>  										<td title=\"+35\" align=\"center\"><font size=\"2\" face=\"arial\">44-9</font></td>  										<td class=\"NOPColAlt\"><font size=\"2\" face=\"arial\">41</font></td>  									</tr>  					  									<tr align=\"right\">  										<td class=\"C1A\"><font size=\"2\" face=\"arial\">3</font></td>  										<td align=\"left\"><font size=\"2\" face=\"arial\">Atletico Madrid</font></td>  										<td class=\"NOPCol\"><font size=\"2\" face=\"arial\">18</font></td>  										<td><font size=\"2\" face=\"arial\">7</font></td>  										<td><font size=\"2\" face=\"arial\">1</font></td>  										<td><font size=\"2\" face=\"arial\">1</font></td>  										<td><font size=\"2\" face=\"arial\">22</font></td>  										<td><font size=\"2\" face=\"arial\">8</font></td>  										<td class=\"NOPCol\"><font size=\"2\" face=\"arial\">5</font></td>  										<td class=\"NOPCol\"><font size=\"2\" face=\"arial\">1</font></td>  										<td class=\"NOPCol\"><font size=\"2\" face=\"arial\">3</font></td>  										<td class=\"NOPCol\"><font size=\"2\" face=\"arial\">13</font></td>  										<td class=\"NOPCol\"><font size=\"2\" face=\"arial\">10</font></td>  										<td title=\"+17\" align=\"center\"><font size=\"2\" face=\"arial\">35-18</font></td>  										<td class=\"NOPCol\"><font size=\"2\" face=\"arial\">38</font></td>  									</tr>  					  									<tr class=\"alt\" align=\"right\">  										<td class=\"C1B\"><font size=\"2\" face=\"arial\">4</font></td>  										<td align=\"left\"><font size=\"2\" face=\"arial\">Sevilla</font></td>  										<td class=\"NOPColAlt\"><font size=\"2\" face=\"arial\">17</font></td>  										<td><font size=\"2\" face=\"arial\">6</font></td>  										<td><font size=\"2\" face=\"arial\">3</font></td>  										<td><font size=\"2\" face=\"arial\">0</font></td>  										<td><font size=\"2\" face=\"arial\">17</font></td>  										<td><font size=\"2\" face=\"arial\">5</font></td>  										<td class=\"NOPColAlt\"><font size=\"2\" face=\"arial\">5</font></td>  										<td class=\"NOPColAlt\"><font size=\"2\" face=\"arial\">0</font></td>  										<td class=\"NOPColAlt\"><font size=\"2\" face=\"arial\">3</font></td>  										<td class=\"NOPColAlt\"><font size=\"2\" face=\"arial\">11</font></td>  										<td class=\"NOPColAlt\"><font size=\"2\" face=\"arial\">12</font></td>  										<td title=\"+11\" align=\"center\"><font size=\"2\" face=\"arial\">28-17</font></td>  										<td class=\"NOPColAlt\"><font size=\"2\" face=\"arial\">36</font></td>  									</tr>  					  									<tr align=\"right\">  										<td class=\"C3\"><font size=\"2\" face=\"arial\">5</font></td>  										<td align=\"left\"><font size=\"2\" face=\"arial\">Valencia</font></td>  										<td class=\"NOPCol\"><font size=\"2\" face=\"arial\">18</font></td>  										<td><font size=\"2\" face=\"arial\">7</font></td>  										<td><font size=\"2\" face=\"arial\">1</font></td>  										<td><font size=\"2\" face=\"arial\">1</font></td>  										<td><font size=\"2\" face=\"arial\">20</font></td>  										<td><font size=\"2\" face=\"arial\">5</font></td>  										<td class=\"NOPCol\"><font size=\"2\" face=\"arial\">3</font></td>  										<td class=\"NOPCol\"><font size=\"2\" face=\"arial\">4</font></td>  										<td class=\"NOPCol\"><font size=\"2\" face=\"arial\">2</font></td>  										<td class=\"NOPCol\"><font size=\"2\" face=\"arial\">12</font></td>  										<td class=\"NOPCol\"><font size=\"2\" face=\"arial\">10</font></td>  										<td title=\"+17\" align=\"center\"><font size=\"2\" face=\"arial\">32-15</font></td>  										<td class=\"NOPCol\"><font size=\"2\" face=\"arial\">35</font></td>  									</tr>  					  									<tr class=\"alt\" align=\"right\">  										<td class=\"C3\"><font size=\"2\" face=\"arial\">6</font></td>  										<td align=\"left\"><font size=\"2\" face=\"arial\">Villarreal</font></td>  										<td class=\"NOPColAlt\"><font size=\"2\" face=\"arial\">18</font></td>  										<td><font size=\"2\" face=\"arial\">5</font></td>  										<td><font size=\"2\" face=\"arial\">0</font></td>  										<td><font size=\"2\" face=\"arial\">3</font></td>  										<td><font size=\"2\" face=\"arial\">16</font></td>  										<td><font size=\"2\" face=\"arial\">9</font></td>  										<td class=\"NOPColAlt\"><font size=\"2\" face=\"arial\">4</font></td>  										<td class=\"NOPColAlt\"><font size=\"2\" face=\"arial\">5</font></td>  										<td class=\"NOPColAlt\"><font size=\"2\" face=\"arial\">1</font></td>  										<td class=\"NOPColAlt\"><font size=\"2\" face=\"arial\">14</font></td>  										<td class=\"NOPColAlt\"><font size=\"2\" face=\"arial\">8</font></td>  										<td title=\"+13\" align=\"center\"><font size=\"2\" face=\"arial\">30-17</font></td>  										<td class=\"NOPColAlt\"><font size=\"2\" face=\"arial\">32</font></td>  									</tr>  					  									<tr align=\"right\">  										<td class=\"Normal\"><font size=\"2\" face=\"arial\">7</font></td>  										<td align=\"left\"><font size=\"2\" face=\"arial\">Malaga</font></td>  										<td class=\"NOPCol\"><font size=\"2\" face=\"arial\">18</font></td>  										<td><font size=\"2\" face=\"arial\">5</font></td>  										<td><font size=\"2\" face=\"arial\">3</font></td>  										<td><font size=\"2\" face=\"arial\">2</font></td>  										<td><font size=\"2\" face=\"arial\">13</font></td>  										<td><font size=\"2\" face=\"arial\">7</font></td>  										<td class=\"NOPCol\"><font size=\"2\" face=\"arial\">4</font></td>  										<td class=\"NOPCol\"><font size=\"2\" face=\"arial\">1</font></td>  										<td class=\"NOPCol\"><font size=\"2\" face=\"arial\">3</font></td>  										<td class=\"NOPCol\"><font size=\"2\" face=\"arial\">9</font></td>  										<td class=\"NOPCol\"><font size=\"2\" face=\"arial\">11</font></td>  										<td title=\"+4\" align=\"center\"><font size=\"2\" face=\"arial\">22-18</font></td>  										<td class=\"NOPCol\"><font size=\"2\" face=\"arial\">31</font></td>  									</tr>  					  									<tr class=\"alt\" align=\"right\">  										<td class=\"Normal\"><font size=\"2\" face=\"arial\">8</font></td>  										<td align=\"left\"><font size=\"2\" face=\"arial\">Eibar</font></td>  										<td class=\"NOPColAlt\"><font size=\"2\" face=\"arial\">18</font></td>  										<td><font size=\"2\" face=\"arial\">3</font></td>  										<td><font size=\"2\" face=\"arial\">3</font></td>  										<td><font size=\"2\" face=\"arial\">3</font></td>  										<td><font size=\"2\" face=\"arial\">13</font></td>  										<td><font size=\"2\" face=\"arial\">14</font></td>  										<td class=\"NOPColAlt\"><font size=\"2\" face=\"arial\">4</font></td>  										<td class=\"NOPColAlt\"><font size=\"2\" face=\"arial\">2</font></td>  										<td class=\"NOPColAlt\"><font size=\"2\" face=\"arial\">3</font></td>  										<td class=\"NOPColAlt\"><font size=\"2\" face=\"arial\">10</font></td>  										<td class=\"NOPColAlt\"><font size=\"2\" face=\"arial\">10</font></td>  										<td title=\"-1\" align=\"center\"><font size=\"2\" face=\"arial\">23-24</font></td>  										<td class=\"NOPColAlt\"><font size=\"2\" face=\"arial\">26</font></td>  									</tr>  					  									<tr align=\"right\">  										<td class=\"Normal\"><font size=\"2\" face=\"arial\">9</font></td>  										<td align=\"left\"><font size=\"2\" face=\"arial\">Celta Vigo</font></td>  										<td class=\"NOPCol\"><font size=\"2\" face=\"arial\">18</font></td>  										<td><font size=\"2\" face=\"arial\">3</font></td>  										<td><font size=\"2\" face=\"arial\">3</font></td>  										<td><font size=\"2\" face=\"arial\">3</font></td>  										<td><font size=\"2\" face=\"arial\">12</font></td>  										<td><font size=\"2\" face=\"arial\">10</font></td>  										<td class=\"NOPCol\"><font size=\"2\" face=\"arial\">2</font></td>  										<td class=\"NOPCol\"><font size=\"2\" face=\"arial\">3</font></td>  										<td class=\"NOPCol\"><font size=\"2\" face=\"arial\">4</font></td>  										<td class=\"NOPCol\"><font size=\"2\" face=\"arial\">6</font></td>  										<td class=\"NOPCol\"><font size=\"2\" face=\"arial\">10</font></td>  										<td title=\"-2\" align=\"center\"><font size=\"2\" face=\"arial\">18-20</font></td>  										<td class=\"NOPCol\"><font size=\"2\" face=\"arial\">21</font></td>  									</tr>  					  									<tr class=\"alt\" align=\"right\">  										<td class=\"Normal\"><font size=\"2\" face=\"arial\">10</font></td>  										<td align=\"left\"><font size=\"2\" face=\"arial\">Espanyol</font></td>  										<td class=\"NOPColAlt\"><font size=\"2\" face=\"arial\">18</font></td>  										<td><font size=\"2\" face=\"arial\">4</font></td>  										<td><font size=\"2\" face=\"arial\">3</font></td>  										<td><font size=\"2\" face=\"arial\">2</font></td>  										<td><font size=\"2\" face=\"arial\">13</font></td>  										<td><font size=\"2\" face=\"arial\">9</font></td>  										<td class=\"NOPColAlt\"><font size=\"2\" face=\"arial\">1</font></td>  										<td class=\"NOPColAlt\"><font size=\"2\" face=\"arial\">2</font></td>  										<td class=\"NOPColAlt\"><font size=\"2\" face=\"arial\">6</font></td>  										<td class=\"NOPColAlt\"><font size=\"2\" face=\"arial\">8</font></td>  										<td class=\"NOPColAlt\"><font size=\"2\" face=\"arial\">20</font></td>  										<td title=\"-8\" align=\"center\"><font size=\"2\" face=\"arial\">21-29</font></td>  										<td class=\"NOPColAlt\"><font size=\"2\" face=\"arial\">20</font></td>  									</tr>  					  									<tr align=\"right\">  										<td class=\"Normal\"><font size=\"2\" face=\"arial\">11</font></td>  										<td align=\"left\"><font size=\"2\" face=\"arial\">Rayo Vallecano</font></td>  										<td class=\"NOPCol\"><font size=\"2\" face=\"arial\">18</font></td>  										<td><font size=\"2\" face=\"arial\">2</font></td>  										<td><font size=\"2\" face=\"arial\">1</font></td>  										<td><font size=\"2\" face=\"arial\">6</font></td>  										<td><font size=\"2\" face=\"arial\">8</font></td>  										<td><font size=\"2\" face=\"arial\">14</font></td>  										<td class=\"NOPCol\"><font size=\"2\" face=\"arial\">4</font></td>  										<td class=\"NOPCol\"><font size=\"2\" face=\"arial\">1</font></td>  										<td class=\"NOPCol\"><font size=\"2\" face=\"arial\">4</font></td>  										<td class=\"NOPCol\"><font size=\"2\" face=\"arial\">11</font></td>  										<td class=\"NOPCol\"><font size=\"2\" face=\"arial\">19</font></td>  										<td title=\"-14\" align=\"center\"><font size=\"2\" face=\"arial\">19-33</font></td>  										<td class=\"NOPCol\"><font size=\"2\" face=\"arial\">20</font></td>  									</tr>  					  									<tr class=\"alt\" align=\"right\">  										<td class=\"Normal\"><font size=\"2\" face=\"arial\">12</font></td>  										<td align=\"left\"><font size=\"2\" face=\"arial\">Real Sociedad</font></td>  										<td class=\"NOPColAlt\"><font size=\"2\" face=\"arial\">18</font></td>  										<td><font size=\"2\" face=\"arial\">4</font></td>  										<td><font size=\"2\" face=\"arial\">2</font></td>  										<td><font size=\"2\" face=\"arial\">3</font></td>  										<td><font size=\"2\" face=\"arial\">14</font></td>  										<td><font size=\"2\" face=\"arial\">10</font></td>  										<td class=\"NOPColAlt\"><font size=\"2\" face=\"arial\">0</font></td>  										<td class=\"NOPColAlt\"><font size=\"2\" face=\"arial\">5</font></td>  										<td class=\"NOPColAlt\"><font size=\"2\" face=\"arial\">4</font></td>  										<td class=\"NOPColAlt\"><font size=\"2\" face=\"arial\">5</font></td>  										<td class=\"NOPColAlt\"><font size=\"2\" face=\"arial\">13</font></td>  										<td title=\"-4\" align=\"center\"><font size=\"2\" face=\"arial\">19-23</font></td>  										<td class=\"NOPColAlt\"><font size=\"2\" face=\"arial\">19</font></td>  									</tr>  					  									<tr align=\"right\">  										<td class=\"Normal\"><font size=\"2\" face=\"arial\">13</font></td>  										<td align=\"left\"><font size=\"2\" face=\"arial\">Athletic Bilbao</font></td>  										<td class=\"NOPCol\"><font size=\"2\" face=\"arial\">18</font></td>  										<td><font size=\"2\" face=\"arial\">3</font></td>  										<td><font size=\"2\" face=\"arial\">2</font></td>  										<td><font size=\"2\" face=\"arial\">4</font></td>  										<td><font size=\"2\" face=\"arial\">10</font></td>  										<td><font size=\"2\" face=\"arial\">10</font></td>  										<td class=\"NOPCol\"><font size=\"2\" face=\"arial\">2</font></td>  										<td class=\"NOPCol\"><font size=\"2\" face=\"arial\">2</font></td>  										<td class=\"NOPCol\"><font size=\"2\" face=\"arial\">5</font></td>  										<td class=\"NOPCol\"><font size=\"2\" face=\"arial\">5</font></td>  										<td class=\"NOPCol\"><font size=\"2\" face=\"arial\">13</font></td>  										<td title=\"-8\" align=\"center\"><font size=\"2\" face=\"arial\">15-23</font></td>  										<td class=\"NOPCol\"><font size=\"2\" face=\"arial\">19</font></td>  									</tr>  					  									<tr class=\"alt\" align=\"right\">  										<td class=\"Normal\"><font size=\"2\" face=\"arial\">14</font></td>  										<td align=\"left\"><font size=\"2\" face=\"arial\">Getafe</font></td>  										<td class=\"NOPColAlt\"><font size=\"2\" face=\"arial\">18</font></td>  										<td><font size=\"2\" face=\"arial\">2</font></td>  										<td><font size=\"2\" face=\"arial\">3</font></td>  										<td><font size=\"2\" face=\"arial\">4</font></td>  										<td><font size=\"2\" face=\"arial\">5</font></td>  										<td><font size=\"2\" face=\"arial\">9</font></td>  										<td class=\"NOPColAlt\"><font size=\"2\" face=\"arial\">2</font></td>  										<td class=\"NOPColAlt\"><font size=\"2\" face=\"arial\">2</font></td>  										<td class=\"NOPColAlt\"><font size=\"2\" face=\"arial\">5</font></td>  										<td class=\"NOPColAlt\"><font size=\"2\" face=\"arial\">9</font></td>  										<td class=\"NOPColAlt\"><font size=\"2\" face=\"arial\">15</font></td>  										<td title=\"-10\" align=\"center\"><font size=\"2\" face=\"arial\">14-24</font></td>  										<td class=\"NOPColAlt\"><font size=\"2\" face=\"arial\">17</font></td>  									</tr>  					  									<tr align=\"right\">  										<td class=\"Normal\"><font size=\"2\" face=\"arial\">15</font></td>  										<td align=\"left\"><font size=\"2\" face=\"arial\">Cordoba</font></td>  										<td class=\"NOPCol\"><font size=\"2\" face=\"arial\">18</font></td>  										<td><font size=\"2\" face=\"arial\">1</font></td>  										<td><font size=\"2\" face=\"arial\">5</font></td>  										<td><font size=\"2\" face=\"arial\">3</font></td>  										<td><font size=\"2\" face=\"arial\">6</font></td>  										<td><font size=\"2\" face=\"arial\">9</font></td>  										<td class=\"NOPCol\"><font size=\"2\" face=\"arial\">2</font></td>  										<td class=\"NOPCol\"><font size=\"2\" face=\"arial\">3</font></td>  										<td class=\"NOPCol\"><font size=\"2\" face=\"arial\">4</font></td>  										<td class=\"NOPCol\"><font size=\"2\" face=\"arial\">8</font></td>  										<td class=\"NOPCol\"><font size=\"2\" face=\"arial\">18</font></td>  										<td title=\"-13\" align=\"center\"><font size=\"2\" face=\"arial\">14-27</font></td>  										<td class=\"NOPCol\"><font size=\"2\" face=\"arial\">17</font></td>  									</tr>  					  									<tr class=\"alt\" align=\"right\">  										<td class=\"Normal\"><font size=\"2\" face=\"arial\">16</font></td>  										<td align=\"left\"><font size=\"2\" face=\"arial\">Deportivo</font></td>  										<td class=\"NOPColAlt\"><font size=\"2\" face=\"arial\">18</font></td>  										<td><font size=\"2\" face=\"arial\">3</font></td>  										<td><font size=\"2\" face=\"arial\">2</font></td>  										<td><font size=\"2\" face=\"arial\">4</font></td>  										<td><font size=\"2\" face=\"arial\">10</font></td>  										<td><font size=\"2\" face=\"arial\">14</font></td>  										<td class=\"NOPColAlt\"><font size=\"2\" face=\"arial\">1</font></td>  										<td class=\"NOPColAlt\"><font size=\"2\" face=\"arial\">3</font></td>  										<td class=\"NOPColAlt\"><font size=\"2\" face=\"arial\">5</font></td>  										<td class=\"NOPColAlt\"><font size=\"2\" face=\"arial\">4</font></td>  										<td class=\"NOPColAlt\"><font size=\"2\" face=\"arial\">13</font></td>  										<td title=\"-13\" align=\"center\"><font size=\"2\" face=\"arial\">14-27</font></td>  										<td class=\"NOPColAlt\"><font size=\"2\" face=\"arial\">17</font></td>  									</tr>  					  									<tr align=\"right\">  										<td class=\"Normal\"><font size=\"2\" face=\"arial\">17</font></td>  										<td align=\"left\"><font size=\"2\" face=\"arial\">Almeria</font></td>  										<td class=\"NOPCol\"><font size=\"2\" face=\"arial\">18</font></td>  										<td><font size=\"2\" face=\"arial\">0</font></td>  										<td><font size=\"2\" face=\"arial\">3</font></td>  										<td><font size=\"2\" face=\"arial\">6</font></td>  										<td><font size=\"2\" face=\"arial\">6</font></td>  										<td><font size=\"2\" face=\"arial\">15</font></td>  										<td class=\"NOPCol\"><font size=\"2\" face=\"arial\">4</font></td>  										<td class=\"NOPCol\"><font size=\"2\" face=\"arial\">1</font></td>  										<td class=\"NOPCol\"><font size=\"2\" face=\"arial\">4</font></td>  										<td class=\"NOPCol\"><font size=\"2\" face=\"arial\">9</font></td>  										<td class=\"NOPCol\"><font size=\"2\" face=\"arial\">12</font></td>  										<td title=\"-12\" align=\"center\"><font size=\"2\" face=\"arial\">15-27</font></td>  										<td class=\"NOPCol\"><font size=\"2\" face=\"arial\">16</font></td>  									</tr>  					  									<tr class=\"alt\" align=\"right\">  										<td class=\"Rel\"><font size=\"2\" face=\"arial\">18</font></td>  										<td align=\"left\"><font size=\"2\" face=\"arial\">Levante</font></td>  										<td class=\"NOPColAlt\"><font size=\"2\" face=\"arial\">18</font></td>  										<td><font size=\"2\" face=\"arial\">2</font></td>  										<td><font size=\"2\" face=\"arial\">3</font></td>  										<td><font size=\"2\" face=\"arial\">4</font></td>  										<td><font size=\"2\" face=\"arial\">6</font></td>  										<td><font size=\"2\" face=\"arial\">18</font></td>  										<td class=\"NOPColAlt\"><font size=\"2\" face=\"arial\">1</font></td>  										<td class=\"NOPColAlt\"><font size=\"2\" face=\"arial\">4</font></td>  										<td class=\"NOPColAlt\"><font size=\"2\" face=\"arial\">4</font></td>  										<td class=\"NOPColAlt\"><font size=\"2\" face=\"arial\">7</font></td>  										<td class=\"NOPColAlt\"><font size=\"2\" face=\"arial\">15</font></td>  										<td title=\"-20\" align=\"center\"><font size=\"2\" face=\"arial\">13-33</font></td>  										<td class=\"NOPColAlt\"><font size=\"2\" face=\"arial\">16</font></td>  									</tr>  					  									<tr align=\"right\">  										<td class=\"Rel\"><font size=\"2\" face=\"arial\">19</font></td>  										<td align=\"left\"><font size=\"2\" face=\"arial\">Elche</font></td>  										<td class=\"NOPCol\"><font size=\"2\" face=\"arial\">18</font></td>  										<td><font size=\"2\" face=\"arial\">1</font></td>  										<td><font size=\"2\" face=\"arial\">3</font></td>  										<td><font size=\"2\" face=\"arial\">5</font></td>  										<td><font size=\"2\" face=\"arial\">8</font></td>  										<td><font size=\"2\" face=\"arial\">15</font></td>  										<td class=\"NOPCol\"><font size=\"2\" face=\"arial\">2</font></td>  										<td class=\"NOPCol\"><font size=\"2\" face=\"arial\">2</font></td>  										<td class=\"NOPCol\"><font size=\"2\" face=\"arial\">5</font></td>  										<td class=\"NOPCol\"><font size=\"2\" face=\"arial\">9</font></td>  										<td class=\"NOPCol\"><font size=\"2\" face=\"arial\">20</font></td>  										<td title=\"-18\" align=\"center\"><font size=\"2\" face=\"arial\">17-35</font></td>  										<td class=\"NOPCol\"><font size=\"2\" face=\"arial\">14</font></td>  									</tr>  					  									<tr class=\"alt\" align=\"right\">  										<td class=\"Rel\"><font size=\"2\" face=\"arial\">20</font></td>  										<td align=\"left\"><font size=\"2\" face=\"arial\">Granada</font></td>  										<td class=\"NOPColAlt\"><font size=\"2\" face=\"arial\">18</font></td>  										<td><font size=\"2\" face=\"arial\">1</font></td>  										<td><font size=\"2\" face=\"arial\">5</font></td>  										<td><font size=\"2\" face=\"arial\">3</font></td>  										<td><font size=\"2\" face=\"arial\">5</font></td>  										<td><font size=\"2\" face=\"arial\">10</font></td>  										<td class=\"NOPColAlt\"><font size=\"2\" face=\"arial\">1</font></td>  										<td class=\"NOPColAlt\"><font size=\"2\" face=\"arial\">3</font></td>  										<td class=\"NOPColAlt\"><font size=\"2\" face=\"arial\">5</font></td>  										<td class=\"NOPColAlt\"><font size=\"2\" face=\"arial\">6</font></td>  										<td class=\"NOPColAlt\"><font size=\"2\" face=\"arial\">19</font></td>  										<td title=\"-18\" align=\"center\"><font size=\"2\" face=\"arial\">11-29</font></td>  										<td class=\"NOPColAlt\"><font size=\"2\" face=\"arial\">14</font></td>  									</tr>  					  					<tr>  						<td colspan=\"15\">  							<table class=\"legend\" border=\"0\" width=\"100%\" cellpadding=\"0\" cellspacing=\"0\">  								<tbody><tr class=\"style7\" style=\"padding-right:0px;padding-left:2px;height:15px\">  									<td width=\"13%\"><font size=\"2\" face=\"arial\"><b><span class=\"focus\">ST:</span></b> S trn</font></td>  									<td width=\"10%\"><font size=\"2\" face=\"arial\"><b><span class=\"focus\">T:</span></b> Thng</font></td>  									<td width=\"9%\"><font size=\"2\" face=\"arial\"><b><span class=\"focus\">H:</span></b> Ha</font></td>  									<td width=\"8%\"><font size=\"2\" face=\"arial\"><b><span class=\"focus\">B:</span></b> Bi</font></td>  								  									<td width=\"19%\"><font size=\"2\" face=\"arial\"><b><span class=\"focus\">Tg:</span></b> S bn thng</font></td>  									<td width=\"18%\"><font size=\"2\" face=\"arial\"><b><span class=\"focus\">Th:</span></b> S bn thua</font></td>  									<td width=\"13%\"><font size=\"2\" face=\"arial\"><b><span class=\"focus\">HS:</span></b> Hiu s</font></td>  									<td><font size=\"2\" face=\"arial\"><b><span class=\"focus\">:</span></b> im</font></td></tr></tbody></table></td></tr></tbody></table><font size=\"2\" face=\"arial\"><br></font></div>									  									</div>', '2015_01/18/1421515070_1.jpg', '2015-01-17 23:15:27', '2015-01-18 00:18:50');
INSERT INTO `tbl_crawl_content` VALUES ('23', 'Real Madrid t tha thun mua Marco Reus', 'real-madrid-dat-thoa-thuan-mua-marco-reus', '<div class=\'art_content\'>  									<div align=\"justify\">  <p><font size=\"2\" face=\"arial\">Hm qua (15/1), Gim c iu hnh Hans-Joachim Watzke khng nh Dortmund khng  nng lc gi chn Marco Reus nu tin v ny quyt nh dt o ri Signal Iduna Park. Tuyn b ging nh li u hng   to iu kin thun li  Real Madrid tin gn ngi sao chy cnh ngi c.</font></p>  <p align=\"center\"><font face=\"arial\"><img border=\"0\" hspace=\"0\" alt=\"\" align=\"baseline\" src=\"/images/Article/Upload/150116_095014_216.jpg\" width=\"500\"><br><font color=\"#0000ff\" size=\"2\"><em>Real s c Marco Reus vo cui ma gii ny vi gi 25 triu euro</em></font></font></p>  <p><font size=\"2\" face=\"arial\">C th, theo tit l t t El Confidential, i bng Hong gia  t tha thun s b vi Dortmund v thng v ny. Theo , Marco Reus s cp bn Bernabeu vi mc gi 25 triu euro (gi tr ph v hp ng). Ngi sao ngi c s c hng mc lng gp i  Dortmund (7 triu euro/ma) v s t bt k bn hp ng c thi hn 5 nm vi Kn kn.</font></p>  <p><font size=\"2\" face=\"arial\">Cc iu khon v gi tr hp ng m Real dnh cho Marco Reus c xem l bn sao ca thng v Toni Kroos, cu th m HLV Ancelotti  mua ca Bayern vi gi 25 triu euro hi ma H nm 2014.</font></p>  <p><font size=\"2\" face=\"arial\">Cng theo tit l t El Confidental, vo nhng ngy cui nm 2014, Real Madrid  c i din ti c m phn vi Dortmund. Sau , ch thn Ch tch Florentino Perez ang sang Dusseldorf thuyt phc Marco Reus.  c cho l nguyn nhn khin tin v ngi c quyt nh khng k hp ng mi vi sn Signal Iduna Park.</font></p><font face=\"arial\">  </font><p><font size=\"2\" face=\"arial\">Theo chi tit ca bn hp ng, Marco Reus s cp bn Bernabeu vo cui ma gii nm nay.  c nhiu ngun thng tin quan ngi v vic Reus s khng c sut  chnh trong i hnh Real Madrid v trng v tr vi Cris Ronaldo.</font></p>  <p><font size=\"2\" face=\"arial\">Tuy nhin, theo El Confidental, HLV Carlo Ancelotti  ln k hoch y Cristiano Ronaldo vo v tr trung phong thay Benzema, ng thi nhng Marco Reus sut  chnh bn hnh lang tri.</font></p><p><font size=\"2\" face=\"arial\">Trc khi ng  cp bn Real Madrid, Marco Reus  nhn c li mi t hng lot i gia chu u nh Chelsea, Man City, Man Utd hay PSG. Tuy nhin, ng thi \"i tt n u\"  gip Real thng th trong thng v ny. Hn na, Bernabeu l im n m him c ngi sao no l li t chi.</font></p></div>									  									</div>', '2015_01/18/1421515070_2.jpg', '2015-01-17 23:15:27', '2015-01-18 00:18:50');
INSERT INTO `tbl_crawl_content` VALUES ('24', 'Torres h h trc hin tng him', 'torres-ha-he-truoc-', '<div class=\'art_content\'>  									<div style=\"text-align: justify;\"><font size=\"2\" face=\"arial\">Pht biu sau khi ta sng trong trn lt v vng 16 i Cup Nh vua vi c p bn thng<font color=\"#0000ff\"> </font>vo li Real gip Atletico Madrid i tip vi t s chung cuc 4-2, tin o Fernando Torres t ra v cng phn khch.</font></div><div style=\"text-align: justify;\"><font size=\"2\" face=\"arial\"><br></font></div><div style=\"text-align: center;\"><img src=\"/images/Article/Upload/150116_084923_353.jpg\" width=\"500\" alt=\"\" align=\"none\"></div><div style=\"text-align: center;\"><br></div><div style=\"text-align: justify;\"><font size=\"2\" face=\"arial\">\"Ti rt vui v c phn bt ng khi c hai bn thng u tin trong ln tr li i bng c  ngay ti sn vn ng ti cha tng ghi bn ln no\", Torres ni.</font></div><div style=\"text-align: justify;\"><font size=\"2\" face=\"arial\"><br></font></div><div style=\"text-align: justify;\"><font size=\"2\" face=\"arial\">Ti tht s khng bit ni g hn vo lc ny. Hm nay l mt ngy tuyt vi nht ca ti, ti tht s hnh phc.</font></div><div style=\"text-align: justify;\"><font size=\"2\" face=\"arial\"><br></font></div><div style=\"text-align: justify;\"><font size=\"2\" face=\"arial\">Cho ti gi li cm n ti i bng, cm n cc cu th v NHM Atletico  ng h ti trong sut thi gian qua. V ng nhin Diego Simeone l ngi ti phi cm n nhiu nht bi ng y lun l ng lc cho ti mi khi ti ra sn.</font></div><div style=\"text-align: justify;\"><font size=\"2\" face=\"arial\"><br></font></div><div style=\"text-align: justify;\"><font size=\"2\" face=\"arial\">Trong khi ,  chiu ngc li HLV Diego Simeone cng dnh cho cu tin o ca Liverpool v Chelsea khng t li khen ngi.</font></div><div style=\"text-align: justify;\"><font size=\"2\" face=\"arial\"><br></font></div><div style=\"text-align: justify;\"><font size=\"2\" face=\"arial\">Torres n gip i hnh Atletico Madrid mnh hn, d nhiu ngi  nghi ng iu ny. Ti vui cho Torres sau nhng g anh y  lm c trong ngy hm nay\".</font></div><div style=\"text-align: justify;\"><font size=\"2\" face=\"arial\"><br></font></div><div style=\"text-align: justify;\"><font size=\"2\" face=\"arial\">Ni v trn ho 2-2 trc i th cng thnh ph, Simeone ni: Chng ti  c trn u tt. ng ngc nhin khi chng ti ch ng phng ng trc i bng tt nht th gii. Atletico  chi mt trn cu thng minh.&nbsp;</font><span style=\"font-family: arial; font-size: small;\">Ti cha bao gi dm ngh Real Madrid l mt i bng d b nh bi\".</span></div><div style=\"text-align: justify;\"><br></div>									  									</div>', '2015_01/18/1421515070_3.jpg', '2015-01-17 23:15:27', '2015-01-18 00:18:50');
INSERT INTO `tbl_crawl_content` VALUES ('25', 'Jeremy Mathieu, Giovinco r nhau lp siu phm st pht', 'jeremy-mathieu-giovinco-ru-nhau-lap-sieu-pham-sut-phat', '<div class=\'art_content\'>  									<div style=\"text-align: center;\"><font size=\"2\" face=\"arial\"><br></font></div><div style=\"text-align: justify;\"><font size=\"2\" face=\"arial\">Khng tung ra sn i hnh mnh nht nhng Barca vn d dng nh bi Elche vi t s 4-0 trong trn lt v vng 1/8 Cup Nh Vua vo rng sng nay, qua  i bng x Catalan hng dng tin bc vo vng t kt sau thng li vi tng t s 9-0. .&nbsp;</font><font face=\"arial\" style=\"font-size: 10pt;\">Ngi m mn cho chin thng 4 \"sao\" ca Barca l trung v Jeremy Mathieu sau mt c st pht tuyt p  pht 21.</font></div><div style=\"text-align: justify;\"><font face=\"arial\" style=\"font-size: 10pt;\"><br></font></div><div style=\"text-align: justify;\"><span style=\"font-size: small; font-family: arial;\">L mt chn st pht c phch ngy cn thi u  Valencia nhng phi ti mi hm nay khi m i hnh Barca khng c Messi, Neymar, Suarez hay Iniesta, hu v ngi Php mi c dp tr ti  pht. V anh  khng lm NHM tht vng vi mt c st k thut a bng vt qua hng ro v tm vi ca th thnh i phng trc khi nm gn trong li.</span></div><div style=\"text-align: center;\"><font size=\"2\" face=\"arial\"><br><iframe width=\"500\" height=\"350\" src=\"//www.youtube.com/embed/USpLjBkxvnU\" frameborder=\"0\" allowfullscreen=\"\"></iframe></font></div><div style=\"text-align: center;\"><font size=\"2\" face=\"arial\"><br></font></div><div style=\"text-align: justify;\"><font size=\"2\" face=\"arial\">Cng lc   Italia, Juventus  nh bi Verona vi t s 6-1  ginh v vo vng t kt Cup Quc Gia Italia (Copa Italia), Sebastian Giovinco l ngi chi hay nht trn ny vi mt c p  pht th 6 v 45.</font></div><div style=\"text-align: justify;\"><font size=\"2\" face=\"arial\"><br></font></div><div style=\"text-align: justify;\"><font size=\"2\" face=\"arial\">V c</font><font face=\"arial\" style=\"font-size: 10pt;\">ng nh&nbsp;</font><span style=\"font-size: 10pt; font-family: arial;\">Jeremy Mathieu, t</span><span style=\"font-family: arial; font-size: small;\">in o nh con v him khi c ra sn  ma gii nm nay ca Juve m mn cn ma bn thng  Juventus Arena sau mt c st pht p mt.&nbsp;</span></div><div style=\"text-align: center;\"><font size=\"2\" face=\"arial\"><br></font></div><div style=\"text-align: center;\"><div><font size=\"2\" face=\"arial\"><iframe width=\"500\" height=\"350\" src=\"http://www.youtube.com/embed/cE2A3W-RYHg\" frameborder=\"0\" allowfullscreen=\"\"></iframe></font></div><div><br></div></div>									  									</div>', '2015_01/18/1421515071_4.jpg', '2015-01-17 23:15:27', '2015-01-18 00:18:50');
INSERT INTO `tbl_crawl_content` VALUES ('26', 'Va tr li, Torres lp k lc mi cho Atletico', 'vua-tro-lai-torres-lap-ki-luc-moi-cho-atletico', '<div class=\'art_content\'>  									<div align=\"justify\"><font size=\"2\" face=\"arial\">Ngay giy th 46 ca trn th hng vi knh ch cng thnh ph, Torres  chc thng li Kaylor Navas gip Atletico Madrid vn ln dn trc. Vy l phi mt n trn th 3  cho Atletico, tin o Ty Ban Nha mi n sng.</font><br></div>  <div align=\"justify\"><font size=\"2\" face=\"arial\"><br></font>  <div align=\"center\"><font size=\"2\" face=\"arial\"><img alt=\"\" src=\"http://i4.mirror.co.uk/incoming/article4986859.ece/alternates/s615/Fernando-Torres-celebrates-after-scoring-his-second-goal.jpg\" width=\"500\"><br><br></font></div><font size=\"2\" face=\"arial\">ng ni bn thng m t s trc Real Madrid cn a El Nino vo lch s Atletico vi t cch l cu th ghi bn thng nhanh nht cho i bng -trng  sn Bernabeu.<br><br>S d ni y l k lc mi ca El Nino bi thi k u khoc o Atletico Madrid, cu chn st Liverpool v Chelsea ny tng lp rt nhiu k lc. ng ch  trong s ny l du mc tr thnh th qun tr nht lch s i ch sn Vicente Calderon.<br><br>Khng ch m t s, El Nino cn ta sng vi bn thng th 2 tung li Real, nng t s ln 2-1 sau khi Ramos g ha cho Kn kn trng, trc lc Cris Ronaldo n nh t s chung cuc 2-2.<br><br>y c coi l trn u hay nht ca Torres trong 2 nm tr li y. Phong  chi sng ca El Nino cng cng c hy vng ca NHM Atletico rng HLV Diego Simeone s hi sinh c chn st TBN.<br></font></div>									  									</div>', '2015_01/18/1421515071_5.jpg', '2015-01-17 23:15:27', '2015-01-18 00:18:50');
INSERT INTO `tbl_crawl_content` VALUES ('27', 'Sai lm nh bn  gip Torres lp cng ca Sergio Ramos', 'sai-lam-nhu-ban-do-giup-torres-lap-cong-cua-sergio-ramos', '<div class=\'art_content\'>  									<div style=\"text-align: center;\"><br></div><div style=\"text-align: justify;\"><font size=\"2\" face=\"arial\"> Atletico Madrid cm ha vi t s 2-2 trn sn nh Bernabeu trong khun kh trn lt v vng 1/8 Cup Nh Vua va kt thc cch y t gi, Real Madrid chnh thc b loi v tr thnh cu vng ti Copa Del Rey (thua 2-4 sau 2 lt trn). iu  ng ngha tham vng ginh c n 3 lch s ca thy tr Ancelotti  ma gii nm nay cng tan thnh my khi.</font></div><div style=\"text-align: justify;\"><font size=\"2\" face=\"arial\"><br></font></div><div style=\"text-align: center;\"><font size=\"2\" face=\"arial\"><img src=\"http://i.dailymail.co.uk/i/pix/2015/01/15/24BC376D00000578-2912261-image-a-41_1421356959553.jpg\" width=\"500\" alt=\"\" align=\"none\"></font></div><div style=\"text-align: justify;\"><font size=\"2\" face=\"arial\"><br></font></div><div style=\"text-align: justify;\"><font size=\"2\" face=\"arial\">Fernando Torres l cu th chi hay nht trn ny vi 2 pha lp cng ngay  pht u tin  mi hip u, trong khi  ngi bn thn ca anh  i tuyn Ty Ban Nha, Sergio Ramos l ngi chi t nht khi mc li trc tip dn n 2 bn thua ca Real Madrid.</font></div><div style=\"text-align: justify;\"><font size=\"2\" face=\"arial\"><br></font></div><div style=\"text-align: justify;\"><font size=\"2\" face=\"arial\">Nu nh  pht u tin ca hip 1, Ramos c ng chuyn di sai a ch gip cho Atletico Madrid c mt pha phi hp phn cng cc nhanh dn n bn m t s ngay  giy 46.</font></div><div style=\"text-align: justify;\"><font size=\"2\" face=\"arial\"><br></font></div><div style=\"text-align: justify;\"><font size=\"2\" face=\"arial\">Th ti hip 2, trung v mang bng i trng ca Real  trn ny li c mt ng chuyn thng vo chn... Antoine Griezmann  khu vc gia sn gip cho tin v ngi Php c</font><span style=\"font-family: arial; font-size: small;\">vi nhp i bng trc khi ng chuyn thun li gip Torres c bn thng th 2 trong trn u khi kim ng h bt u hip 2 mi tri qua giy th 30.</span></div><div style=\"text-align: center;\"><br style=\"font-family: arial; font-size: small;\"><iframe width=\"500\" height=\"350\" src=\"http://www.youtube.com/embed/SDbqrfPKxqc\" frameborder=\"0\" allowfullscreen=\"\" style=\"font-family: arial; font-size: small;\"></iframe></div><div style=\"text-align: center;\"><br></div><div style=\"text-align: center;\"><br></div>									  									</div>', '2015_01/18/1421515071_6.jpg', '2015-01-17 23:15:27', '2015-01-18 00:18:50');
INSERT INTO `tbl_crawl_content` VALUES ('28', 'V kh mi gip Ronaldo bin Varane thnh g h', 'vu-khi-moi-giup-ronaldo-bien-varane-thanh-ga-he', '<div class=\'art_content\'>  									<div style=\"text-align: center;\"><br></div><div style=\"text-align: justify;\"><font size=\"2\" face=\"arial\">Nh  bit, sau khi ot danh hiu QBV 2014, Cristiano Ronaldo  c hng th thao ni ting Nike ca M thit k ring mt i giy mi siu c.&nbsp;</font></div><div style=\"text-align: justify;\"><font size=\"2\" face=\"arial\"><br></font></div><div style=\"text-align: justify;\"><font size=\"2\" face=\"arial\">V \"v kh\" mi ny  c CR7 chng din ngay trong bui tp mi nht ca Real Madird&nbsp;chun b cho trn lt v vng 1/8 Cup Nh Vua Ty Ban Nha vi Atletico Madrid vo rng sng mai, mt trn u c d on rt kh khn cho thy tr Ancelotti khi h ton thua trong 3 ln gp g ln nht vi ngi hng xm c dn dt bi chin lc gia ti nng, Diego Simeone (lt i Atletico thng 2-0).</font></div><div style=\"text-align: justify;\"><font size=\"2\" face=\"arial\"><br></font></div><div style=\"text-align: center;\"><img src=\"http://1.bp.blogspot.com/-JKYWvjD6lTw/VLUmCIjN86I/AAAAAAAAAOk/7UZTPSuz4fs/s1600/1389323.jpg\" width=\"500\" alt=\"\" align=\"none\"></div><div style=\"text-align: center;\"><font size=\"2\" face=\"arial\"><br></font></div><div style=\"text-align: justify;\"><font size=\"2\" face=\"arial\">Siu sao ngi B o Nha t ra thch ng rt nhanh vi i giy mi ca Nike v c lin tip nhng pha x l k thut trong bui tp. Ni bt trong  l tnh hung khin&nbsp;Raphael&nbsp;Varane&nbsp;c mt phen b mt sau pha&nbsp;x hng tinh t ca ng kim QBV 2014.</font></div><div style=\"text-align: justify;\"><font size=\"2\" face=\"arial\"><br></font></div><div style=\"text-align: justify;\"><font size=\"2\" face=\"arial\">Khng nhng lm hu v tr ngi Php tn t, Ronaldo cn c nhiu hnh ng tru a vi ngi ng hng&nbsp;Fabio Coentrao&nbsp;khin cho anh ny th hin s tc gin bng cch ph tri bng i&nbsp;rt cao v xa.</font></div><div style=\"text-align: center;\"><div><br><iframe width=\"500\" height=\"350\" src=\"http://www.youtube.com/embed/4v2T6bplWzY\" frameborder=\"0\" allowfullscreen=\"\"></iframe></div><div><br></div></div>									  									</div>', '2015_01/18/1421515071_7.jpg', '2015-01-17 23:15:27', '2015-01-18 00:18:50');
INSERT INTO `tbl_crawl_content` VALUES ('29', 'Phn tng i hnh FIFA: Bale i 3, Fabregas i 5', 'phan-tang-doi-hinh-fifa-bale-doi-3-fabregas-doi-5', '<div class=\'art_content\'>  									<p align=\"justify\"><font size=\"2\" face=\"arial\">Khc vi danh hiu Qu bng Vng FIFA, i hnh ca FIFPro c quyt nh da trn l phiu bnh chn ca hn 50 nghn cu th chuyn nghip n t 70 quc gia. Mi l phiu c chn 11 cu th khc nhau (theo s  4-3-3) t danh sch 55 cu th c FIFPro  c.</font></p>  <p align=\"center\"><font size=\"2\" face=\"arial\"><img border=\"0\" hspace=\"0\" alt=\"\" align=\"baseline\" src=\"/images/Article/Upload/150113_030921_290.jpg\" width=\"500\"><br><i><font color=\"#0000ff\">i hnh nhn c s phiu bnh chn cao nht</font></i></font></p>  <p align=\"justify\"><font size=\"2\" face=\"arial\">Tt c nhng l phiu thu v s c v FIFA v FIFPro tng hp v chn ra 11 ci tn c bnh chn nhiu nht. Mc d mc nh a ra s  4-3-3 nhng FIFPro khng phn bit v tr nn c nhng l phiu bao gm c 4 cu th  hng th u l nhng trung v (thay v 2 trung v, 1 hu v tri, 1 hu v phi).</font></p>  <p align=\"justify\"><font size=\"2\" face=\"arial\">Bi vy,  i hnh xut sc nht nm c FIFA cng b trong m trao gii QBV va qua, khng c cu th  v tr hu v tri. i hnh ny cng gy ra nhng tranh ci khi c s xut hin ca David Luiz, Thiago Silva v Andres Iniesta, nhng cu th khng qu ni bt so vi cc gng mt khc trong nm 2014.</font></p>  <p align=\"justify\"><font size=\"2\" face=\"arial\"> cuc bnh chn nm nay, FIFA nhn c tng cng 23.383 phiu bnh chn t hn 60 quc gia. Da theo s phiu bnh chn, c th to ra 4 i hnh khc theo tiu ch tn nhim gim dn.</font></p><font face=\"arial\">  </font><p align=\"justify\"><font size=\"2\" face=\"arial\">Theo nh gi chung ca bo gii chu u, 4 i hnh d b khng km phn hng hu. Thm ch, cc i hnh ny cn to c s cn bng kh ln.</font></p>  <p align=\"justify\"><font size=\"2\" face=\"arial\">Suarez, Neymar, Ibrahimovic, Hummels, Courtois, Modric l nhng ci tn ni bt  i hnh tn nhim th 2.</font></p>  <p align=\"justify\"><font size=\"2\" face=\"arial\">Trong khi , Gareth Bale ch c xp vo i hnh 3 cng cc ngi sao tn tui khc nh Kompany, Pepe, Casillas, Alba, Pogba, Muller hay Diego Costa,</font></p>  <p align=\"justify\"><font size=\"2\" face=\"arial\">Mc d kh ni bt trong nm 2014 nhng Aguero, James Rodriguez v Eden Hazard ch c xp vo i hnh th 4. Godin, Benzema, Schweinsteiger cng l nhng ci tn ng ch   i hnh ny.</font></p>  <p align=\"justify\"><font size=\"2\" face=\"arial\">Trong danh sch 55 cu th  c ca FIFA, Man Utd c 2 cu th l Di Maria v Rooney. Nu nh Di Maria c vinh danh  i hnh s 1 th Rooney li c xp vo i hnh cui cng. y cng l i hnh c s gp mt ca Fabregas, Ribery, Marco Reus hay Arturo Vidal</font></p><p align=\"justify\"><font size=\"2\" face=\"arial\"><b><i>Cc i hnh tip theo da theo s phiu bnh chn thp dn</i></b></font></p>  <p align=\"center\"><font face=\"arial\"><img border=\"0\" hspace=\"0\" alt=\"\" align=\"baseline\" src=\"/images/Article/Upload/150115_144357_766.jpg\" width=\"500\"></font></p>  <p align=\"center\"><font face=\"arial\"><img border=\"0\" hspace=\"0\" alt=\"\" align=\"baseline\" src=\"/images/Article/Upload/150115_144417_911.png\" width=\"500\"></font></p>  <p align=\"center\"><font face=\"arial\"><img border=\"0\" hspace=\"0\" alt=\"\" align=\"baseline\" src=\"/images/Article/Upload/150115_144429_923.png\" width=\"500\"></font></p>  <p align=\"center\"><font face=\"arial\"><img border=\"0\" hspace=\"0\" alt=\"\" align=\"baseline\" src=\"/images/Article/Upload/150115_144443_346.png\" width=\"500\"></font></p>									  									</div>', '2015_01/18/1421515071_8.jpg', '2015-01-17 23:15:27', '2015-01-18 00:18:50');
INSERT INTO `tbl_crawl_content` VALUES ('30', 'Ancelotti thm mun Messi', 'ancelotti-them-muon-messi', '<div class=\'art_content\'>  									<div style=\"text-align: justify;\"><font size=\"2\" face=\"arial\">HLV trng ca CLB Real Madrid Carlo Ancelotti ni rng ng mun ngi sao ca Barca Lionel Messi ti Real Madrid  cp vi Cristiano Ronaldo.</font></div><div style=\"text-align: justify;\"><font size=\"2\" face=\"arial\"><br></font></div><div style=\"text-align: center;\"><img src=\"/images/Article/Upload/150115_102642_628.jpg\" width=\"500\" alt=\"\" align=\"none\"></div><div style=\"text-align: center;\"><br></div><div style=\"text-align: justify;\"><font size=\"2\" face=\"arial\">Ti ngh l c, Ancelotti ni khi c hi liu c mun Messi n chi cho Real Madrid hay khng. Mc d bn phi tha nhn rng Cristiano l biu tng ca Real Madrid cn Messi l biu tng ca Barcelona. Mi ngi c mt i bng ring v c lch s ca h. Nhng nu c hai cng chi cho 1 i th cn g l tng hn. Nhng m ti ngh chuyn ny rt kh xy ra.</font></div><div style=\"text-align: justify;\"><font size=\"2\" face=\"arial\"><br></font></div><div style=\"text-align: justify;\"><font size=\"2\" face=\"arial\">Khng ch c Ancelotti m mi y, pht biu trong bui hp bo trc gi cng b danh hiu Qu bng Vng, c Ronaldo v Messi u ho hng ni ti vic mt ngy no  h c st cnh cng nhau trong mt chin tuyn.</font></div><div style=\"text-align: justify;\"><font size=\"2\" face=\"arial\"><br></font></div><div style=\"text-align: justify;\"><font size=\"2\" face=\"arial\">Vn bit y l mt thng v kh, nhng khng phi khng th xy ra. Nu nh nhn vo qu kh, khng t ln nhng ngi sao ca c hai CLB t b i bng  sang khoc o knh ch v nh Luis Figo, Luis Enrique hay Michael Laudrup.</font></div><div style=\"text-align: justify;\"><font size=\"2\" face=\"arial\"><br></font></div><div style=\"text-align: justify;\"><font size=\"2\" face=\"arial\">Theo nh gi, Real Madrid nm trong s t CLB c th chi tr mc ph gii phng hp ng 250 triu euro ca Messi v p ng mc lng 20 triu euro mi nm ca anh ti CLB.</font></div><div style=\"text-align: justify;\"><br></div>									  									</div>', '2015_01/18/1421515071_9.jpg', '2015-01-17 23:15:27', '2015-01-18 00:18:50');
INSERT INTO `tbl_crawl_content` VALUES ('31', 'nh bt Eusebio v Figo, CR7 m gii th k  BN', 'danh-bat-eusebio-va-figo-cr7-am-giai-the-ki-o-bdn', '<div class=\'art_content\'>  									<div align=\"justify\">  <p><font size=\"2\" face=\"arial\">Danh hiu ny ca Cristiano Ronaldo c trao bi LB B o Nha (FPF).  nhn c gii thng v i nht&nbsp;th k ca&nbsp;bng  B o Nha, ngi sao ca Real Madrid  vt qua 2 huyn thoi khc l Luis Figo v c danh th Eusebio.</font></p>  <p align=\"center\"><font face=\"arial\"><img border=\"0\" hspace=\"0\" alt=\"\" align=\"baseline\" src=\"/images/Article/Upload/150115_090416_701.jpg\" width=\"500\">&nbsp;</font></p>  <p><font size=\"2\" face=\"arial\">Do bn tp luyn chun b cho trn lt v vng 1/8 cp Nh Vua vi Atletico, Cristiano Ronaldo khng th tr li Estoril  nhn gii thng trn. Tuy vy, ngi i din ca anh, Jorge Mendes  lm thay vic ny.</font></p>  <p><font size=\"2\" face=\"arial\">Vi t cch mt ngi B o Nha, ti rt vinh d khi lm i din cho 1 cu th nh Cristiano Ronaldo. Chng ti phi i mt vi nhng cu th xut sc nht ca bng  B o Nha, Mendes chia s trong l nhn gii thay Ronaldo.</font></p>  <p><font size=\"2\" face=\"arial\">Vic Cris Ronaldo ginh gii thng ny khng bt ng bi anh  c ti 3 danh hiu Qu bng Vng. Trong khi , 2 huyn thoi trc y ca B o Nha, Eusebio v Luis Figo mi ch c 1 ln ng quang.</font></p>  <p><font size=\"2\" face=\"arial\">Theo AS, y l cuc bnh chn da theo s phiu ca CV qua mng internet. Ngoi danh hiu Cu th xut sc nht th k, FPF cn bnh chn v vinh danh i hnh xut sc nht lch s i tuyn B o Nha. Ronaldo, Figo v c danh th Eusebio u c mt trong i hnh ny cng vi Ricardo Carvalho, Rui Costa</font></p><font face=\"arial\"></font>  <p><font size=\"2\" face=\"arial\">Cng trong bui l hm qua, trng ti Pedro Proenca  c chn l trng ti hay nht th k ca B o Nha. Cn Jose Mourinho c vinh danh  gii HLV xut sc nht.</font></p>  <p><font size=\"2\" face=\"arial\">Trong m gala trao gii hm qua, FPF  cho n nhiu nhn vt ln ca bng  th gii, trong  c Ch tch FIFA, Sepp Blatter v Ch tch UEFA, Michel Platini.</font></p>  <p><font size=\"2\" face=\"arial\"><strong>i hnh xut sc nht lch s B o Nha</strong></font></p>  <p><font size=\"2\" face=\"arial\">Victor Baia</font></p>  <p><font size=\"2\" face=\"arial\">Fernando Couto  Joao Pinto  Ricardo Carvalho  Hulberto Coelho</font></p>  <p><font size=\"2\" face=\"arial\">Mario Coluna  Rui Costa  Luis Figo</font></p>  <p><font size=\"2\" face=\"arial\">Futre  Eusebio  Cris Ronaldo</font></p></div>									  									</div>', '2015_01/18/1421515071_10.jpg', '2015-01-17 23:15:27', '2015-01-18 00:18:50');
INSERT INTO `tbl_crawl_content` VALUES ('32', 'B ui, Moyes chy thng ln khn i n k bim bim', 'bi-duoi-moyes-chay-thang-len-khan-dai-an-ke', '<div class=\'art_content\'>  									<div style=\"text-align: center;\"><script async=\"\" src=\"//platform.vine.co/static/scripts/embed.js\" charset=\"utf-8\"></script><font size=\"2\" face=\"arial\"><br></font></div><div style=\"text-align: justify;\"><font size=\"2\" face=\"arial\">Real Sociedad  chnh thc b loi khi Cup Nh Vua Ty Ban Nha sau khi Villarreal cm ha vi t s 2-2  trn u rng sng nay (thua chung cuc 2-3 sau hai lt trn i v v).</font></div><div style=\"text-align: justify;\"><font size=\"2\" face=\"arial\"><br></font></div><div style=\"text-align: justify;\"><font size=\"2\" face=\"arial\">Khng th gip i nh lt ngc tnh th, HLV David Moyes cn b trut quyn ch o sau khi c nhng tranh ci gay gt vi t trng ti  pht 82 ca trn u.</font></div><div style=\"text-align: center;\"><font size=\"2\" face=\"arial\"><br><iframe class=\"vine-embed\" src=\"https://vine.co/v/ODQMeKiVE29/embed/simple?audio=1\" width=\"500\" height=\"500\" frameborder=\"0\"></iframe></font></div><div style=\"text-align: center;\"><font size=\"2\" face=\"arial\"><br></font></div><div style=\"text-align: justify;\"><font size=\"2\" face=\"arial\">Ngay sau khi nhn th  t trng ti chnhCarlos Velasco, chin lc gia ngiScotland  nhanh chng ri cabin hun luyn, chy nhanh ra khn i v tro ln ngi cng khu vc cc CVReal Sociedad.</font></div><div style=\"text-align: justify;\"><font size=\"2\" face=\"arial\"><br></font></div><div style=\"text-align: justify;\"><font size=\"2\" face=\"arial\">L mt ngi kh thn thin v ci m, David Moyes nhanh chng cho hi v bt chuyn cng cc CV ngi quanh mnh, khng nhng vy ng cn vui v n bim bim ca mt fan n hm m.</font></div><div style=\"text-align: center;\"><font size=\"2\" face=\"arial\"><br><iframe class=\"vine-embed\" src=\"https://vine.co/v/ODQhPg61e5H/embed/simple?audio=1\" width=\"500\" height=\"500\" frameborder=\"0\"></iframe><script async=\"\" src=\"//platform.vine.co/static/scripts/embed.js\" charset=\"utf-8\"></script></font></div><div style=\"text-align: center;\"><br></div>									  									</div>', '2015_01/18/1421515071_11.jpg', '2015-01-17 23:15:27', '2015-01-18 00:18:50');
INSERT INTO `tbl_crawl_content` VALUES ('33', 'C.Ronaldo l gii nguyn nhn \"cht chm\"', 'c-ronaldo-ly-giai-nguyen-nhan-chet-chim', '<div class=\'art_content\'>  									<div style=\"TEXT-ALIGN: justify\"><font size=\"2\" face=\"arial\"><br></font></div>  <div style=\"TEXT-ALIGN: justify\"><font size=\"2\" face=\"arial\"> World Cup 2014, C.Ronaldo  gy tht vng ln khi ch ghi c 1 bn.  c xem l nguyn nhn khin T B o Nha phi tc ti ri khi gii u ny ngay t vng bng.</font></div>  <div style=\"TEXT-ALIGN: justify\"><font size=\"2\" face=\"arial\"><br></font></div>  <div style=\"TEXT-ALIGN: center\"><img alt=\"\" align=\"none\" src=\"http://static.goal.com/812100/812192_heroa.jpg\" width=\"500\"></div>  <div style=\"TEXT-ALIGN: justify\"><font size=\"2\" face=\"arial\"><br></font></div>  <div style=\"TEXT-ALIGN: justify\"><font size=\"2\" face=\"arial\">Chnh s nht nha  World Cup l vt xc trong danh hiu Qu bng vng 2014 ca C.Ronaldo. Ngy hm nay, sau khi m gii thng cao qu ny, CR7 mi tri lng v tht bi  gii u trn t Brazil.</font></div>  <div style=\"TEXT-ALIGN: justify\"><font size=\"2\" face=\"arial\"><br></font></div>  <div style=\"TEXT-ALIGN: justify\"><font size=\"2\" face=\"arial\">Anh cho bit: Ti khng h hi tic v nhng g mnh  lm v tt nhin chuyn g cng c l do ca n. Ti  phi nn au ra sn trong trn chung kt Champions League v bc vo World Cup vi th trng khng c tt.</font></div>  <div style=\"TEXT-ALIGN: justify\"><font size=\"2\" face=\"arial\"><br></font></div>  <div style=\"TEXT-ALIGN: justify\"><font size=\"2\" face=\"arial\">Ti c th ni vi HLV khng triu tp ti. Ti c th bt u k ngh m khng vng trong ni lo lng . Nh vy, mi th d dng hn rt nhiu. Khng mt ai c th gip ti thot khi tnh trng .</font></div>  <div style=\"TEXT-ALIGN: justify\"><font size=\"2\" face=\"arial\"><br></font></div>  <div style=\"TEXT-ALIGN: justify\"><font size=\"2\" face=\"arial\">Tuy nhin, d th no, ti khng mun s dng vic chn thng lm ci c bo cha cho s km ci ca mnh. Thc s, ti khng c th th trng tt nht  gii u , mt s ngi khng h bit iu ny.</font></div>  <div style=\"TEXT-ALIGN: justify\"><br></div>									  									</div>', '2015_01/18/1421515071_12.jpg', '2015-01-17 23:15:27', '2015-01-18 00:18:50');
INSERT INTO `tbl_crawl_content` VALUES ('34', 'CHNH THC: Barcelona chia tay cu th u tin', 'chinh-thuc-barcelona-chia-tay-cau-thu-dau-tien', '<div class=\'art_content\'>  									<div style=\"text-align: justify;\"><font face=\"arial\" size=\"2\"><br></font></div><div style=\"text-align: justify;\"><font face=\"arial\" size=\"2\">Mc d l thnh vin ch cht ca i tr Barcelona nhng th mn Andre Onana  khng c trao hp ng mi. Ngay lp tc, Ajax  nhanh chng nhy vo thng v ny v h  chiu m thnh cng th mn tr ngi Cameroon trong cuc cnh tranh vi Arsenal, Liverpool v Real Madrid.</font></div><div style=\"text-align: justify;\"><font face=\"arial\" size=\"2\"><br></font></div><div style=\"text-align: center;\"><img src=\"http://www.ajax.nl/upload/bfaa5adb-b658-48d1-bb9c-669c426eac99_Onana%20contrct%20tekenen%20560.jpg\" width=\"500\" alt=\"\" align=\"none\"></div><div style=\"text-align: justify;\"><font face=\"arial\" size=\"2\"><br></font></div><div style=\"text-align: justify;\"><font face=\"arial\" size=\"2\">Ngy hm nay, CLB giu thnh tch nht H Lan  cng b bn hp ng ny. Theo tha thun, Andre Onana s tr thnh ngi ca Ajax ti thng 6/2018. Marc Overmars, ngi c ca Barcelona, nay l GTT Ajax, l ngi c nh hng ln nht trong v ny.</font></div><div style=\"text-align: justify;\"><font face=\"arial\" size=\"2\"><br></font></div><div style=\"text-align: justify;\"><font face=\"arial\" size=\"2\">Pht biu trong ngy k hp ng vi Ajax, Andre Onana t ra hnh phc. Anh ni: Ti v cng hnh din khi tr thnh ngi ca Ajax.</font></div><div style=\"text-align: justify;\"><font face=\"arial\" size=\"2\"><br></font></div><div style=\"text-align: justify;\"><font face=\"arial\" size=\"2\">C kh nhiu CLB quan tm, khin ti buc phi suy ngh. Khi Ajax by t nguyn vng mun chiu m, ti  la chn h. c tri nghim trong l o to tr tr danh ca Ajax l c hi tt vi ti.  l iu quan trng. Ti thc s mun bt u cng CLB.</font></div><div style=\"text-align: justify;\"><font face=\"arial\" size=\"2\"><br></font></div><div style=\"text-align: justify;\"><font face=\"arial\" size=\"2\">Marc Overmars cng t ra phn khch sau khi chiu m c Andre Onana. ng ni: Andre Onana l th mn ti nng, ngi c th thay th Jasper Cillessen trong tng lai. Chng ti s th nghim Andre Onana ngay trong thi gian ny. Tnh trng chn thng ca CLB buc chng ti phi chiu m th thnh ny ngay lp tc.</font></div><div style=\"text-align: justify;\"><br></div>									  									</div>', '2015_01/18/1421515071_13.jpg', '2015-01-17 23:15:27', '2015-01-18 00:18:50');
INSERT INTO `tbl_crawl_content` VALUES ('35', 'Qu bng Vng FIFA: Ci tnh nng hn ci l!', 'qua-bong-vang-fifa-cai-tinh-nang-hon-cai-ly', '<div class=\'art_content\'>  									<div align=\"justify\">  <p><font size=\"2\" face=\"arial\"><strong>1.</strong> Cuc ua Qu bng Vng FIFA 2014  kt thc m khng c bt ng no xy ra! Xng ng hay khng ch cn nhn vo kt qu bnh chn khi ngi v nht (Ronaldo) t t l phiu p o l 37,66%.  l con s rt cao nu   danh sch bnh chn c 23 ngi ch khng phi 5-10 ngi nh cc cuc bnh chn khc.</font></p>  <p><font size=\"2\" face=\"arial\">Tranh ci gn nh khng c ngoi tr mt s quan im tri chiu ca bo gii c. Tuy vy, cuc ua ny vn cn  nhng chi tit bt hp l m ng ra khng nn xy ra  mt cuc bnh chn mang tm th gii.  l chuyn ci tnh nng hn ci l  nhng l phiu, c bit l  cc quc gia c cu th lt danh sch bnh chn.</font></p>  <p align=\"center\"><font face=\"arial\"><img border=\"0\" hspace=\"0\" alt=\"\" align=\"baseline\" src=\"/images/Article/Upload/150114_130701_802.jpg\" width=\"500\"><br><font color=\"#0000ff\" size=\"2\"><em>Nhng l phiu mang nng \"tnh cm\" ca Messi v Ronaldo</em></font></font></p>  <p><font size=\"2\" face=\"arial\">Trong 3 ngi lt vo chung kho, c 2 ngi c quyn b phiu v l i trng ca TQG (Messi v Ronaldo) nhng chng ai b phiu cho nhng i th ca mnh.  l chuyn d hiu bi tt c nhng s la chn ca h u dn cho ci tnh. Messi chn Di Maria, Mascherano v Iniesta m tha bit 3 ng c vin ny kh c c hi chen chn vo top 3. Tng t, Ronaldo cng tn nhim Ramos, Bale v Benzema.</font></p>  <p><font size=\"2\" face=\"arial\">Cc l phiu khc cng xy ra mt tnh trng tng t l u tin ngi nh. Trong , ng ch  l Vincent Kompany! Trong vai tr i trng T B, trung v Man City  chn ln lt l Courtois, Hazard v Robben!!!</font></p>  <p><font size=\"2\" face=\"arial\">Xt theo ng tnh cht ca cuc bnh chn th Kompany  ph nhn ton b nhng ng gp v im ni bt ca Ronaldo, Neuer v Messi trong nm 2014. Khng nhiu ngi tin rng Courtois c th vt nh v ch th gii Neuer, Hazard c th bt khi Ronaldo trong cuc ua bng vng nm nay. V chnh Kompany cng c th mng tng ra vin cnh y. Thc t, Courtois ch v th 20/23 (0,51%), cn Hazard th thp hn (th 21, 0,47%).</font></p>  <p><font size=\"2\" face=\"arial\">Trong vai tr th qun T Uruguay, Godin cng i theo quy lut y khi chn Diego Costa cho v tr ginh bng Vng. Costa ng l  c 1 nm u n tng  c Atletico ln Chelsea nhng liu anh c th hn 1 st th mn bn v nhiu danh hiu nh Cris Ronaldo? Tng t l vic Falcao chn Rodriguez, Van Persie chn Robben, Lloris chn Benzema</font></p>  <p><font size=\"2\" face=\"arial\">H c ci l  a ra s la chn y nhng ci l y n t ci tnh ch khng phi ci l ca tiu ch bnh chn. Chng nhiu ngi  mnh m gt b tnh cm v tnh ng i  a ra chnh kin ca mnh d tha bit s la chn y khng c nhiu gi tr.</font></p>  <p><font size=\"2\" face=\"arial\"> gc  no , cuc bnh chn QBV FIFA ch l ni  ngi ta th hin tnh cm v s n nang ln nhau, c bit l  cc quc gia c cu th lt danh sch  c. Bi vy, mi c chuyn Ribery tng cu tit vi Sakho ch v tuyn th Php ny l ng n ng h Ronaldo  cuc bnh chn nm ngoi</font></p>  <p><font size=\"2\" face=\"arial\"> l nghch l ca cuc bnh chn Qu bng Vng FIFA! Khi m yu t chnh kin b nh gi thp hn tnh cm, cuc ua ny vn cn  nhiu tranh ci. ng bao gi ngh ti chuyn Ronaldo b phiu cho Messi hay ngc li</font></p><font face=\"arial\">  </font><p><font size=\"2\" face=\"arial\"><strong>2.</strong> Ni i cng phi ni li, s d nhng ngi c quyn bnh chn lun u tin ngi nh l bi FIFA  cng b l phiu ca h trc cng chng. y chnh l ci d nht m FIFA tng b ch trch.</font></p>  <p><font size=\"2\" face=\"arial\">Him c cuc b phiu bnh chn no m cc l phiu giy trng mc en c cng b rng ri. n gin bi n  ly mt tnh khch quan vn c xem l thc o chnh xc nht. Nhng FIFA th khc! H cng b chnh xc, c th v rt chi tit nhng l phiu ngay sau khi cuc ua Qu bng Vng kt thc!</font></p>  <p align=\"center\"><font face=\"arial\"><img border=\"0\" hspace=\"0\" alt=\"\" align=\"baseline\" src=\"/images/Article/Upload/150114_130810_915.jpg\" width=\"500\"><br><font color=\"#0000ff\" size=\"2\"><em>Lewandowski phi xin li Neuer v chnh kin ca mnh</em></font></font></p>  <p><font size=\"2\" face=\"arial\">FIFA mun minh bch ha qu trnh xt chn ca mnh sau nhiu nm tranh ci. Cha r s minh bch y  u nhng  c nhng tranh ci ny sinh. V nh hm qua, tin v Arda Tura  ng n khng nh anh  chn Diego Simeone l HLV xut sc nht nm ch khng phi Joachim Low nh danh sch cng b ca FIFA.</font></p>  <p><font size=\"2\" face=\"arial\">Ti sao Turan phi lm tong chuyn ny? Bi v anh ang l cu th ca Atletico, l hc tr ca Simeone. Vic FIFA cng b chi tit l phiu bnh chn c th khin mi quan h gia Turan v Simeone thm phn phc tp. Ngay c khi Turan c cng nhn Joachim Low l HLV xut sc nht i chng na, liu anh c dng cm gch tn Simeone  v tr s 1?</font></p>  <p><font size=\"2\" face=\"arial\">Cn c theo nhng g FIFA cng b, Turan  i ngc quy lut ng h ngi nh  cuc bnh chn HLV. Tt nhin, cng c nhng c nhn can m i theo chiu ngc li m Robert Lewandowski l ci tn tiu biu nht. Trong vai tr th qun T Ba Lan, tin o ny  chn Ronaldo cho danh hiu Qu bng Vng thay v Manuel Neuer, ng i ca anh  Bayern Munich.</font></p>  <p><font size=\"2\" face=\"arial\">Nhng ci g cng c nguyn nhn ca n! Lewandowski b phiu bnh chn QBV t hi thng 8/2014, thi im anh mi chn t chn ro sang Bayern, cha to c mi quan h vi Manuel Neuer. Nhng hm qua, Lewandowski cng  phi ng n xin li Neuer v cht b phiu cho Ronaldo. Ti sao Lewandowski li phi xin li khi a ra chnh kin ca mnh!?</font></p>  <p><font size=\"2\" face=\"arial\"><strong>3.</strong> ng l trong mi cuc b phiu bnh chn, danh tnh l phiu khng nn c cng b  m bo tnh khch quan. Tuy nhin, FIFA  khng lm nh vy  m bo s minh bch v cng bng. Khi m 1 t chc phi dng ti cch ny  chng t s minh bch l khi h khng cn nhn c s tin tng.</font></p>  <p><font size=\"2\" face=\"arial\">Tht vy! Trong nhiu nm qua, FIFA  to ra rt nhiu scandal m ng k nht l nhng v vic lin quan ti hi l, tham nhng trong vic chn quc gia ng cai World Cup. Mt b phn khng nh quan chc ca FIFA khng cn nhn c s tn nhim nh giai on trc.</font></p>  <p align=\"center\"><font face=\"arial\"><img border=\"0\" hspace=\"0\" alt=\"\" align=\"baseline\" src=\"/images/Article/Upload/150114_130849_109.jpg\" width=\"500\"></font></p>  <p><font size=\"2\" face=\"arial\">Bt u t nm 2010, FIFA  st nhp 2 gii Qu bng Vng chu u (ca tp ch France Football) v Cu th xut sc nht th gii  to ra gii Qu bng Vng FIFA. y c nh gi l ng thi vun vn thu li ca FIFA bi trc , danh hiu Qu bng Vng chu u ca France Football  to c ting vang rt ln, thm ch ln hn rt nhiu so vi gii Cu th xut sc nht th gii ca h.</font></p>  <p><font size=\"2\" face=\"arial\">Trc , cuc ua Qu bng Vng chu u ca France Football khng xy ra nhiu tranh ci bi t chc ny dng l phiu ca 52 nh bo cc quc gia chu u  quyt nh (sau  l 96 nh bo trn ton th gii). Quy ch xt tuyn ca France Football c nh gi cao bi nhng nh bo th thao thng c ci nhn khch quan v cng bng nht.</font></p>  <p><font size=\"2\" face=\"arial\">Cn FIFA li m rng vic bnh chn ra ton th gii  m rng tm nh hng ca mnh. Nhng l phiu cm tnh, khng tp trung xut hin nhiu hn. Thm ch,  c thi im 1 HLV Lo b phiu chn QBV cho 1 cu th Lo (khi , FIFA cha c danh sch  c 23 cu th).</font></p>  <p><font size=\"2\" face=\"arial\">FIFA  ci tin hnh thc bnh chn qua tng nm nhng c ch ca h vn cn qu nhiu im bt cp, l nguyn nhn gy ra nhng tranh ci. Bi vy m  c nhng t bo hng u chu u ln ting ku gi FIFA tr li danh hiu Qu bng Vng cho France Football nh thi s khai </font></p></div>									  									</div>', '2015_01/18/1421515071_14.jpg', '2015-01-17 23:15:27', '2015-01-18 00:18:50');
INSERT INTO `tbl_crawl_content` VALUES ('36', 'QBV: Ai c th ph v th thng tr ca Messi, Ronaldo?', 'qbv-ai-co-the-pha-vo-the-thong-tri-cua-messi-ronaldo', '<div class=\'art_content\'>  									<div style=\"text-align: justify;\"><font face=\"arial\" size=\"2\"><br></font></div><div style=\"text-align: justify;\"><font face=\"arial\" size=\"2\">Manuel Neuer  lt vo danh sch rt gn trong cuc ua ginh Qu bng vng nm nay v c k vng rt ln nhng ri, anh vn tht bi trc th lc ca Messi v C.Ronaldo. C hai  cng song hnh, thng lnh th gii trong sut 7 nm qua. Vy trong tng lai, ai c kh nng ph v th thng tr ny.</font></div><div style=\"text-align: justify;\"><font face=\"arial\" size=\"2\"><br></font></div><div style=\"text-align: justify;\"><font face=\"arial\" size=\"2\"><b>Gareth Bale (Real Madrid)</b></font></div><div style=\"text-align: justify;\"><font face=\"arial\" size=\"2\"><b><br></b></font></div><div style=\"text-align: center;\"><img src=\"http://static.ole.vn/images/photos/bale1.jpg\" width=\"500\" alt=\"\" align=\"none\"></div><div style=\"text-align: justify;\"><font face=\"arial\" size=\"2\"><br></font></div><div style=\"text-align: justify;\"><font face=\"arial\" size=\"2\">Gareth Bale l bn sao ca C.Ronaldo. Khng ch c ti nng, tin v ngi x Wales cn c c tnh mnh m (khng chuyn bng cho CR7) v kht khao vn ln.  l tin   cu th 26 tui ny vn mnh trong tng lai.</font></div><div style=\"text-align: justify;\"><font face=\"arial\" size=\"2\"><br></font></div><div style=\"text-align: justify;\"><font face=\"arial\" size=\"2\"><b>Eden Hazard (Chelsea)</b></font></div><div style=\"text-align: justify;\"><font face=\"arial\" size=\"2\"><br></font></div><div style=\"text-align: justify;\"><font face=\"arial\" size=\"2\">Hazard lun l cn c mng ca mi hng th vi kh nng i bng kho lo cng nhn quan chin thut tuyt vi. Anh l mt xch v cng quan trng ca Chelsea v vn cn nhiu trin vng thng tin khi cn kh tr (24 tui).</font></div><div style=\"text-align: justify;\"><font face=\"arial\" size=\"2\"><br></font></div><div style=\"text-align: justify;\"><font face=\"arial\" size=\"2\"><b>Neymar (Barcelona)</b></font></div><div style=\"text-align: justify;\"><font face=\"arial\" size=\"2\"><br></font></div><div style=\"text-align: justify;\"><font face=\"arial\" size=\"2\"> tui 22, Neymar  dn dt c i Brazil tham d World Cup.  l iu khng nhiu cu th c th lm c. Neymar s hu ti nng thin bm v c t cht th lnh. Tim nng ca tiu Pele s cn pht trin nhiu trong tng lai, khi c thi u trong mi trng Barcelona.</font></div><div style=\"text-align: justify;\"><font face=\"arial\" size=\"2\"><br></font></div><div style=\"text-align: justify;\"><font face=\"arial\" size=\"2\"><b>Paul Pogba (Juventus)</b></font></div><div style=\"text-align: justify;\"><font face=\"arial\" size=\"2\"><b><br></b></font></div><div style=\"text-align: center;\"><img src=\"http://img.cdn2.vietnamnet.vn/Images/thethao/2015/01/13/17/20150113172944-1-pogba.jpg\" width=\"500\" alt=\"\" align=\"none\"></div><div style=\"text-align: justify;\"><font face=\"arial\" size=\"2\"><br></font></div><div style=\"text-align: justify;\"><font face=\"arial\" size=\"2\">K t sau Vieira, ngi Php mi tm c th lnh thc s  tuyn gia nh Pogba. Thi gian  Juventus gip Pogba trng thnh vt bc v c li chi gi dn hn rt nhiu so vi tui 21. Anh ang dn k v Pirlo tr thnh th lnh ca Juventus v trong tng lai, c l, mnh t ny s qu cht chi so vi ti nng ca tin v ngi Php.</font></div><div style=\"text-align: justify;\"><font face=\"arial\" size=\"2\"><br></font></div><div style=\"text-align: justify;\"><font face=\"arial\" size=\"2\"><b>Sergio Aguero (Man City)</b></font></div><div style=\"text-align: justify;\"><font face=\"arial\" size=\"2\"><br></font></div><div style=\"text-align: justify;\"><font face=\"arial\" size=\"2\">Nu khng chn thng, nhng ng gp ca Sergio Aguero s cn ln hn na. iu   c khng nh qua nhng mn trnh din ca El Kun trong na u ma gii ny (trc khi anh ti pht chn thng). Do , ngi ta tin rng, tin o ngi Argentina c th lm nn nhng iu phi thng trong tng lai.</font></div><div style=\"text-align: justify;\"><font face=\"arial\" size=\"2\"><br></font></div><div style=\"text-align: justify;\"><font face=\"arial\" size=\"2\"><b>Manuel Neuer (Bayern Munich)</b></font></div><div style=\"text-align: justify;\"><font face=\"arial\" size=\"2\"><br></font></div><div style=\"text-align: justify;\"><font face=\"arial\" size=\"2\">Nhiu ngi  nui tic cho Neuer sau mn trnh din n tng trong nm qua. Tuy nhin, tng lai vn cn  pha trc vi th thnh ny. Vi ti nng ca Neuer, ngi ta tin rng sm mun anh cng c vinh danh.</font></div><div style=\"text-align: justify;\"><br></div>									  									</div>', '2015_01/18/1421515072_15.jpg', '2015-01-17 23:15:27', '2015-01-18 00:18:50');
INSERT INTO `tbl_crawl_content` VALUES ('37', 'Messi bn tn hiu cho... Real Madrid', 'messi-', '<div class=\'art_content\'>  									<div style=\"text-align: justify;\"><font face=\"arial\" size=\"2\"><br></font></div><div style=\"text-align: justify;\"><font face=\"arial\" size=\"2\">Nh vy, thm mt ln na, Messi tht bi trc C.Ronaldo trong cuc ua ginh Qu bng vng. Tuy nhin, El Pulga khng phin lng v iu . Tri li, thm ch, anh cn mun tr thnh ng i ca siu sao ngi B o Nha.</font></div><div style=\"text-align: justify;\"><font face=\"arial\" size=\"2\"><br></font></div><div style=\"text-align: center;\"><img src=\"http://i4.mirror.co.uk/incoming/article4967178.ece/alternates/s615/Ballon-dOr.jpg\" width=\"500\" alt=\"\" align=\"none\"></div><div style=\"text-align: justify;\"><font face=\"arial\" size=\"2\"><br></font></div><div style=\"text-align: justify;\"><font face=\"arial\" size=\"2\">El Pulga cho bit: Ti chc rng C.Ronaldo s l mt trong nhng cu th v i nht lch s. Tht kh khn  vn ti v th .</font></div><div style=\"text-align: justify;\"><font face=\"arial\" size=\"2\"><br></font></div><div style=\"text-align: justify;\"><font face=\"arial\" size=\"2\">Nhng d th no, ti vn mun thi u bn cnh anh y. Trong s nghip, ti  tr thnh ng i vi rt nhiu cu th xut chng trn th gii v ti thc s mun chung chin tuyn vi anh ta.</font></div><div style=\"text-align: justify;\"><font face=\"arial\" size=\"2\"><br></font></div><div style=\"text-align: justify;\"><font face=\"arial\" size=\"2\">Pht biu ca Messi din ra trong tnh cnh tng lai ca anh  Nou Camp ang b t du hi sau nhng tranh ci vi HLV Luis Enrique. Trong thi gian qua  xut hin rt nhiu thng tin lin quan ti kh nng ra i ca cu th ny.</font></div><div style=\"text-align: justify;\"><font face=\"arial\" size=\"2\"><br></font></div><div style=\"text-align: justify;\"><font face=\"arial\" size=\"2\">Mi y, ch thn HLV Ancelotti ca Real Madrid cng bt ng bng gi s m ca cho siu sao ngi Argentina gia nhp Bernabeu. ng cho bit: Messi c th gia nhp bt k CLB no, k c Real Madrid. Nhng CLB hng u lun mun chiu m nhng cu th kit xut.</font></div><div style=\"text-align: justify;\"><br></div>									  									</div>', '2015_01/18/1421515072_16.jpg', '2015-01-17 23:15:27', '2015-01-18 00:18:50');
INSERT INTO `tbl_crawl_content` VALUES ('38', 'Tit l: Con trai C.Ronaldo m mn Messi', 'tiet-lo-con-trai-c-ronaldo-', '<div class=\'art_content\'>  									<div style=\"text-align: justify;\"><font face=\"arial\" size=\"2\"><br></font></div><div style=\"text-align: justify;\"><font face=\"arial\" size=\"2\">C.Ronaldo v Messi l nhng i th ln nht ca nhau c trong ln ngoi sn c. H  cng nhau ganh ua nhng danh hiu c nhn, tp th trong hn na thp k v xng ng c xem l cp k phng ch th v i nht bng  th gii.</font></div><div style=\"text-align: justify;\"><font face=\"arial\" size=\"2\"><br></font></div><div style=\"text-align: center;\"><img src=\"http://data1.ibtimes.co.in/en/full/555875/cristiano-ronaldo-son-fifa-ballon-d.jpg?w=660&amp;h=463&amp;l=50&amp;t=40\" width=\"500\" alt=\"\" align=\"none\"></div><div style=\"text-align: center;\"><font face=\"arial\" size=\"2\"><br></font></div><div style=\"text-align: justify;\"><font face=\"arial\" size=\"2\">Tuy nhin, c thc t tr tru rng, thn tng ca con trai C.Ronaldo chnh l Messi. Trong l trao gii va qua, cu qu t Cristiano Jr  sn sng ri khi vng tay ca cha v b ni  chy ti ch Messi. p li, El Pulga cng dnh nhng c ch thn thin vi CV nh ny.&nbsp;</font></div><div style=\"text-align: justify;\"><font face=\"arial\" size=\"2\"><br></font></div><div style=\"text-align: justify;\"><font face=\"arial\" size=\"2\">Chia s trc bo gii, C.Ronaldo bt m rng con trai ca mnh rt m Messi. Anh ni: Thng nhc lun xem nhng on video v Messi v lun ming nhc ti tn ca cu y.</font></div><div style=\"text-align: justify;\"><font face=\"arial\" size=\"2\"><br></font></div><div style=\"text-align: justify;\"><font face=\"arial\" size=\"2\">Sau C.Ronaldo v Messi, gii hm m rt mun ch i cuc so ti gia hai qu t ca h, Cristiano Jr v Thiago Messi, trong tng lai.&nbsp;</font></div><div style=\"text-align: justify;\"><font face=\"arial\" size=\"2\"><br></font></div><div style=\"text-align: justify;\"><font face=\"arial\" size=\"2\">Cn hin ti, cuc so ti gia hai ng b vn v cng gay cn. Sau m trao gii ti Zurich, C.Ronaldo  ginh c 3 Qu bng vng v ch cn km Messi ng 1 ln vinh danh. Trc bo gii, CR7 th l rng kht khao ln nht ca anh trong nm nay l san bng k lc ca El Pulga  gii thng ny.</font></div><div style=\"text-align: justify;\"><br></div>  <div style=\"text-align: center;\"><iframe width=\"500\" height=\"315\" src=\"//www.youtube.com/embed/VwsUyIcBgjc\" frameborder=\"0\" allowfullscreen=\"\" style=\"font-size: 10pt;\"></iframe></div>									  									</div>', '2015_01/18/1421515072_17.jpg', '2015-01-17 23:15:27', '2015-01-18 00:18:50');
INSERT INTO `tbl_crawl_content` VALUES ('39', 'Casillas ang tt, mua De Gea lm g?', '', '<div class=\'art_content\'>  									<div style=\"text-align: justify;\"><font size=\"2\" face=\"arial\">Thi gian gn y bo ch Ty Ban Nha v Anh lin tc a tin v vic Real Madrid ang tm ngi thay th Iker Casillas, s 34 tui vo thng 5/2015, v th thnh De Gea ca Man Utd l ng vin l tng nht.&nbsp;</font></div><div style=\"text-align: justify;\"><font size=\"2\" face=\"arial\"><br></font></div><div style=\"text-align: justify;\"><font size=\"2\" face=\"arial\">Tuy vy, pht biu trn <i>talkSPORT</i>, cu ch tch CLB Real Madrid, Ramon Calderon cho rng Kn kn trng khng nht thit phi mua th mn mi m  y l De Gea.</font></div><div style=\"text-align: justify;\"><font size=\"2\" face=\"arial\"><br></font></div><div style=\"text-align: justify;\"><font size=\"2\" face=\"arial\">L gii cho iu ny, Ramon Calderon nhn mnh Iker Casillas vn cn hu dng t nht 3 nm na, trong khi  Keylor Navas cng l mt s la chn khng ti.</font></div><div style=\"text-align: justify;\"><font size=\"2\" face=\"arial\"><br></font></div><div style=\"text-align: center;\"><img src=\"/images/Article/Upload/150114_082939_587.jpg\" width=\"500\" alt=\"\" align=\"none\"></div><div style=\"text-align: center;\"><br></div><div style=\"text-align: justify;\"><font size=\"2\" face=\"arial\">\"Real ang s hu mt trong nhng th mn tt nht trn th gii, v  l Casillas\", Calderon ni vi <i>talkSPORT</i>. \"H cng  mua Keylor Navas, v vy m ti cho rng Real khng nht thit phi mua thm th mn\".</font></div><div style=\"text-align: justify;\"><font size=\"2\" face=\"arial\"><br></font></div><div style=\"text-align: justify;\"><font size=\"2\" face=\"arial\">\"De Gea c l cng l mt trong s nm th mn hng u th gii nhng Casillas vn c th chi tt 3 hoc 4 nm na. Nh vy th liu c nht thit phi mua De Gea\".</font></div><div style=\"text-align: justify;\"><font size=\"2\" face=\"arial\"><br></font></div><div style=\"text-align: justify;\"><font size=\"2\" face=\"arial\">Ramon Calderon sau  cng ni v ngi sao sng nht ca Real l Cristiano Ronaldo khi cho rng CR7 xng ng ot bng Vng.&nbsp;</font></div><div style=\"text-align: justify;\"><font size=\"2\" face=\"arial\"><br></font></div><div style=\"text-align: justify;\"><font size=\"2\" face=\"arial\">\"Ti ngh rng cu y xng ng vi nhng g  c\", Calderon ni. \"Ronaldo khng ch c ti nng m cn chp nhn hy sinh v lun n lc ht sc. Vi Ronaldo mi th u khng c gii hn\".</font></div><div style=\"text-align: justify;\"><font size=\"2\" face=\"arial\"><br></font></div><div style=\"text-align: justify;\"><font size=\"2\" face=\"arial\">Ronaldo va xut sc ginh gii thng Qa bng Vng ln th 3 trong s nghip sau khi vt qua hai ng vin nng k khc l Messi v Neuer.</font></div><div style=\"text-align: justify;\"><br></div>									  									</div>', '2015_01/18/1421515072_18.jpg', '2015-01-17 23:15:27', '2015-01-18 00:18:50');
INSERT INTO `tbl_crawl_content` VALUES ('40', 'Ronaldo bt ng khen Messi l d nhn', 'ronaldo-bat-ngo-khen-messi-la-', '<div class=\'art_content\'>  									<div style=\"text-align: justify;\"><font face=\"arial\" size=\"2\"><br></font></div><div style=\"text-align: justify;\"><font face=\"arial\" size=\"2\">Ronaldo cho rng anh v Messi l hin tng bt thng, l d nhn trong bng  hin i. Hm qua, Ronaldo  ln th 3 ot danh hiu Qu bng vng th gii. Trc , Lionel Messi thng tr gii thng ny khi ginh chin thng trong 4 nm lin tip. Trong sut 7 nm qua, danh hiu c nhn cao qu ny ch c 2 ch nhn.</font></div><div style=\"text-align: justify;\"><font face=\"arial\" size=\"2\"><br></font></div><div style=\"text-align: center;\"><font face=\"arial\" size=\"2\"><img src=\"http://u.goal.com/813500/813532.jpg\" width=\"500\" alt=\"\" align=\"none\"></font></div><div style=\"text-align: justify;\"><font face=\"arial\" size=\"2\"><br></font></div><div style=\"text-align: justify;\"><font face=\"arial\" size=\"2\">V l , Ronaldo nhn mnh anh v Messi l hai cu th him hoi trn th gii c th duy tr ho quang trong thi gian di. Bn cnh , ngi sao ngi B o Nha cho bit anh cha bao gi tha mn v s tip tc lm vic chm ch  gt hi thnh cng.</font></div><div style=\"text-align: justify;\"><font face=\"arial\" size=\"2\"><br></font></div><div style=\"text-align: justify;\"><font face=\"arial\" size=\"2\">Ronaldo cho bit: Thnh tht m ni, ti khng ngh ti c th ng  top u th gii trong nhiu nm qua. Mi chuyn xy ra qu nhanh. Theo ti, iu kh khn nht l duy tr ng cp .</font></div><div style=\"text-align: justify;\"><font face=\"arial\" size=\"2\"><br></font></div><div style=\"text-align: justify;\"><font face=\"arial\" size=\"2\">Ti t ho v lt vo i hnh xut sc nht th gii 8 nm lin tip v lun ganh ua trong top 3 ngi hay nht, v y l vic t ngi c th lm c. Ti ngh ch c Messi v ti c kh nng lm c nh th, khng cn ai khc na.</font></div><div style=\"text-align: justify;\"><font face=\"arial\" size=\"2\"><br></font></div><div style=\"text-align: justify;\"><font face=\"arial\" size=\"2\">Ti khng ngh bt c ai khc c c th lm iu  trong 8 nm lin tip,  l l do khin ti v cng tha mn. Nm ny qua nm khc, ti lun lm vic chm ch  t c iu . S cng nhn ny l du hiu cho thy mi s vn tt p v ti ang tn hng mt s nghip c bit.</font></div><div style=\"text-align: justify;\"><br></div>									  									</div>', '2015_01/18/1421515072_19.jpg', '2015-01-18 00:18:50', '2015-01-18 00:18:50');

-- ----------------------------
-- Table structure for tbl_crawl_url
-- ----------------------------
DROP TABLE IF EXISTS `tbl_crawl_url`;
CREATE TABLE `tbl_crawl_url` (
  `id` int(11) NOT NULL AUTO_INCREMENT,
  `name` varchar(255) CHARACTER SET utf8 DEFAULT NULL,
  `url` varchar(255) CHARACTER SET utf8 NOT NULL,
  `site` varchar(255) CHARACTER SET utf8 NOT NULL,
  `category_id` int(11) DEFAULT '0',
  `created_datetime` datetime DEFAULT NULL,
  `updated_datetime` datetime DEFAULT NULL,
  `status` tinyint(1) DEFAULT '0' COMMENT '0: not crawl; 1:crawled',
  `avatar_path` varchar(255) DEFAULT NULL,
  PRIMARY KEY (`id`),
  UNIQUE KEY `unique_url` (`url`)
) ENGINE=InnoDB AUTO_INCREMENT=41 DEFAULT CHARSET=latin1;

-- ----------------------------
-- Records of tbl_crawl_url
-- ----------------------------
INSERT INTO `tbl_crawl_url` VALUES ('1', '3 cp bi trng hay nht Premier League ma ny', 'http://bongdaso.com/3-c%e1%ba%b7p-b%c3%a0i-tr%c3%b9ng-hay-nh%e1%ba%a5t-Premier-League-m%c3%b9a-n%c3%a0y-_Art_145884.aspx', 'http://bongdaso.com', '1', '2015-01-18 00:17:49', '2015-01-18 00:17:49', '0', '2015_01/18/1421515067_0.jpg');
INSERT INTO `tbl_crawl_url` VALUES ('2', 'Wenger ni dy tro lu dp b Qu bng Vng', 'http://bongdaso.com/Wenger-n%e1%bb%95i-d%e1%ba%ady-tr%c3%a0o-l%c6%b0u-d%e1%ba%b9p-b%e1%bb%8f-Qu%e1%ba%a3-b%c3%b3ng-V%c3%a0ng-_Art_145883.aspx', 'http://bongdaso.com', '1', '2015-01-18 00:17:49', '2015-01-18 00:17:49', '0', '2015_01/18/1421515068_1.jpg');
INSERT INTO `tbl_crawl_url` VALUES ('3', 'Siu quy Balotelli nhi ting ht Ronaldo n mng QBV', 'http://bongdaso.com/Si%c3%aau-qu%e1%ba%ady-Balotelli-nh%c3%a1i-ti%e1%ba%bfng-h%c3%a9t-Ronaldo-%c4%83n-m%e1%bb%abng-QBV-_Art_145881.aspx', 'http://bongdaso.com', '1', '2015-01-18 00:17:49', '2015-01-18 00:17:49', '0', '2015_01/18/1421515068_2.');
INSERT INTO `tbl_crawl_url` VALUES ('4', 'Yaya Toure tip tc da Man City', 'http://bongdaso.com/Yaya-Toure-ti%e1%ba%bfp-t%e1%bb%a5c-d%e1%bb%8da-Man-City-_Art_145875.aspx', 'http://bongdaso.com', '1', '2015-01-18 00:17:49', '2015-01-18 00:17:49', '0', '2015_01/18/1421515068_3.jpg');
INSERT INTO `tbl_crawl_url` VALUES ('5', 'BN TIN SNG 17/1: V sao Van Gaal cha b sa thi?', 'http://bongdaso.com/B%e1%ba%a2N-TIN-S%c3%81NG-171-V%c3%ac-sao-Van-Gaal-ch%c6%b0a-b%e1%bb%8b-sa-th%e1%ba%a3i-_Art_145880.aspx', 'http://bongdaso.com', '1', '2015-01-18 00:17:49', '2015-01-18 00:17:49', '0', '2015_01/18/1421515068_4.jpg');
INSERT INTO `tbl_crawl_url` VALUES ('6', 'Van Gaal t ch ra khuyt im ca M.U', 'http://bongdaso.com/Van-Gaal-t%e1%bb%b1-ch%e1%bb%89-ra-khuy%e1%ba%bft-%c4%91i%e1%bb%83m-c%e1%bb%a7a-MU-_Art_145874.aspx', 'http://bongdaso.com', '1', '2015-01-18 00:17:49', '2015-01-18 00:17:49', '0', '2015_01/18/1421515068_5.jpg');
INSERT INTO `tbl_crawl_url` VALUES ('7', 'CHNH THC: Defoe tr li Premier League', 'http://bongdaso.com/CH%c3%8dNH-TH%e1%bb%a8C-Defoe-tr%e1%bb%9f-l%e1%ba%a1i-Premier-League-_Art_145877.aspx', 'http://bongdaso.com', '1', '2015-01-18 00:17:49', '2015-01-18 00:17:49', '0', '2015_01/18/1421515068_6.jpg');
INSERT INTO `tbl_crawl_url` VALUES ('8', 'QPR - Man Utd: Tm li nim vui?', 'http://bongdaso.com/QPR---Man-Utd-T%c3%acm-l%e1%ba%a1i-ni%e1%bb%81m-vui-_Art_145870.aspx', 'http://bongdaso.com', '1', '2015-01-18 00:17:49', '2015-01-18 00:17:49', '0', '2015_01/18/1421515068_7.jpg');
INSERT INTO `tbl_crawl_url` VALUES ('9', 'BN TIN 0H 17/1: Mourinho kh chu vi Man City', 'http://bongdaso.com/B%e1%ba%a2N-TIN-0H-171-Mourinho-kh%c3%b3-ch%e1%bb%8bu-v%e1%bb%9bi-Man-City-_Art_145873.aspx', 'http://bongdaso.com', '1', '2015-01-18 00:17:49', '2015-01-18 00:17:49', '0', '2015_01/18/1421515068_8.jpg');
INSERT INTO `tbl_crawl_url` VALUES ('10', 'Aguero i u Sanchez: Ai xut sc hn ai?', 'http://bongdaso.com/Aguero-%c4%91%e1%bb%91i-%c4%91%e1%ba%a7u-Sanchez-Ai-xu%e1%ba%a5t-s%e1%ba%afc-h%c6%a1n-ai-_Art_145862.aspx', 'http://bongdaso.com', '1', '2015-01-18 00:17:49', '2015-01-18 00:17:49', '0', '2015_01/18/1421515068_9.jpg');
INSERT INTO `tbl_crawl_url` VALUES ('11', 'BN TIN TI 16/1: M.U ln k hoch bo chi', 'http://bongdaso.com/B%e1%ba%a2N-TIN-T%e1%bb%90I-161-MU-l%c3%aan-k%e1%ba%bf-ho%e1%ba%a1ch-b%e1%ba%a1o-chi-_Art_145867.aspx', 'http://bongdaso.com', '1', '2015-01-18 00:17:49', '2015-01-18 00:17:49', '0', '2015_01/18/1421515068_10.jpg');
INSERT INTO `tbl_crawl_url` VALUES ('12', 'Danh hiu thng 12: Van Gaal thua au', 'http://bongdaso.com/Danh-hi%e1%bb%87u-th%c3%a1ng-12-Van-Gaal-thua-%c4%91au-_Art_145866.aspx', 'http://bongdaso.com', '1', '2015-01-18 00:17:49', '2015-01-18 00:17:49', '0', '2015_01/18/1421515069_11.jpg');
INSERT INTO `tbl_crawl_url` VALUES ('13', 'Torres rc r, Mourinho b chc ngoy', 'http://bongdaso.com/Torres-r%e1%bb%b1c-r%e1%bb%a1%2c-Mourinho-b%e1%bb%8b-ch%e1%bb%8dc-ngo%c3%a1y-_Art_145858.aspx', 'http://bongdaso.com', '1', '2015-01-18 00:17:49', '2015-01-18 00:17:49', '0', '2015_01/18/1421515069_12.jpg');
INSERT INTO `tbl_crawl_url` VALUES ('14', 'Trc vng 22 Premier League: Bc ngot Etihad', 'http://bongdaso.com/Tr%c6%b0%e1%bb%9bc-v%c3%b2ng-22-Premier-League-B%c6%b0%e1%bb%9bc-ngo%e1%ba%b7t-Etihad-_Art_145825.aspx', 'http://bongdaso.com', '1', '2015-01-18 00:17:49', '2015-01-18 00:17:49', '0', '2015_01/18/1421515069_13.jpg');
INSERT INTO `tbl_crawl_url` VALUES ('15', 'Arsenal n tn binh u tin', 'http://bongdaso.com/Arsenal-%c4%91%c3%b3n-t%c3%a2n-binh-%c4%91%e1%ba%a7u-ti%c3%aan-_Art_145835.aspx', 'http://bongdaso.com', '1', '2015-01-18 00:17:49', '2015-01-18 00:17:49', '0', '2015_01/18/1421515069_14.jpg');
INSERT INTO `tbl_crawl_url` VALUES ('16', 'im mt nhng trung v c th cu ri M.U', 'http://bongdaso.com/%c4%90i%e1%bb%83m-m%e1%ba%b7t-nh%e1%bb%afng-trung-v%e1%bb%87-c%c3%b3-th%e1%bb%83-c%e1%bb%a9u-r%e1%bb%97i-MU-_Art_145820.aspx', 'http://bongdaso.com', '1', '2015-01-18 00:17:49', '2015-01-18 00:17:49', '0', '2015_01/18/1421515069_15.jpg');
INSERT INTO `tbl_crawl_url` VALUES ('17', 'V thm st  Paris khin Chelsea tim p chn run', 'http://bongdaso.com/V%e1%bb%a5-th%e1%ba%a3m-s%c3%a1t-%e1%bb%9f-Paris-khi%e1%ba%bfn-Chelsea-tim-%c4%91%e1%ba%adp-ch%c3%a2n-run-_Art_145822.aspx', 'http://bongdaso.com', '1', '2015-01-18 00:17:49', '2015-01-18 00:17:49', '0', '2015_01/18/1421515069_16.jpg');
INSERT INTO `tbl_crawl_url` VALUES ('18', 'BN TIN TI 15/1: K tch ca Daley Blind', 'http://bongdaso.com/B%e1%ba%a2N-TIN-T%e1%bb%90I-151-K%e1%bb%b3-t%c3%adch-c%e1%bb%a7a-Daley-Blind-_Art_145834.aspx', 'http://bongdaso.com', '1', '2015-01-18 00:17:49', '2015-01-18 00:17:49', '0', '2015_01/18/1421515069_17.jpg');
INSERT INTO `tbl_crawl_url` VALUES ('19', 'V sao Messi ch c th n M.U?', 'http://bongdaso.com/V%c3%ac-sao-Messi-ch%e1%bb%89-c%c3%b3-th%e1%bb%83-%c4%91%e1%ba%bfn-MU-_Art_145826.aspx', 'http://bongdaso.com', '1', '2015-01-18 00:17:49', '2015-01-18 00:17:49', '0', '2015_01/18/1421515069_18.jpg');
INSERT INTO `tbl_crawl_url` VALUES ('20', 'Wilfried Bony hi ra tin nh iu khon bo b', 'http://bongdaso.com/Wilfried-Bony-%e2%80%98h%c3%a1i-ra-ti%e1%bb%81n%e2%80%99-nh%e1%bb%9d-%c4%91i%e1%bb%81u-kho%e1%ba%a3n-b%c3%a9o-b%e1%bb%9f-_Art_145818.aspx', 'http://bongdaso.com', '1', '2015-01-18 00:17:49', '2015-01-18 00:17:49', '0', '2015_01/18/1421515069_19.jpg');
INSERT INTO `tbl_crawl_url` VALUES ('21', 'n n au ing, Pepe gy xng sn', 'http://bongdaso.com/%c4%82n-%c4%91%c3%b2n-%c4%91au-%c4%91i%e1%ba%bfng%2c-Pepe-g%c3%a3y-x%c6%b0%c6%a1ng-s%c6%b0%e1%bb%9dn-_Art_145859.aspx', 'http://bongdaso.com', '2', '2015-01-18 00:17:52', '2015-01-18 00:17:52', '0', '2015_01/18/1421515070_0.jpg');
INSERT INTO `tbl_crawl_url` VALUES ('22', 'Trc vng 19 La Liga: Ly  trong ti?', 'http://bongdaso.com/Tr%c6%b0%e1%bb%9bc-v%c3%b2ng-19-La-Liga-L%e1%ba%a5y-%c4%91%e1%bb%93-trong-t%c3%bai-_Art_145857.aspx', 'http://bongdaso.com', '2', '2015-01-18 00:17:52', '2015-01-18 00:17:52', '0', '2015_01/18/1421515070_1.jpg');
INSERT INTO `tbl_crawl_url` VALUES ('23', 'Real Madrid t tha thun mua Marco Reus', 'http://bongdaso.com/Real-Madrid-%c4%91%e1%ba%a1t-th%e1%bb%8fa-thu%e1%ba%adn-mua-Marco-Reus-_Art_145853.aspx', 'http://bongdaso.com', '2', '2015-01-18 00:17:52', '2015-01-18 00:17:52', '0', '2015_01/18/1421515070_2.jpg');
INSERT INTO `tbl_crawl_url` VALUES ('24', 'Torres h h trc hin tng him', 'http://bongdaso.com/Torres-h%e1%ba%a3-h%c3%aa-tr%c6%b0%e1%bb%9bc-hi%e1%bb%87n-t%c6%b0%e1%bb%a3ng-hi%e1%ba%bfm-_Art_145847.aspx', 'http://bongdaso.com', '2', '2015-01-18 00:17:52', '2015-01-18 00:17:52', '0', '2015_01/18/1421515070_3.jpg');
INSERT INTO `tbl_crawl_url` VALUES ('25', 'Jeremy Mathieu, Giovinco r nhau lp siu phm st pht', 'http://bongdaso.com/Jeremy-Mathieu%2c-Giovinco-r%e1%bb%a7-nhau-l%e1%ba%adp-si%c3%aau-ph%e1%ba%a9m-s%c3%bat-ph%e1%ba%a1t-_Art_145842.aspx', 'http://bongdaso.com', '2', '2015-01-18 00:17:52', '2015-01-18 00:17:52', '0', '2015_01/18/1421515071_4.jpg');
INSERT INTO `tbl_crawl_url` VALUES ('26', 'Va tr li, Torres lp k lc mi cho Atletico', 'http://bongdaso.com/V%e1%bb%aba-tr%e1%bb%9f-l%e1%ba%a1i%2c-Torres-l%e1%ba%adp-k%e1%bb%89-l%e1%bb%a5c-m%e1%bb%9bi-cho-Atletico-_Art_145841.aspx', 'http://bongdaso.com', '2', '2015-01-18 00:17:52', '2015-01-18 00:17:52', '0', '2015_01/18/1421515071_5.jpg');
INSERT INTO `tbl_crawl_url` VALUES ('27', 'Sai lm nh bn  gip Torres lp cng ca Sergio Ramos', 'http://bongdaso.com/Sai-l%e1%ba%a7m-nh%c6%b0-b%c3%a1n-%c4%91%e1%bb%99-gi%c3%bap-Torres-l%e1%ba%adp-c%c3%b4ng-c%e1%bb%a7a-Sergio-Ramos-_Art_145839.aspx', 'http://bongdaso.com', '2', '2015-01-18 00:17:52', '2015-01-18 00:17:52', '0', '2015_01/18/1421515071_6.jpg');
INSERT INTO `tbl_crawl_url` VALUES ('28', 'V kh mi gip Ronaldo bin Varane thnh g h', 'http://bongdaso.com/V%c5%a9-kh%c3%ad-m%e1%bb%9bi-gi%c3%bap-Ronaldo-bi%e1%ba%bfn-Varane-th%c3%a0nh-g%c3%a3-h%e1%bb%81-_Art_145829.aspx', 'http://bongdaso.com', '2', '2015-01-18 00:17:52', '2015-01-18 00:17:52', '0', '2015_01/18/1421515071_7.jpg');
INSERT INTO `tbl_crawl_url` VALUES ('29', 'Phn tng i hnh FIFA: Bale i 3, Fabregas i 5', 'http://bongdaso.com/Ph%c3%a2n-t%e1%ba%a7ng-%c4%91%e1%bb%99i-h%c3%acnh-FIFA-Bale-%c4%91%e1%bb%99i-3%2c-Fabregas-%c4%91%e1%bb%99i-5-_Art_145821.aspx', 'http://bongdaso.com', '2', '2015-01-18 00:17:52', '2015-01-18 00:17:52', '0', '2015_01/18/1421515071_8.jpg');
INSERT INTO `tbl_crawl_url` VALUES ('30', 'Ancelotti thm mun Messi', 'http://bongdaso.com/Ancelotti-th%c3%a8m-mu%e1%bb%91n-Messi-_Art_145813.aspx', 'http://bongdaso.com', '2', '2015-01-18 00:17:52', '2015-01-18 00:17:52', '0', '2015_01/18/1421515071_9.jpg');
INSERT INTO `tbl_crawl_url` VALUES ('31', 'nh bt Eusebio v Figo, CR7 m gii th k  BN', 'http://bongdaso.com/%c4%90%c3%a1nh-b%e1%ba%adt-Eusebio-v%c3%a0-Figo%2c-CR7-%e1%ba%b5m-gi%e1%ba%a3i-th%e1%ba%bf-k%e1%bb%89-%e1%bb%9f-B%c4%90N-_Art_145807.aspx', 'http://bongdaso.com', '2', '2015-01-18 00:17:52', '2015-01-18 00:17:52', '0', '2015_01/18/1421515071_10.jpg');
INSERT INTO `tbl_crawl_url` VALUES ('32', 'B ui, Moyes chy thng ln khn i n k bim bim', 'http://bongdaso.com/B%e1%bb%8b-%c4%91u%e1%bb%95i%2c-Moyes-ch%e1%ba%a1y-th%e1%ba%b3ng-l%c3%aan-kh%c3%a1n-%c4%91%c3%a0i-%c4%83n-k%c3%a9%e2%80%a6-bim-bim-_Art_145802.aspx', 'http://bongdaso.com', '2', '2015-01-18 00:17:52', '2015-01-18 00:17:52', '0', '2015_01/18/1421515071_11.jpg');
INSERT INTO `tbl_crawl_url` VALUES ('33', 'C.Ronaldo l gii nguyn nhn \"cht chm\"', 'http://bongdaso.com/CRonaldo-l%c3%bd-gi%e1%ba%a3i-nguy%c3%aan-nh%c3%a2n-ch%e1%ba%bft-ch%c3%acm-_Art_145787.aspx', 'http://bongdaso.com', '2', '2015-01-18 00:17:52', '2015-01-18 00:17:52', '0', '2015_01/18/1421515071_12.jpg');
INSERT INTO `tbl_crawl_url` VALUES ('34', 'CHNH THC: Barcelona chia tay cu th u tin', 'http://bongdaso.com/CH%c3%8dNH-TH%e1%bb%a8C-Barcelona-chia-tay-c%e1%ba%a7u-th%e1%bb%a7-%c4%91%e1%ba%a7u-ti%c3%aan-_Art_145788.aspx', 'http://bongdaso.com', '2', '2015-01-18 00:17:52', '2015-01-18 00:17:52', '0', '2015_01/18/1421515071_13.jpg');
INSERT INTO `tbl_crawl_url` VALUES ('35', 'Qu bng Vng FIFA: Ci tnh nng hn ci l!', 'http://bongdaso.com/Qu%e1%ba%a3-b%c3%b3ng-V%c3%a0ng-FIFA-C%c3%a1i-t%c3%acnh-n%e1%ba%b7ng-h%c6%a1n-c%c3%a1i-l%c3%bd!-_Art_145780.aspx', 'http://bongdaso.com', '2', '2015-01-18 00:17:52', '2015-01-18 00:17:52', '0', '2015_01/18/1421515071_14.jpg');
INSERT INTO `tbl_crawl_url` VALUES ('36', 'QBV: Ai c th ph v th thng tr ca Messi, Ronaldo?', 'http://bongdaso.com/QBV-Ai-c%c3%b3-th%e1%bb%83-ph%c3%a1-v%e1%bb%a1-th%e1%ba%bf-th%e1%bb%91ng-tr%e1%bb%8b-c%e1%bb%a7a-Messi%2c-Ronaldo-_Art_145782.aspx', 'http://bongdaso.com', '2', '2015-01-18 00:17:52', '2015-01-18 00:17:52', '0', '2015_01/18/1421515072_15.jpg');
INSERT INTO `tbl_crawl_url` VALUES ('37', 'Messi bn tn hiu cho... Real Madrid', 'http://bongdaso.com/Messi-b%e1%ba%afn-t%c3%adn-hi%e1%bb%87u-cho-Real-Madrid-_Art_145763.aspx', 'http://bongdaso.com', '2', '2015-01-18 00:17:52', '2015-01-18 00:17:52', '0', '2015_01/18/1421515072_16.jpg');
INSERT INTO `tbl_crawl_url` VALUES ('38', 'Tit l: Con trai C.Ronaldo m mn Messi', 'http://bongdaso.com/Ti%e1%ba%bft-l%e1%bb%99-Con-trai-CRonaldo-m%c3%aa-m%e1%ba%a9n-Messi-_Art_145768.aspx', 'http://bongdaso.com', '2', '2015-01-18 00:17:52', '2015-01-18 00:17:52', '0', '2015_01/18/1421515072_17.jpg');
INSERT INTO `tbl_crawl_url` VALUES ('39', 'Casillas ang tt, mua De Gea lm g?', 'http://bongdaso.com/Casillas-%c4%91ang-t%e1%bb%91t%2c-mua-De-Gea-l%c3%a0m-g%c3%ac-_Art_145760.aspx', 'http://bongdaso.com', '2', '2015-01-18 00:17:52', '2015-01-18 00:17:52', '0', '2015_01/18/1421515072_18.jpg');
INSERT INTO `tbl_crawl_url` VALUES ('40', 'Ronaldo bt ng khen Messi l d nhn', 'http://bongdaso.com/Ronaldo-b%e1%ba%a5t-ng%e1%bb%9d-khen-Messi-l%c3%a0-d%e1%bb%8b-nh%c3%a2n-_Art_145758.aspx', 'http://bongdaso.com', '2', '2015-01-18 00:17:52', '2015-01-18 00:17:52', '0', '2015_01/18/1421515072_19.jpg');

-- ----------------------------
-- Table structure for tbl_files
-- ----------------------------
DROP TABLE IF EXISTS `tbl_files`;
CREATE TABLE `tbl_files` (
  `id` int(11) NOT NULL AUTO_INCREMENT,
  `name` varchar(255) NOT NULL,
  `source_path` varchar(255) DEFAULT NULL,
  `file_type` varchar(100) DEFAULT NULL,
  `file_size` varchar(255) DEFAULT NULL,
  `download` int(11) NOT NULL DEFAULT '0',
  `view` int(11) NOT NULL DEFAULT '0',
  `updated_datetime` datetime DEFAULT NULL,
  `created_datetime` datetime DEFAULT NULL,
  PRIMARY KEY (`id`)
) ENGINE=InnoDB AUTO_INCREMENT=2 DEFAULT CHARSET=utf8;

-- ----------------------------
-- Records of tbl_files
-- ----------------------------
INSERT INTO `tbl_files` VALUES ('1', 'Ti liu c kh', 'Ti liu c kh11371662970.pdf', 'application/pdf', '591632', '1321', '1213', null, null);

-- ----------------------------
-- Table structure for tbl_gallery_category
-- ----------------------------
DROP TABLE IF EXISTS `tbl_gallery_category`;
CREATE TABLE `tbl_gallery_category` (
  `id` int(11) NOT NULL AUTO_INCREMENT,
  `name` varchar(255) COLLATE utf8_unicode_ci NOT NULL,
  `image` varchar(255) COLLATE utf8_unicode_ci DEFAULT NULL,
  `description` text COLLATE utf8_unicode_ci,
  `time_modified` datetime DEFAULT NULL,
  PRIMARY KEY (`id`)
) ENGINE=MyISAM AUTO_INCREMENT=12 DEFAULT CHARSET=utf8 COLLATE=utf8_unicode_ci;

-- ----------------------------
-- Records of tbl_gallery_category
-- ----------------------------
INSERT INTO `tbl_gallery_category` VALUES ('1', 'Technology', '1_cat_avatar.jpg', null, '2012-02-17 07:13:33');
INSERT INTO `tbl_gallery_category` VALUES ('5', 'Slide Top', '5_cat_avatar.jpg', null, '2012-02-17 08:11:44');
INSERT INTO `tbl_gallery_category` VALUES ('6', 'fasdfasdfsdf', null, null, null);
INSERT INTO `tbl_gallery_category` VALUES ('7', 'fasdfasdfsdf', null, null, null);
INSERT INTO `tbl_gallery_category` VALUES ('8', 'fasdfasdfsdf', '8_cat_276021_100000360207899_880476706_n.jpg', null, null);
INSERT INTO `tbl_gallery_category` VALUES ('11', 'asdfs', null, null, null);

-- ----------------------------
-- Table structure for tbl_gallery_items
-- ----------------------------
DROP TABLE IF EXISTS `tbl_gallery_items`;
CREATE TABLE `tbl_gallery_items` (
  `id` int(11) NOT NULL AUTO_INCREMENT,
  `catid` int(11) NOT NULL,
  `title` varchar(255) COLLATE utf8_unicode_ci NOT NULL,
  `description` text COLLATE utf8_unicode_ci,
  `image` varchar(255) COLLATE utf8_unicode_ci DEFAULT NULL,
  `update_time` datetime DEFAULT NULL,
  PRIMARY KEY (`id`)
) ENGINE=MyISAM AUTO_INCREMENT=36 DEFAULT CHARSET=utf8 COLLATE=utf8_unicode_ci;

-- ----------------------------
-- Records of tbl_gallery_items
-- ----------------------------
INSERT INTO `tbl_gallery_items` VALUES ('21', '1', 'HTC One V', null, '2161.jpg', null);
INSERT INTO `tbl_gallery_items` VALUES ('23', '5', 'dfasdfsdf', null, '23avatar.jpg', null);
INSERT INTO `tbl_gallery_items` VALUES ('28', '1', 'fasdfasdfsdf', null, '2820121117_215141.jpg', null);
INSERT INTO `tbl_gallery_items` VALUES ('29', '1', 'sdfhsdlfhs', null, '29276021_100000360207899_880476706_n.jpg', null);
INSERT INTO `tbl_gallery_items` VALUES ('31', '1', 'asdfsdfsdfd', null, '31276021_100000360207899_880476706_n.jpg', null);

-- ----------------------------
-- Table structure for tbl_lookup
-- ----------------------------
DROP TABLE IF EXISTS `tbl_lookup`;
CREATE TABLE `tbl_lookup` (
  `id` int(11) NOT NULL AUTO_INCREMENT,
  `name` varchar(128) COLLATE utf8_unicode_ci NOT NULL,
  `code` int(11) NOT NULL,
  `type` varchar(128) COLLATE utf8_unicode_ci NOT NULL,
  `position` int(11) NOT NULL,
  PRIMARY KEY (`id`)
) ENGINE=InnoDB AUTO_INCREMENT=9 DEFAULT CHARSET=utf8 COLLATE=utf8_unicode_ci;

-- ----------------------------
-- Records of tbl_lookup
-- ----------------------------
INSERT INTO `tbl_lookup` VALUES ('1', 'Draft', '1', 'PostStatus', '1');
INSERT INTO `tbl_lookup` VALUES ('2', 'Published', '2', 'PostStatus', '2');
INSERT INTO `tbl_lookup` VALUES ('3', 'Archived', '3', 'PostStatus', '3');
INSERT INTO `tbl_lookup` VALUES ('4', 'Pending Approval', '1', 'CommentStatus', '1');
INSERT INTO `tbl_lookup` VALUES ('5', 'Approved', '2', 'CommentStatus', '2');
INSERT INTO `tbl_lookup` VALUES ('6', 'Draft', '0', 'NewsStatus', '2');
INSERT INTO `tbl_lookup` VALUES ('7', 'Published', '1', 'NewsStatus', '1');
INSERT INTO `tbl_lookup` VALUES ('8', 'Archived', '2', 'NewsStatus', '3');

-- ----------------------------
-- Table structure for tbl_menus
-- ----------------------------
DROP TABLE IF EXISTS `tbl_menus`;
CREATE TABLE `tbl_menus` (
  `id` int(11) NOT NULL AUTO_INCREMENT,
  `name` varchar(255) COLLATE utf8_unicode_ci NOT NULL,
  `description` text COLLATE utf8_unicode_ci,
  `update_time` datetime DEFAULT NULL,
  PRIMARY KEY (`id`)
) ENGINE=MyISAM AUTO_INCREMENT=5 DEFAULT CHARSET=utf8 COLLATE=utf8_unicode_ci;

-- ----------------------------
-- Records of tbl_menus
-- ----------------------------
INSERT INTO `tbl_menus` VALUES ('1', 'Top menu', 'menu top', null);
INSERT INTO `tbl_menus` VALUES ('4', 'Menu Left', 'Menu left sidebar', null);

-- ----------------------------
-- Table structure for tbl_menu_items
-- ----------------------------
DROP TABLE IF EXISTS `tbl_menu_items`;
CREATE TABLE `tbl_menu_items` (
  `id` int(11) NOT NULL AUTO_INCREMENT,
  `name` varchar(255) COLLATE utf8_unicode_ci NOT NULL,
  `alias` varchar(255) COLLATE utf8_unicode_ci NOT NULL,
  `title_tree` varchar(255) COLLATE utf8_unicode_ci DEFAULT NULL,
  `parent_id` int(11) NOT NULL DEFAULT '0',
  `menu_group` int(11) NOT NULL DEFAULT '0',
  `content_id` int(11) NOT NULL DEFAULT '0',
  `params` text COLLATE utf8_unicode_ci,
  `menutypes` int(11) NOT NULL DEFAULT '0',
  `url` varchar(255) COLLATE utf8_unicode_ci DEFAULT NULL,
  `position` int(11) NOT NULL DEFAULT '0',
  `ordering` int(11) NOT NULL DEFAULT '0',
  `level` int(11) NOT NULL DEFAULT '0',
  `fixed_url` tinyint(1) NOT NULL DEFAULT '0',
  `url_open` varchar(10) COLLATE utf8_unicode_ci DEFAULT NULL,
  `translate_key` varchar(255) COLLATE utf8_unicode_ci DEFAULT NULL,
  `published` tinyint(1) NOT NULL DEFAULT '0',
  `update_time` datetime DEFAULT NULL,
  `language` varchar(10) COLLATE utf8_unicode_ci DEFAULT NULL,
  PRIMARY KEY (`id`)
) ENGINE=MyISAM AUTO_INCREMENT=28 DEFAULT CHARSET=utf8 COLLATE=utf8_unicode_ci;

-- ----------------------------
-- Records of tbl_menu_items
-- ----------------------------
INSERT INTO `tbl_menu_items` VALUES ('1', 'Home', 'home', 'Home', '0', '1', '0', null, '3', null, '1', '1', '0', '0', null, null, '1', '2014-03-20 22:55:27', 'en');
INSERT INTO `tbl_menu_items` VALUES ('2', 'Software', 'software', 'Software', '0', '1', '10', 'a:2:{s:1:\"r\";s:9:\"/software\";s:1:\"p\";a:0:{}}', '5', null, '2', '2', '0', '0', null, '2', '1', '2014-05-21 21:54:14', 'vi');
INSERT INTO `tbl_menu_items` VALUES ('20', 'Casestudies', 'casestudies', 'Casestudies', '0', '1', '85', 'a:2:{s:1:\"r\";s:12:\"/casestudies\";s:1:\"p\";a:0:{}}', '5', null, '7', '5', '0', '0', null, null, '1', '2014-07-17 22:56:27', 'vi');
INSERT INTO `tbl_menu_items` VALUES ('21', 'Pricing', 'pricing', 'Pricing', '0', '1', '0', 'a:2:{s:1:\"r\";s:8:\"/pricing\";s:1:\"p\";a:0:{}}', '5', null, '9', '7', '0', '0', null, null, '1', '2014-05-21 21:58:42', 'vi');
INSERT INTO `tbl_menu_items` VALUES ('19', 'Dch v', 'dich-vu', '-   - Dch v', '2', '1', '79', 'a:2:{s:1:\"r\";s:13:\"/default/news\";s:1:\"p\";a:0:{}}', '2', null, '5', '4', '1', '0', null, null, '1', '2014-03-15 23:27:17', 'vi');
INSERT INTO `tbl_menu_items` VALUES ('22', 'Blog', 'blog', 'Blog', '0', '1', '80', 'a:2:{s:1:\"r\";s:5:\"/blog\";s:1:\"p\";a:0:{}}', '5', null, '8', '6', '0', '0', null, null, '1', '2014-05-21 21:56:05', 'vi');
INSERT INTO `tbl_menu_items` VALUES ('24', 'About', 'about', 'About', '0', '1', '10', 'a:2:{s:1:\"r\";s:6:\"/about\";s:1:\"p\";a:0:{}}', '5', null, '10', '8', '0', '0', null, null, '1', '2014-05-21 21:59:58', 'vi');
INSERT INTO `tbl_menu_items` VALUES ('25', 'Testimonials', 'Testimonials', 'Testimonials', '0', '1', '0', 'a:2:{s:1:\"r\";s:13:\"/testimonials\";s:1:\"p\";a:0:{}}', '5', null, '6', '3', '0', '0', null, null, '1', '2014-11-16 21:22:40', 'vi');
INSERT INTO `tbl_menu_items` VALUES ('26', 'pos example', 'pos-example', '-   - pos example', '2', '1', '87', null, '2', null, '3', '0', '1', '0', null, null, '1', '2014-07-19 21:35:21', 'vi');

-- ----------------------------
-- Table structure for tbl_menu_items_types
-- ----------------------------
DROP TABLE IF EXISTS `tbl_menu_items_types`;
CREATE TABLE `tbl_menu_items_types` (
  `id` int(11) NOT NULL AUTO_INCREMENT,
  `name` varchar(255) COLLATE utf8_unicode_ci DEFAULT NULL,
  `view` varchar(255) COLLATE utf8_unicode_ci DEFAULT NULL,
  `rule` varchar(255) COLLATE utf8_unicode_ci DEFAULT NULL,
  `ordering` int(11) NOT NULL DEFAULT '0',
  `params` varchar(255) COLLATE utf8_unicode_ci DEFAULT NULL,
  PRIMARY KEY (`id`)
) ENGINE=MyISAM AUTO_INCREMENT=6 DEFAULT CHARSET=utf8 COLLATE=utf8_unicode_ci;

-- ----------------------------
-- Records of tbl_menu_items_types
-- ----------------------------
INSERT INTO `tbl_menu_items_types` VALUES ('1', 'Signle Article', 'article', '/post/read', '2', 'cat_alias,alias');
INSERT INTO `tbl_menu_items_types` VALUES ('2', 'Signle Page', 'page', '/page/view', '3', 'url_key_page');
INSERT INTO `tbl_menu_items_types` VALUES ('3', 'Home Page', 'home', '/site/index', '1', null);
INSERT INTO `tbl_menu_items_types` VALUES ('4', 'Fixed Url', 'fixed_url', null, '4', null);
INSERT INTO `tbl_menu_items_types` VALUES ('5', 'Custom Url', 'custom', null, '5', null);

-- ----------------------------
-- Table structure for tbl_post
-- ----------------------------
DROP TABLE IF EXISTS `tbl_post`;
CREATE TABLE `tbl_post` (
  `id` int(11) NOT NULL AUTO_INCREMENT,
  `title` varchar(128) COLLATE utf8_unicode_ci NOT NULL,
  `intro_text` text COLLATE utf8_unicode_ci,
  `content` text COLLATE utf8_unicode_ci NOT NULL,
  `tags` text COLLATE utf8_unicode_ci,
  `status` int(11) NOT NULL,
  `create_time` datetime NOT NULL,
  `update_time` datetime NOT NULL,
  `author_id` int(11) NOT NULL,
  PRIMARY KEY (`id`),
  KEY `FK_post_author` (`author_id`),
  CONSTRAINT `FK_post_author` FOREIGN KEY (`author_id`) REFERENCES `tbl_user_web` (`id`) ON DELETE CASCADE
) ENGINE=InnoDB AUTO_INCREMENT=10 DEFAULT CHARSET=utf8 COLLATE=utf8_unicode_ci;

-- ----------------------------
-- Records of tbl_post
-- ----------------------------
INSERT INTO `tbl_post` VALUES ('1', 'Welcome!', 'Ut wisi enim ad minim veniam, quis nostrud exerci tation ullamcorper ', 'This blog system is developed using Yii. It is meant to demonstrate how to use Yii to build a complete real-world application. Complete source code may be found in the Yii releases.\r\nFeel free to try this system by writing new posts and posting comments.', 'test', '2', '0000-00-00 00:00:00', '2014-07-07 23:59:00', '1');
INSERT INTO `tbl_post` VALUES ('2', 'A Test Post', ' Ut wisi enim ad minim veniam, quis nostrud exerci tation ullamcorper ..', 'Lorem ipsum dolor sit amet, consectetur adipisicing elit, sed do eiusmod tempor incididunt ut labore et dolore magna aliqua. Ut enim ad minim veniam, quis nostrud exercitation ullamco laboris nisi ut aliquip ex ea commodo consequat. Duis aute irure dolor in reprehenderit in voluptate velit esse cillum dolore eu fugiat nulla pariatur. Excepteur sint occaecat cupidatat non proident, sunt in culpa qui officia deserunt mollit anim id est laborum.', 'test', '2', '0000-00-00 00:00:00', '2014-07-11 21:09:44', '1');
INSERT INTO `tbl_post` VALUES ('3', 'sdfsdfs', 'sdfsd', 'sdfsdfs', null, '2', '0000-00-00 00:00:00', '0000-00-00 00:00:00', '1');
INSERT INTO `tbl_post` VALUES ('4', 'test', 'fsdfsdfadsf sdfas fs', 'fafdfsd sdf fsd ssdf sdf df sf df df s', null, '2', '0000-00-00 00:00:00', '0000-00-00 00:00:00', '1');
INSERT INTO `tbl_post` VALUES ('5', 'sdf', 'asdfasd', 'asdasdf', null, '2', '0000-00-00 00:00:00', '0000-00-00 00:00:00', '1');
INSERT INTO `tbl_post` VALUES ('6', 'sdf', 'asdfasd', 'asdasdf', null, '2', '0000-00-00 00:00:00', '0000-00-00 00:00:00', '1');
INSERT INTO `tbl_post` VALUES ('8', 'test', 'fasdf', 'Trc mt, SNAPCAM ch mi xut hin trn nn tng Windows Phone. Sau khi&nbsp;<a href=\"http://www.tinhte.vn/tags/t%E1%BA%A1o+album+%E1%BA%A3nh/\" target=\"_blank\">to album nh</a>&nbsp;s trn in thoi, bn c th yu cu SNAPCAM in v chuyn album nh tht t album nh s n nh bn trong vi ngy. Qua , bn s c c nhng album nh cht lng cao vi mc gi phi chng t SNAPCAM trn Windows Phone. Di y l mt s tnh nng ng ch  ca ng dng v dch v SNAPCAM:<br /><br />V dch v:<br /><ul><li>Gi khi im cho mi album nh in vi ti a 49 tm l 7,99 USD, gim gi 30% nu ng k v t hng sm;</li><li>nh c in bng giy in ca Xerox bng cc my in phn gii cao;</li><li>Album nh c chuyn n tay ngi dng trong vi ngy (nhanh nht 48 gi v ti a 7 ngy ty a im);</li><li>2 ty chn album: ng ba mm v ba cng;</li><li>Album ba mm: Thch hp  lu gi hnh nh d ngoi v lm qu tng cho bn b. nh c in trn giy Xerox 200gsm v mi album c ti a 12 trang, cha 49 nh;</li><li>Album ba cng: Thch hp  lu gi nh lu di vi cht liu bn, bo v cc khonh khc ca bn qua thi gian. Mi album cha ti a 49 nh;</li><li>Album c thit k trc tip trn in thoi WP qua ng dng SNAPCAM.</li></ul><br />V ng dng:<br /><ul><li>Cho php to album theo s thch;</li></ul>', null, '2', '2014-07-11 20:52:56', '2014-07-11 20:52:56', '1');
INSERT INTO `tbl_post` VALUES ('9', 'fasdfasdf', 'fasd', 'sd sdf sdf sdf sdfs', null, '2', '2014-07-11 20:54:01', '2014-07-11 20:54:01', '1');

-- ----------------------------
-- Table structure for tbl_profiles
-- ----------------------------
DROP TABLE IF EXISTS `tbl_profiles`;
CREATE TABLE `tbl_profiles` (
  `user_id` int(11) NOT NULL AUTO_INCREMENT,
  `lastname` varchar(50) NOT NULL DEFAULT '',
  `firstname` varchar(50) NOT NULL DEFAULT '',
  PRIMARY KEY (`user_id`),
  CONSTRAINT `user_profile_id` FOREIGN KEY (`user_id`) REFERENCES `tbl_users` (`id`) ON DELETE CASCADE
) ENGINE=InnoDB AUTO_INCREMENT=3 DEFAULT CHARSET=utf8;

-- ----------------------------
-- Records of tbl_profiles
-- ----------------------------
INSERT INTO `tbl_profiles` VALUES ('1', 'Phng', 'Nguyn Vn');
INSERT INTO `tbl_profiles` VALUES ('2', 'Demo', 'Demo');

-- ----------------------------
-- Table structure for tbl_profiles_fields
-- ----------------------------
DROP TABLE IF EXISTS `tbl_profiles_fields`;
CREATE TABLE `tbl_profiles_fields` (
  `id` int(10) NOT NULL AUTO_INCREMENT,
  `varname` varchar(50) NOT NULL,
  `title` varchar(255) NOT NULL,
  `field_type` varchar(50) NOT NULL,
  `field_size` varchar(15) NOT NULL DEFAULT '0',
  `field_size_min` varchar(15) NOT NULL DEFAULT '0',
  `required` int(1) NOT NULL DEFAULT '0',
  `match` varchar(255) NOT NULL DEFAULT '',
  `range` varchar(255) NOT NULL DEFAULT '',
  `error_message` varchar(255) NOT NULL DEFAULT '',
  `other_validator` varchar(5000) NOT NULL DEFAULT '',
  `default` varchar(255) NOT NULL DEFAULT '',
  `widget` varchar(255) NOT NULL DEFAULT '',
  `widgetparams` varchar(5000) NOT NULL DEFAULT '',
  `position` int(3) NOT NULL DEFAULT '0',
  `visible` int(1) NOT NULL DEFAULT '0',
  PRIMARY KEY (`id`),
  KEY `varname` (`varname`,`widget`,`visible`)
) ENGINE=InnoDB AUTO_INCREMENT=3 DEFAULT CHARSET=utf8;

-- ----------------------------
-- Records of tbl_profiles_fields
-- ----------------------------
INSERT INTO `tbl_profiles_fields` VALUES ('1', 'lastname', 'Last Name', 'VARCHAR', '50', '3', '1', '', '', 'Incorrect Last Name (length between 3 and 50 characters).', '', '', '', '', '1', '3');
INSERT INTO `tbl_profiles_fields` VALUES ('2', 'firstname', 'First Name', 'VARCHAR', '50', '3', '1', '', '', 'Incorrect First Name (length between 3 and 50 characters).', '', '', '', '', '0', '3');

-- ----------------------------
-- Table structure for tbl_system_settings
-- ----------------------------
DROP TABLE IF EXISTS `tbl_system_settings`;
CREATE TABLE `tbl_system_settings` (
  `id` int(2) NOT NULL AUTO_INCREMENT,
  `name` varchar(255) COLLATE utf8_unicode_ci NOT NULL,
  `description` text COLLATE utf8_unicode_ci,
  `email` varchar(255) COLLATE utf8_unicode_ci DEFAULT NULL,
  `paging` int(11) DEFAULT NULL,
  `address` text COLLATE utf8_unicode_ci,
  PRIMARY KEY (`id`)
) ENGINE=InnoDB AUTO_INCREMENT=2 DEFAULT CHARSET=utf8 COLLATE=utf8_unicode_ci;

-- ----------------------------
-- Records of tbl_system_settings
-- ----------------------------
INSERT INTO `tbl_system_settings` VALUES ('1', 'Your Company', null, 'company@gmail.com', null, null);

-- ----------------------------
-- Table structure for tbl_tag
-- ----------------------------
DROP TABLE IF EXISTS `tbl_tag`;
CREATE TABLE `tbl_tag` (
  `id` int(11) NOT NULL AUTO_INCREMENT,
  `name` varchar(128) COLLATE utf8_unicode_ci NOT NULL,
  `frequency` int(11) DEFAULT '1',
  PRIMARY KEY (`id`)
) ENGINE=InnoDB AUTO_INCREMENT=4 DEFAULT CHARSET=utf8 COLLATE=utf8_unicode_ci;

-- ----------------------------
-- Records of tbl_tag
-- ----------------------------
INSERT INTO `tbl_tag` VALUES ('3', 'test', '2');

-- ----------------------------
-- Table structure for tbl_translates
-- ----------------------------
DROP TABLE IF EXISTS `tbl_translates`;
CREATE TABLE `tbl_translates` (
  `id` int(11) NOT NULL AUTO_INCREMENT,
  `table_name` varchar(50) COLLATE utf8_unicode_ci DEFAULT NULL,
  `pri_id` int(11) NOT NULL DEFAULT '0',
  `trans_content` text COLLATE utf8_unicode_ci,
  `language` varchar(5) COLLATE utf8_unicode_ci DEFAULT NULL,
  `update_time` datetime DEFAULT NULL,
  `published` tinyint(1) NOT NULL DEFAULT '0',
  PRIMARY KEY (`id`),
  UNIQUE KEY `table_name` (`table_name`,`pri_id`,`language`)
) ENGINE=MyISAM AUTO_INCREMENT=52 DEFAULT CHARSET=utf8 COLLATE=utf8_unicode_ci;

-- ----------------------------
-- Records of tbl_translates
-- ----------------------------
INSERT INTO `tbl_translates` VALUES ('34', 'tbl_menu_items', '1', 'a:2:{s:4:\"name\";s:8:\"dfsdfsdf\";s:5:\"alias\";s:8:\"dfsdfsdf\";}', 'en', null, '1');
INSERT INTO `tbl_translates` VALUES ('35', 'tbl_menu_items', '2', 'a:2:{s:4:\"name\";s:5:\"about\";s:5:\"alias\";s:5:\"about\";}', 'en', null, '1');
INSERT INTO `tbl_translates` VALUES ('36', 'tbl_content', '10', 'a:5:{s:5:\"title\";s:8:\"About Us\";s:5:\"alias\";s:8:\"about-us\";s:8:\"fulltext\";s:40:\"hello this is content page test about-us\";s:7:\"metakey\";s:0:\"\";s:8:\"metadesc\";s:0:\"\";}', 'en', null, '1');
INSERT INTO `tbl_translates` VALUES ('40', 'tbl_categories', '18', 'a:3:{s:5:\"title\";s:6:\"models\";s:5:\"alias\";s:6:\"models\";s:11:\"description\";s:0:\"\";}', 'en', null, '1');
INSERT INTO `tbl_translates` VALUES ('39', 'tbl_content', '71', 'a:4:{s:5:\"title\";s:50:\"Good pupil won a scholarship to study in Singapore\";s:5:\"alias\";s:50:\"good-pupil-won-a-scholarship-to-study-in-singapore\";s:9:\"introtext\";s:0:\"\";s:8:\"fulltext\";s:285:\"Good pupil won a scholarship to study in Singapore&nbsp;Good pupil won a scholarship to study in Singapore&nbsp;Good pupil won a scholarship to study in Singapore  <div><br /></div><div><img src=\"/storage/media/news/63154.1349194128.jpg\" style=\"width:463px;height:337px\" /><br /></div>\";}', 'en', null, '1');
INSERT INTO `tbl_translates` VALUES ('41', 'tbl_content', '23', 'a:5:{s:5:\"title\";s:7:\"support\";s:5:\"alias\";s:7:\"support\";s:8:\"fulltext\";s:0:\"\";s:7:\"metakey\";s:0:\"\";s:8:\"metadesc\";s:0:\"\";}', 'en', null, '1');
INSERT INTO `tbl_translates` VALUES ('42', 'tbl_menu_items', '19', 'a:2:{s:4:\"name\";s:8:\"Services\";s:5:\"alias\";s:8:\"services\";}', 'en', null, '1');
INSERT INTO `tbl_translates` VALUES ('43', 'tbl_menu_items', '20', 'a:2:{s:4:\"name\";s:9:\"Solutions\";s:5:\"alias\";s:9:\"solutions\";}', 'en', null, '1');
INSERT INTO `tbl_translates` VALUES ('44', 'tbl_menu_items', '21', 'a:2:{s:4:\"name\";s:7:\"Contact\";s:5:\"alias\";s:7:\"contact\";}', 'en', null, '1');
INSERT INTO `tbl_translates` VALUES ('45', 'tbl_content', '80', 'a:5:{s:5:\"title\";s:9:\"Solutions\";s:5:\"alias\";s:9:\"solutions\";s:8:\"fulltext\";s:1:\" \";s:7:\"metakey\";s:0:\"\";s:8:\"metadesc\";s:0:\"\";}', 'en', null, '1');
INSERT INTO `tbl_translates` VALUES ('46', 'tbl_content', '74', 'a:5:{s:5:\"title\";s:9:\"Technican\";s:5:\"alias\";s:9:\"technican\";s:8:\"fulltext\";s:0:\"\";s:7:\"metakey\";s:0:\"\";s:8:\"metadesc\";s:0:\"\";}', 'en', null, '1');
INSERT INTO `tbl_translates` VALUES ('47', 'tbl_content', '79', 'a:5:{s:5:\"title\";s:8:\"Services\";s:5:\"alias\";s:8:\"services\";s:8:\"fulltext\";s:0:\"\";s:7:\"metakey\";s:0:\"\";s:8:\"metadesc\";s:0:\"\";}', 'en', null, '1');
INSERT INTO `tbl_translates` VALUES ('48', 'shop_products', '9', 'a:3:{s:5:\"title\";s:17:\"beam welding line\";s:11:\"description\";s:17:\"beam welding line\";s:16:\"description_full\";s:17:\"beam welding line\";}', 'en', null, '1');
INSERT INTO `tbl_translates` VALUES ('49', 'tbl_content', '75', 'a:2:{s:5:\"title\";s:4:\"test\";s:5:\"alias\";s:4:\"test\";}', 'en', null, '1');
INSERT INTO `tbl_translates` VALUES ('50', 'tbl_categories', '9', 'a:3:{s:5:\"title\";s:0:\"\";s:5:\"alias\";s:0:\"\";s:11:\"description\";s:0:\"\";}', 'en', null, '0');

-- ----------------------------
-- Table structure for tbl_users
-- ----------------------------
DROP TABLE IF EXISTS `tbl_users`;
CREATE TABLE `tbl_users` (
  `id` int(11) NOT NULL AUTO_INCREMENT,
  `username` varchar(20) NOT NULL,
  `password` varchar(128) NOT NULL,
  `email` varchar(128) NOT NULL,
  `avatar` varchar(255) DEFAULT NULL,
  `activkey` varchar(128) NOT NULL DEFAULT '',
  `create_at` timestamp NOT NULL DEFAULT CURRENT_TIMESTAMP,
  `lastvisit_at` timestamp NOT NULL DEFAULT '0000-00-00 00:00:00',
  `superuser` int(1) NOT NULL DEFAULT '0',
  `status` int(1) NOT NULL DEFAULT '0',
  PRIMARY KEY (`id`),
  UNIQUE KEY `username` (`username`),
  UNIQUE KEY `email` (`email`),
  KEY `status` (`status`),
  KEY `superuser` (`superuser`)
) ENGINE=InnoDB AUTO_INCREMENT=3 DEFAULT CHARSET=utf8;

-- ----------------------------
-- Records of tbl_users
-- ----------------------------
INSERT INTO `tbl_users` VALUES ('1', 'admin', '21232f297a57a5a743894a0e4a801fc3', 'phuong.nguyen.itvn@gmail.com', 'c4ca423811353599075_avatar.jpg', '9a24eff8c15a6a141ece27eb6947da0f', '2012-10-06 21:21:58', '2015-01-17 21:11:32', '1', '1');
INSERT INTO `tbl_users` VALUES ('2', 'demo', 'fe01ce2a7fbac8fafaed7c982a04e229', 'demo@example.com', null, '099f825543f7850cc038b90aaff39fac', '2012-10-06 21:21:58', '2012-11-23 21:22:22', '0', '1');

-- ----------------------------
-- Table structure for tbl_user_web
-- ----------------------------
DROP TABLE IF EXISTS `tbl_user_web`;
CREATE TABLE `tbl_user_web` (
  `id` int(11) NOT NULL AUTO_INCREMENT,
  `username` varchar(128) COLLATE utf8_unicode_ci NOT NULL,
  `password` varchar(128) COLLATE utf8_unicode_ci NOT NULL,
  `email` varchar(128) COLLATE utf8_unicode_ci NOT NULL,
  `profile` text COLLATE utf8_unicode_ci,
  PRIMARY KEY (`id`)
) ENGINE=InnoDB AUTO_INCREMENT=2 DEFAULT CHARSET=utf8 COLLATE=utf8_unicode_ci;

-- ----------------------------
-- Records of tbl_user_web
-- ----------------------------
INSERT INTO `tbl_user_web` VALUES ('1', 'demo', '$2a$10$JTJf6/XqC94rrOtzuF397OHa4mbmZrVTBOQCmYD9U.obZRUut4BoC', 'webmaster@example.com', null);

-- ----------------------------
-- Table structure for tbl_widgets
-- ----------------------------
DROP TABLE IF EXISTS `tbl_widgets`;
CREATE TABLE `tbl_widgets` (
  `id` int(11) NOT NULL AUTO_INCREMENT,
  `title` text COLLATE utf8_unicode_ci NOT NULL,
  `show_title` tinyint(1) NOT NULL DEFAULT '0',
  `content` text COLLATE utf8_unicode_ci,
  `widget_name` varchar(255) COLLATE utf8_unicode_ci NOT NULL,
  `ordering` int(11) NOT NULL DEFAULT '0',
  `position` varchar(50) COLLATE utf8_unicode_ci DEFAULT NULL,
  `params` text COLLATE utf8_unicode_ci,
  `timecache` int(11) NOT NULL DEFAULT '0',
  `created` datetime DEFAULT NULL,
  `created_by` int(11) NOT NULL DEFAULT '0',
  `modified` datetime DEFAULT NULL,
  `modified_by` int(11) NOT NULL DEFAULT '0',
  `published` tinyint(1) NOT NULL DEFAULT '0',
  PRIMARY KEY (`id`)
) ENGINE=MyISAM AUTO_INCREMENT=23 DEFAULT CHARSET=utf8 COLLATE=utf8_unicode_ci;

-- ----------------------------
-- Records of tbl_widgets
-- ----------------------------
INSERT INTO `tbl_widgets` VALUES ('17', 'Menu Top', '1', null, 'Menu', '7', '2', 'a:2:{s:10:\"show_title\";s:1:\"1\";s:14:\"cache_duration\";s:4:\"7005\";}', '0', '2012-03-31 00:49:01', '1', '2014-03-12 00:50:24', '1', '0');
INSERT INTO `tbl_widgets` VALUES ('18', 'Nhm sn phm chnh', '1', null, 'customHtml', '0', '3', 'a:1:{s:7:\"content\";s:722:\"<table class=\"boxspc\" rules=\"none\"><tbody><tr><td><a class=\"spc spc1\" href=\"#\"><img src=\"/storage/media/hakuta/widget/HAKUTA_01.jpg\" style=\"width:130px;height:140px\" /></a></td><td><a class=\"spc spc2\" href=\"#\"><img src=\"/storage/media/hakuta/widget/HAKUTA_02.jpg\" style=\"width:130px;height:140px\" /></a></td><td><a class=\"spc spc3\" href=\"#\"><img src=\"/storage/media/hakuta/widget/HAKUTA_07.jpg\" style=\"width:130px;height:140px\" /></a></td><td><a class=\"spc spc4\" href=\"#\"><img src=\"/storage/media/hakuta/widget/HAKUTA_09.jpg\" style=\"width:130px;height:140px\" /></a></td><td><a class=\"spc spc5\" href=\"#\"><img src=\"/storage/media/hakuta/widget/HAKUTA_11.jpg\" style=\"width:130px;height:140px\" /></a></td></tr></tbody></table>\";}', '0', '2012-11-07 20:43:36', '1', '2013-09-15 19:50:16', '1', '1');
INSERT INTO `tbl_widgets` VALUES ('19', 'Banner R1', '1', null, 'customHtml', '0', '2', 'a:1:{s:7:\"content\";s:184:\"<img src=\"/storage/media/banner/tlt1364426442.jpg\" style=\"width:460px;height:110px\" />&nbsp;&nbsp;<img src=\"/storage/media/banner/ptt1363196153.jpg\" style=\"width:460px;height:110px\" />\";}', '0', '2013-04-03 22:15:00', '1', '2014-03-12 00:50:19', '1', '1');
INSERT INTO `tbl_widgets` VALUES ('20', 'Bn chn chng ti', '0', null, 'customHtml', '0', '3', 'a:1:{s:7:\"content\";s:1825:\"<h3>Why Choose SaleFly Inbound Marketing Software ? We\'ll Tell You!</h3><img src=\"http://localhost:8989/themes/salefly/images/portfolio-4.jpg\" alt=\"image description\" style=\"border:0px  #000000;width:300px;height:199px;float:left\" /><p>Lorem ipsum dolor sit amet, consectetuer adipiscing elit, sed diam nonummy nibh euismod tincidunt ut laoreet dolore magna aliquam erat volutpat. Ut wisi enim ad minim veniam, quis nostrud exerci tation ullamcorper suscipit lobortis nisl ut aliquip ex ea commodo consequat. Duis autem vel eum iriure dolor in hendrerit in vulputate velit esse molestie consequat, vel illum dolore eu feugiat nulla facilisis at vero eros et accumsan et iusto odio dignissim qui blandit praesent luptatum zzril delenit augue duis dolore te feugait nulla facilisi. Nam liber tempor cum soluta nobis eleifend option congue nihil imperdiet doming id quod mazim placerat facer possim assum. Typi non habent claritatem insitam; est usus legentis in iis qui facit eorum claritatem. Investigationes demonstraverunt lectores legere me lius quod ii legunt saepius. Claritas est etiam processus dynamicus, qui sequitur mutationem consuetudium lectorum.</p><p>Lorem ipsum dolor sit amet, consectetuer adipiscing elit, sed diam nonummy nibh euismod tincidunt ut laoreet dolore magna aliquam erat volutpat. Ut wisi enim ad minim veniam, quis nostrud exerci tation ullamcorper.</p><p>Lorem ipsum dolor sit amet, consectetuer adipiscing elit, sed diam nonummy nibh euismod tincidunt ut laoreet dolore magna aliquam erat volutpat. Ut wisi enim ad minim veniam, quis nostrud exerci tation ullamcorper.</p><p>Lorem ipsum dolor sit amet, consectetuer adipiscing elit, sed diam nonummy nibh euismod tincidunt ut laoreet dolore magna aliquam erat volutpat. Ut wisi enim ad minim veniam, quis nostrud exerci tation ullamcorper.</p>\";}', '0', '2013-06-02 23:34:03', '1', '2014-07-05 22:27:11', '1', '1');
INSERT INTO `tbl_widgets` VALUES ('21', 'Tnh nng chnh', '0', null, 'TabWidget', '0', '2', 'a:4:{i:1;a:3:{s:5:\"title\";s:20:\"Qun l bn l\";s:11:\"description\";s:20:\"Qun l bn l\";s:8:\"position\";s:1:\"1\";}i:2;a:3:{s:5:\"title\";s:21:\"Qun l bn bun\";s:11:\"description\";s:21:\"Qun l bn bun\";s:8:\"position\";s:1:\"2\";}i:3;a:3:{s:5:\"title\";s:28:\"Chnh sch gi hng bn\";s:11:\"description\";s:28:\"Chnh sch gi hng bn\";s:8:\"position\";s:1:\"3\";}i:4;a:3:{s:5:\"title\";s:20:\"Qun l mua hng\";s:11:\"description\";s:20:\"Qun l mua hng\";s:8:\"position\";s:1:\"4\";}}', '0', '2014-07-05 22:05:55', '1', '2014-07-05 22:17:37', '1', '1');
INSERT INTO `tbl_widgets` VALUES ('22', 'Well being of our clients first!', '0', null, 'customHtml', '0', '2', 'a:1:{s:7:\"content\";s:657:\"<img src=\"http://localhost:8989/themes/salefly/images/portfolio-1.jpg\" alt=\"image description\" style=\"border:0px  #000000;width:300px;height:199px;float:left\" /><h3>Well being of our clients first!</h3><h6>Lorem ipsum dolor sit amet, crossover corectetuer et adipiscing elit, sed diam nonummy nibh euismod tincidu ...</h6><p>Lorem ipsum dolor sit amet, consectetuer adipiscing elit, sed diam nonummy nibh euismod tincidunt ut laoreet dolore magna aliquam. Lorem ipsum dolor sit amet, consectetuer adipiscing elit, sed diam nonummy nibh euismod tincidunt ut laoreet dolore magna aliquam. Nam liber tempor cum soluta nobis eleifend option congue nihil ...</p>\";}', '0', '2014-07-05 22:50:57', '1', '2014-07-05 22:50:57', '1', '1');

-- ----------------------------
-- Table structure for tbl_widgets_position
-- ----------------------------
DROP TABLE IF EXISTS `tbl_widgets_position`;
CREATE TABLE `tbl_widgets_position` (
  `id` int(11) NOT NULL AUTO_INCREMENT,
  `name` varchar(255) COLLATE utf8_unicode_ci NOT NULL,
  `description` text COLLATE utf8_unicode_ci,
  `options` text COLLATE utf8_unicode_ci,
  `published` tinyint(1) NOT NULL DEFAULT '0',
  PRIMARY KEY (`id`)
) ENGINE=InnoDB AUTO_INCREMENT=4 DEFAULT CHARSET=utf8 COLLATE=utf8_unicode_ci;

-- ----------------------------
-- Records of tbl_widgets_position
-- ----------------------------
INSERT INTO `tbl_widgets_position` VALUES ('2', 'pos-right-1', 'Show on sidebar right', null, '1');
INSERT INTO `tbl_widgets_position` VALUES ('3', 'home_right_bottom', null, null, '1');
